J, B, T, O, m, chi, E0, E1, E2, E3, E4, E5, p0, p1, p2, p3, p4, p5 
0.1, 0.0, 0.0, 4.000466229239774e-06, 0.0, 4.961631557938765e-13, -3.9999999999956013, 3.422549202840722e-12, 4.864934761125003e-12, 4.911850296623124e-12, 2.000000000004914, 2.000000000006817, 1.0, 0.0, 0.0, 0.0, 0.0, 0.0
0.1, 0.3125, 0.0, 1.1365338941664012e-05, 1.5505098618558642e-13, 1.239793119912671e-15, -3.9999999999553966, -0.31249999995507494, 4.646924650088676e-11, 0.3125000000421045, 2.0000000000526184, 2.000000000066768, 1.0, 0.0, 0.0, 0.0, 0.0, 0.0
0.1, 0.625, 0.0, 8.54522355241539e-07, 7.748706999454194e-16, -2.471311462664735e-13, -3.9999999999997167, -0.6249999999996951, 2.478725697930463e-13, 0.6250000000002905, 2.0000000000003406, 2.0000000000004166, 1.0, 0.0, 0.0, 0.0, 0.0, 0.0
0.1, 0.9375, 0.0, 5.6525024179297756e-08, 5.940197690404836e-16, 4.861499238501124e-16, -3.999999999999952, -0.9374999999999499, 5.103132487930345e-14, 0.9375000000000382, 2.000000000000057, 2.0000000000000773, 1.0, 0.0, 0.0, 0.0, 0.0, 0.0
0.1, 1.25, 0.0, 4.281380412541171e-07, 1.0787144023517396e-15, 1.7127976680456366e-14, -3.9999999999999503, -1.2499999999999423, 5.808445724461769e-14, 1.2500000000000309, 2.00000000000006, 2.000000000000095, 1.0, 0.0, 0.0, 0.0, 0.0, 0.0
0.1, 1.5625, 0.0, -3.7205031899801465e-07, 1.1299005194325713e-14, 1.834633980966796e-15, -3.999999999999262, -1.5624999999991835, 7.05447810195035e-13, 1.562500000000466, 2.000000000000952, 2.0000000000012994, 1.0, 0.0, 0.0, 0.0, 0.0, 0.0
0.1, 1.875, 0.0, 4.292252980193142e-07, 2.225360640455987e-15, 1.921414389939126e-13, -3.999999999999904, -1.874999999999895, 9.010242545687841e-14, 1.8749999999999207, 2.0000000000001186, 2.000000000000299, 1.0, 0.0, 0.0, 0.0, 0.0, 0.0
0.1, 2.1875, 0.0, -1.185126395824291e-06, 1.3138740456552108e-13, 2.5469450441412073e-14, -3.999999999997128, -2.1874999999966653, 3.0185774387967074e-12, 1.9999999999984803, 2.000000000003685, 2.187500000008413, 1.0, 0.0, 0.0, 0.0, 0.0, 0.0
0.1, 2.5, 0.0, -4.756531821753648e-07, 1.814376716633853e-14, -1.5748036656075992e-13, -3.999999999999048, -2.499999999998915, 8.168694384740362e-13, 2.000000000000945, 2.000000000001395, 2.5000000000012546, 1.0, 0.0, 0.0, 0.0, 0.0, 0.0
0.1, 2.8125, 0.0, -3.042134888594193e-08, 3.2962175465046124e-14, 1.1456204645823805e-12, -3.999999999998883, -2.8124999999987135, 9.5876871052724e-13, 2.0000000000011897, 2.000000000001657, 2.8125000000013896, 1.0, 0.0, 0.0, 0.0, 0.0, 0.0
0.1, 3.125, 0.0, -2.415932431295339e-07, 7.341565575303264e-13, 1.896720414338002e-12, -3.999999999988058, -3.124999999985802, 1.0494509703907168e-11, 2.000000000013151, 2.0000000000179643, 3.1250000000148623, 1.0, 0.0, 0.0, 0.0, 0.0, 0.0
0.1, 3.4375, 0.0, -1.3216090529135487e-06, 1.2184124344262975e-12, 1.0362905589026466e-08, -3.9999999999968745, -3.4374999999953726, 3.4376927353908595e-12, 2.000000000003716, 2.000000000004906, 3.437500000004672, 1.0, 0.0, 0.0, 0.0, 0.0, 0.0
0.1, 3.75, 0.0, 8.203349866687908e-05, 6.4775501496990716e-09, 1.0442304254287111, -3.9999999996469913, -3.7499999964935156, 2.026367374893294e-09, 2.0000000017019564, 2.0000000020286137, 3.7500000025418325, 1.0, 0.0, 0.0, 0.0, 0.0, 0.0
0.1, 4.0625, 0.0, 0.40990172967843447, 0.6526440158941629, 1.5999999895977375, -4.088605899432731, -3.877657085181038, 0.05040585480402327, 2.0439931671792326, 2.0504058627277124, 4.123893228735714, 1.0, 0.0, 0.0, 0.0, 0.0, 0.0
0.1, 4.375, 0.0, -4.0049149398828943e-07, 0.9999999999761361, 0.5557695745670432, -4.374999999976208, -3.9999999999594915, 2.8609119730999528e-11, 2.0000000000323315, 2.0000000000401923, 4.375000000036941, 1.0, 0.0, 0.0, 0.0, 0.0, 0.0
0.1, 4.6875, 0.0, 2.0472965080010278e-07, 0.9999999999985649, 3.817390847871138e-11, -4.687499999989657, -3.9999999999884204, 9.05353643888251e-12, 2.0000000000112856, 2.0000000000147162, 4.687500000012077, 1.0, 0.0, 0.0, 0.0, 0.0, 0.0
0.1, 5.0, 0.0, 2.8627558042739615e-07, 0.9999999999999948, 4.5755399469271655e-12, -4.999999999999706, -3.99999999999972, 2.1890718865126544e-13, 2.0000000000003015, 2.000000000000413, 5.0000000000003, 1.0, 0.0, 0.0, 0.0, 0.0, 0.0
0.22666666666666666, 0.0, 0.0, -2.291122713638915e-07, 0.0, 1.7737814894707604e-12, -3.9999999999912332, 3.642346214949963e-12, 1.0983844229365325e-11, 1.1670055220459435e-11, 2.0000000000127702, 2.0000000000201767, 1.0, 0.0, 0.0, 0.0, 0.0, 0.0
0.22666666666666666, 0.3125, 0.0, 3.255787388248971e-07, 5.543067154596127e-13, 3.759314857614829e-14, -3.9999999999522053, -0.3124999999547293, 6.186511790530413e-11, 0.3125000000351886, 2.000000000062442, 2.0000000001189244, 1.0, 0.0, 0.0, 0.0, 0.0, 0.0
0.22666666666666666, 0.625, 0.0, 1.3620632296462654e-06, 2.349571786009268e-14, -7.570141793614471e-13, -3.999999999998958, -0.6249999999989126, 1.292052082501162e-12, 0.6250000000006453, 2.0000000000014153, 2.0000000000026437, 1.0, 0.0, 0.0, 0.0, 0.0, 0.0
0.22666666666666666, 0.9375, 0.0, 1.9893425022437134e-06, 8.117285335870819e-14, 1.1277448702771491e-13, -3.99999999999764, -0.93749999999734, 2.8476222703663685e-12, 0.93750000000102, 2.0000000000033706, 2.0000000000063345, 1.0, 0.0, 0.0, 0.0, 0.0, 0.0
0.22666666666666666, 1.25, 0.0, 1.7736844031552407e-06, 9.39797722524145e-14, -1.256145272218727e-13, -3.9999999999983724, -1.249999999998077, 2.162451857273844e-12, 1.2499999999997427, 2.0000000000021867, 2.0000000000053704, 1.0, 0.0, 0.0, 0.0, 0.0, 0.0
0.22666666666666666, 1.5625, 0.0, 2.9949065371997814e-07, 2.6637738450377565e-15, 3.196468857177368e-14, -3.999999999999921, -1.5624999999998992, 6.276787661156285e-14, 1.5625000000000189, 2.0000000000001465, 2.000000000000217, 1.0, 0.0, 0.0, 0.0, 0.0, 0.0
0.22666666666666666, 1.875, 0.0, 1.3796515490084593e-06, 1.1395770260977304e-13, 6.819444141925482e-12, -3.9999999999990656, -1.874999999998703, 1.3120631803087016e-12, 1.8749999999919542, 2.000000000001343, 2.0000000000110982, 1.0, 0.0, 0.0, 0.0, 0.0, 0.0
0.22666666666666666, 2.1875, 0.0, 7.0192554283999295e-06, 4.264816362548464e-12, -1.7134085384199875e-13, -3.99999999996788, -2.1874999999531006, 3.7633059882993104e-11, 1.9999999998919877, 2.00000000005423, 2.187500000211712, 1.0, 0.0, 0.0, 0.0, 0.0, 0.0
0.22666666666666666, 2.5, 0.0, 1.5003425964440754e-07, 6.869668958523832e-15, -6.81896647072989e-12, -3.9999999999999614, -2.4999999999999454, 4.078528243395031e-14, 1.9999999999999958, 2.0000000000000626, 2.5000000000001217, 1.0, 0.0, 0.0, 0.0, 0.0, 0.0
0.22666666666666666, 2.8125, 0.0, 1.2494812819320097e-07, 2.9623183422820988e-15, 8.521125580998141e-13, -3.9999999999999867, -2.8124999999999765, 1.2768785312888231e-14, 2.0000000000000124, 2.0000000000000298, 2.8125000000000324, 1.0, 0.0, 0.0, 0.0, 0.0, 0.0
0.22666666666666666, 3.125, 0.0, 1.8881500442981865e-06, 5.394400177709076e-13, 3.9250410842212827e-10, -3.999999999997741, -3.124999999996337, 1.7008963722997433e-12, 2.000000000002886, 2.000000000005431, 3.1250000000041536, 1.0, 0.0, 0.0, 0.0, 0.0, 0.0
0.22666666666666666, 3.4375, 0.0, -8.018641798648898e-07, 2.4531803008217243e-10, 0.4107401367517977, -3.9999999999767417, -3.4374999997172844, 1.7234594925594383e-10, 2.0000000000755223, 2.00000000019026, 3.4375000002917533, 1.0, 0.0, 0.0, 0.0, 0.0, 0.0
0.22666666666666666, 3.75, 0.0, 0.3903099832522897, 0.25671258547041303, 0.9146839619402403, -4.030296708502103, -3.534877033349658, 0.10359248058855601, 2.0675515862174345, 2.1035924807326816, 3.911992078041981, 1.0, 0.0, 0.0, 0.0, 0.0, 0.0
0.22666666666666666, 4.0625, 0.0, 0.45383015046990643, 0.5716774764579682, 0.9716927717286155, -4.160461177187621, -3.6506945998028573, 0.14005402786909746, 2.1008466278031688, 2.140054027968619, 4.270525260565697, 1.0, 0.0, 0.0, 0.0, 0.0, 0.0
0.22666666666666666, 4.375, 0.0, 0.320482073604708, 0.8640205678007977, 0.6853160375820501, -4.385258686075385, -3.863758609015072, 0.06984195781177124, 2.0533450276766683, 2.0698419587345636, 4.475040097754147, 1.0, 0.0, 0.0, 0.0, 0.0, 0.0
0.22666666666666666, 4.6875, 0.0, 2.6377588389060004e-06, 0.9999999999467495, 0.21756709151856235, -4.687499999984122, -3.9999999999089577, 5.588546360905807e-11, 2.000000000045851, 2.000000000065673, 4.687500000080279, 1.0, 0.0, 0.0, 0.0, 0.0, 0.0
0.22666666666666666, 5.0, 0.0, 5.572169890928105e-07, 0.9999999999998992, 1.7007906194521638e-10, -4.999999999999907, -3.9999999999996994, 2.1312467075908812e-13, 2.0000000000001776, 2.0000000000002154, 5.000000000000303, 1.0, 0.0, 0.0, 0.0, 0.0, 0.0
0.3533333333333333, 0.0, 0.0, 2.999545034448517e-06, 0.0, 4.235624590082438e-15, -3.9999999999937486, -5.795339862471609e-13, 9.608876849774129e-12, 9.724016834907524e-12, 2.0000000000098024, 2.0000000000231917, 1.0, 0.0, 0.0, 0.0, 0.0, 0.0
0.3533333333333333, 0.3125, 0.0, 2.3924115151422004e-06, 1.323632684400762e-15, 2.101872603984752e-15, -3.9999999999960103, -0.31249999999387806, -2.692844439147169e-13, 0.3125000000060977, 2.0000000000062643, 2.000000000014771, 1.0, 0.0, 0.0, 0.0, 0.0, 0.0
0.3533333333333333, 0.625, 0.0, 4.3068422313035076e-08, 1.31367037749047e-15, 9.065210737870404e-16, -3.9999999999999702, -0.6249999999999671, 4.528433433951787e-14, 0.6250000000000078, 2.0000000000000604, 2.0000000000001097, 1.0, 0.0, 0.0, 0.0, 0.0, 0.0
0.3533333333333333, 0.9375, 0.0, 1.794775347087156e-07, 1.8902083555176623e-15, 2.7835177511469595e-15, -3.9999999999999707, -0.9374999999999677, 4.068603137804546e-14, 0.937499999999995, 2.0000000000000515, 2.0000000000001106, 1.0, 0.0, 0.0, 0.0, 0.0, 0.0
0.3533333333333333, 1.25, 0.0, 8.315608081136718e-10, 3.0533689719573196e-15, 5.193868815889514e-15, -3.999999999999906, -1.2499999999998697, 3.923497409961138e-14, 1.2500000000000588, 2.0000000000001963, 2.0000000000003166, 1.0, 0.0, 0.0, 0.0, 0.0, 0.0
0.3533333333333333, 1.5625, 0.0, -1.1263215149476702e-07, 5.1363763654486085e-15, -3.4045789540286795e-15, -3.9999999999999383, -1.56249999999991, 5.0985838829584616e-14, 1.5624999999999307, 2.0000000000001448, 2.0000000000002953, 1.0, 0.0, 0.0, 0.0, 0.0, 0.0
0.3533333333333333, 1.875, 0.0, -4.507366980317177e-08, 9.255071256893953e-16, 1.4185586360427236e-14, -3.9999999999999947, -1.8749999999999916, 6.7474303168520435e-15, 1.8749999999999327, 2.0000000000000133, 2.000000000000088, 1.0, 0.0, 0.0, 0.0, 0.0, 0.0
0.3533333333333333, 2.1875, 0.0, 2.4948683282575166e-07, 1.4002367840715631e-14, 6.440711292122635e-14, -3.9999999999999645, -2.187499999999924, 7.117815811186445e-14, 1.9999999999995555, 2.0000000000000786, 2.1875000000006195, 1.0, 0.0, 0.0, 0.0, 0.0, 0.0
0.3533333333333333, 2.5, 0.0, 4.5995597253376607e-07, 4.1179952701455865e-14, 1.8557002574991374e-12, -3.9999999999997935, -2.4999999999996168, 1.2503558351519063e-13, 2.0000000000000484, 2.0000000000006466, 2.500000000000772, 1.0, 0.0, 0.0, 0.0, 0.0, 0.0
0.3533333333333333, 2.8125, 0.0, 3.6079524288360696e-06, 1.1738150287776764e-12, 1.0655193448989567e-09, -3.9999999999903486, -2.812499999983058, 1.587827068488727e-12, 2.000000000013477, 2.0000000000349583, 2.812500000020666, 1.0, 0.0, 0.0, 0.0, 0.0, 0.0
0.3533333333333333, 3.125, 0.0, 6.094794069618097e-06, 6.659907705145494e-10, 0.2586554298044163, -3.999999999906257, -3.1249999988383865, 7.302416822927152e-10, 2.0000000000562936, 2.0000000008249765, 3.125000001765011, 1.0, 0.0, 0.0, 0.0, 0.0, 0.0
0.3533333333333333, 3.4375, 0.0, 0.3447529273168737, 0.161659643628934, 0.5846814903888619, -4.0182029326887365, -3.211896055718354, 0.12598585600049828, 2.0427437636194212, 2.1259858562691525, 3.6912986485213684, 1.0, 0.0, 0.0, 0.0, 0.0, 0.0
0.3533333333333333, 3.75, 0.0, 0.46374587804513484, 0.3654259321590294, 0.6236683598210698, -4.101152529052106, -3.2693243344795477, 0.2279638539185188, 2.1134587306503363, 2.227963854102708, 4.168873548443233, 1.0, 0.0, 0.0, 0.0, 0.0, 0.0
0.3533333333333333, 4.0625, 0.0, 0.48827155938719063, 0.5514523685171027, 0.577775231717245, -4.24476821256345, -3.3929241516172377, 0.2527136626488079, 2.148721231017232, 2.252713662649083, 4.499825783759127, 1.0, 0.0, 0.0, 0.0, 0.0, 0.0
0.3533333333333333, 4.375, 0.0, 0.4436593243926795, 0.7265354519823075, 0.5487721712055565, -4.444680122798626, -3.5766271867316886, 0.20864361203051965, 2.135443055676608, 2.2086436121819983, 4.720438701824892, 1.0, 0.0, 0.0, 0.0, 0.0, 0.0
0.3533333333333333, 4.6875, 0.0, 0.3089409024834677, 0.8944349755205755, 0.4375432745987588, -4.69810888863685, -3.8166043404694583, 0.1011711517917656, 2.070135560805827, 2.1011711535914204, 4.8492622736893605, 1.0, 0.0, 0.0, 0.0, 0.0, 0.0
0.3533333333333333, 5.0, 0.0, 1.941334462740715e-05, 0.9999999986065318, 0.33780807387506007, -4.999999999826527, -3.999999996915214, 1.8945450592862206e-09, 2.0000000011546777, 2.0000000021252724, 5.000000002936121, 1.0, 0.0, 0.0, 0.0, 0.0, 0.0
0.48, 0.0, 0.0, -2.474722726349905e-07, 0.0, 2.4330596337147113e-18, -3.9999999999988662, -9.153020410032857e-13, 1.786651266162702e-12, 2.5331231454988993e-12, 2.0000000000026183, 2.000000000005936, 1.0, 0.0, 0.0, 0.0, 0.0, 0.0
0.48, 0.3125, 0.0, 1.5649121711102052e-08, 7.603311355358473e-19, 1.4248332762006496e-14, -4.000000000000003, -0.3124999999999996, 4.9149055190959546e-17, 0.3125000000000005, 1.9999999999999993, 2.0000000000000013, 1.0, 0.0, 0.0, 0.0, 0.0, 0.0
0.48, 0.625, 0.0, 1.9847293202689045e-06, 8.90520797625406e-15, 1.308019757945599e-14, -3.999999999996933, -0.6249999999942025, -2.269811063723591e-12, 0.6250000000056295, 2.0000000000062568, 2.00000000001691, 1.0, 0.0, 0.0, 0.0, 0.0, 0.0
0.48, 0.9375, 0.0, -6.204712602427475e-08, 8.17588381829553e-15, 3.947837064469303e-15, -3.9999999999999316, -0.9374999999999083, 1.2748826809885733e-13, 0.9374999999999258, 2.0000000000001763, 2.000000000000423, 1.0, 0.0, 0.0, 0.0, 0.0, 0.0
0.48, 1.25, 0.0, 2.563774792967681e-07, 1.1372606141547375e-14, -6.434589185861213e-16, -3.9999999999998694, -1.249999999999764, 6.143160701097368e-14, 1.24999999999997, 2.000000000000462, 2.000000000000726, 1.0, 0.0, 0.0, 0.0, 0.0, 0.0
0.48, 1.5625, 0.0, 2.1611776788120745e-07, 7.773721994179204e-15, 1.7061652871375997e-14, -3.9999999999999414, -1.5624999999998817, 2.970442663083671e-14, 1.5624999999998763, 2.000000000000233, 2.000000000000445, 1.0, 0.0, 0.0, 0.0, 0.0, 0.0
0.48, 1.875, 0.0, 2.352122675440099e-07, 2.2036139186157373e-14, 1.1988096458917177e-11, -3.999999999999945, -1.8749999999998688, 1.1172728332807767e-13, 1.8749999999983267, 2.000000000000201, 2.0000000000019984, 1.0, 0.0, 0.0, 0.0, 0.0, 0.0
0.48, 2.1875, 0.0, 2.4853824056049446e-06, 7.500334008817415e-12, 1.2561832149791915e-13, -3.999999999990842, -2.187499999969338, 2.7815088478487998e-11, 1.9999999997458577, 2.0000000000379927, 2.187500000320515, 1.0, 0.0, 0.0, 0.0, 0.0, 0.0
0.48, 2.5, 0.0, 2.8275214090958635e-06, 1.0054759012235685e-13, 1.2066439341154754e-09, -3.999999999993959, -2.4999999999881872, -4.816507998690094e-12, 2.0000000000111173, 2.0000000000336615, 2.5000000000127542, 1.0, 0.0, 0.0, 0.0, 0.0, 0.0
0.48, 2.8125, 0.0, -5.806997976964003e-07, 7.616527928309896e-10, 0.2153242047991563, -3.9999999999412905, -2.8124999983731938, 1.1536475675334737e-09, 1.9999999985356636, 2.0000000015076442, 2.812500004043606, 1.0, 0.0, 0.0, 0.0, 0.0, 0.0
0.48, 3.125, 0.0, 0.34005719380911015, 0.13457762799957323, 0.4537816744594047, -4.016670066064593, -2.859567163503486, 0.16652000889527457, 1.9885370751235074, 2.16652000890572, 3.5537801900162496, 1.0, 0.0, 0.0, 0.0, 0.0, 0.0
0.48, 3.4375, 0.0, 0.4622118711589738, 0.28361354729878074, 0.4521512913360037, -4.082554176896848, -2.886411534241401, 0.3076413321511693, 2.072844060812112, 2.3076413325757152, 4.126686978767092, 1.0, 0.0, 0.0, 0.0, 0.0, 0.0
0.48, 3.75, 0.0, 0.5146266695681831, 0.41717218508457554, 0.41348062993774715, -4.1923426380345425, -2.9673859475296003, 0.38137047700434, 2.1493860879688067, 2.3813704770051167, 4.535824405614084, 1.0, 0.0, 0.0, 0.0, 0.0, 0.0
0.48, 4.0625, 0.0, 0.5259044246289304, 0.5420389410098727, 0.3910665088815758, -4.342391806128232, -3.0951092715030897, 0.3982686679490289, 2.1949282786782476, 2.3982686679821104, 4.835647470750507, 1.0, 0.0, 0.0, 0.0, 0.0, 0.0
0.48, 4.375, 0.0, 0.5031708745463387, 0.6615887531355604, 0.3770390619764742, -4.530567900657002, -3.265378460813959, 0.3645805380983336, 2.2034728341200203, 2.3645805386188687, 5.050795679263531, 1.0, 0.0, 0.0, 0.0, 0.0, 0.0
0.48, 4.6875, 0.0, 0.4443303445432121, 0.7776883547451691, 0.3677886257953066, -4.755527865256573, -3.4756134033686354, 0.28429841537674155, 2.1733025948916103, 2.2842984154617305, 5.195032335156294, 1.0, 0.0, 0.0, 0.0, 0.0, 0.0
0.48, 5.0, 0.0, 0.3334657501672757, 0.891456644257627, 0.3640585264398656, -5.016381981950489, -3.724138134747563, 0.1601271454928721, 2.1040664956533814, 2.16012714561491, 5.276962202900274, 1.0, 0.0, 0.0, 0.0, 0.0, 0.0
0.6066666666666666, 0.0, 0.0, -2.0160196250831975e-07, 0.0, 3.273941123499257e-12, -3.9999999999990137, -2.013638863414663e-12, 2.0402526747610117e-12, 2.9347645858559306e-12, 2.0000000000030553, 2.0000000000080527, 1.0, 0.0, 0.0, 0.0, 0.0, 0.0
0.6066666666666666, 0.3125, 0.0, 4.15806410164361e-06, 1.0231066010935178e-12, 3.6682582632669226e-14, -3.9999999999816627, -0.31249999998370315, 3.906475081240526e-11, 0.31249999999768796, 2.0000000000742544, 2.0000000001364624, 1.0, 0.0, 0.0, 0.0, 0.0, 0.0
0.6066666666666666, 0.625, 0.0, -2.8904983776227624e-07, 2.2926614145418266e-14, -1.6286678769804888e-12, -3.999999999999494, -0.6249999999989638, -2.2499915144891404e-13, 0.6250000000006044, 2.000000000002185, 2.000000000003673, 1.0, 0.0, 0.0, 0.0, 0.0, 0.0
0.6066666666666666, 0.9375, 0.0, 1.1519989729186176e-06, 5.1891779807122554e-15, 1.8387387318339982e-14, -3.9999999999990266, -0.9374999999975475, -1.915379077506425e-12, 0.9375000000023475, 2.0000000000026303, 2.000000000008393, 1.0, 0.0, 0.0, 0.0, 0.0, 0.0
0.6066666666666666, 1.25, 0.0, 3.512510383341604e-07, 3.4418731219380755e-14, 6.725775815534038e-14, -3.99999999999989, -1.2499999999997449, 2.5464879447825174e-13, 1.2499999999994564, 2.00000000000055, 2.0000000000014446, 1.0, 0.0, 0.0, 0.0, 0.0, 0.0
0.6066666666666666, 1.5625, 0.0, -1.2727198485759677e-07, 4.722527682779999e-14, -5.088863280673814e-14, -3.9999999999998344, -1.5624999999995577, 1.146643405867999e-13, 1.5624999999989704, 2.0000000000008997, 2.0000000000023794, 1.0, 0.0, 0.0, 0.0, 0.0, 0.0
0.6066666666666666, 1.875, 0.0, 4.3314826764434304e-07, 2.6133357151694165e-15, 1.9589712799017245e-12, -3.9999999999998614, -1.8749999999996467, -2.6876331833978835e-13, 1.8750000000001368, 2.000000000000509, 2.000000000001249, 1.0, 0.0, 0.0, 0.0, 0.0, 0.0
0.6066666666666666, 2.1875, 0.0, 7.809431751170168e-09, 1.2715823267663778e-12, 3.5527775041735566e-09, -3.999999999999492, -2.187499999995895, 3.766004813397067e-12, 1.999999999957165, 2.0000000000038103, 2.187500000053245, 1.0, 0.0, 0.0, 0.0, 0.0, 0.0
0.6066666666666666, 2.5, 0.0, 4.8827252076630835e-05, 2.220488553444188e-09, 0.223029404745769, -3.9999999999801226, -2.4999999944766236, 4.348135858917434e-09, 1.9999999855698667, 2.0000000043717634, 2.5000000262710693, 1.0, 0.0, 0.0, 0.0, 0.0, 0.0
0.6066666666666666, 2.8125, 0.0, 0.3765144658588307, 0.13939337796737722, 0.40290256852529255, -4.022376742074124, -2.4477633638725713, 0.25800892029067707, 1.884158896144722, 2.258008920388275, 3.618016890962717, 1.0, 0.0, 0.0, 0.0, 0.0, 0.0
0.6066666666666666, 3.125, 0.0, 0.4838409561705892, 0.2518141075487964, 0.33919966472036717, -4.083981620384998, -2.45763602544076, 0.42606576897889137, 1.997720610335157, 2.426065768991263, 4.2481601114239735, 1.0, 0.0, 0.0, 0.0, 0.0, 0.0
0.6066666666666666, 3.4375, 0.0, 0.538821846913176, 0.3513931684176067, 0.3084335773038778, -4.178456161784315, -2.5169317186801425, 0.5283987485314819, 2.109508972527857, 2.528398748585106, 4.69947390213231, 1.0, 0.0, 0.0, 0.0, 0.0, 0.0
0.6066666666666666, 3.75, 0.0, 0.5642638539636264, 0.44458509336372004, 0.2925200251017797, -4.302947500447598, -2.6157268060477903, 0.5794765283474735, 2.1959659985165847, 2.5794765283625285, 5.040614421355147, 1.0, 0.0, 0.0, 0.0, 0.0, 0.0
0.6066666666666666, 4.0625, 0.0, 0.5678900088422235, 0.534218184106219, 0.2834192261966531, -4.455955408081336, -2.749051370980156, 0.5869482930930268, 2.2518009994713344, 2.5869482931893635, 5.300998952097641, 1.0, 0.0, 0.0, 0.0, 0.0, 0.0
0.6066666666666666, 4.375, 0.0, 0.5523894194581835, 0.6217221097366282, 0.2778785087691521, -4.636614140152775, -2.91412871203771, 0.5553440087362054, 2.275770995551924, 2.5553440087531625, 5.496347891568466, 1.0, 0.0, 0.0, 0.0, 0.0, 0.0
0.6066666666666666, 4.6875, 0.0, 0.5175929469599229, 0.7078922520869391, 0.2743690849513552, -4.844393889426917, -3.109260769648008, 0.4875824749112127, 2.2678026415024237, 2.4875824749159348, 5.636181917224324, 1.0, 0.0, 0.0, 0.0, 0.0, 0.0
0.6066666666666666, 5.0, 0.0, 0.4603182956176561, 0.7932027878312252, 0.2729937143817157, -5.078957801501032, -3.33336469492987, 0.3856451386496676, 2.2281763123933014, 2.385645138794966, 5.726726738492491, 1.0, 0.0, 0.0, 0.0, 0.0, 0.0
0.7333333333333333, 0.0, 0.0, 3.495951435561361e-06, 0.0, 5.345579868438289e-12, -3.9999999999875824, -4.8607342227309605e-11, 1.6362910905048764e-11, 6.950124971560783e-11, 2.000000000085233, 2.000000000144516, 1.0, 0.0, 0.0, 0.0, 0.0, 0.0
0.7333333333333333, 0.3125, 0.0, 6.2640542175783974e-06, 1.6704937088869652e-12, 1.029622362856456e-12, -3.9999999999618794, -0.3124999999062292, -4.598328439053706e-11, 0.312500000063387, 2.000000000245145, 2.000000000469138, 1.0, 0.0, 0.0, 0.0, 0.0, 0.0
0.7333333333333333, 0.625, 0.0, 6.77476078042977e-06, 6.43513976785285e-13, -2.665327237764392e-12, -3.999999999970419, -0.6249999998956349, -1.1047881063804414e-10, 0.6250000000922488, 2.000000000137256, 2.0000000004170175, 1.0, 0.0, 0.0, 0.0, 0.0, 0.0
0.7333333333333333, 0.9375, 0.0, -5.7537432586406124e-08, 4.6641852842201556e-15, 2.6466634013149893e-12, -3.9999999999999867, -0.93749999999997, 3.9789043869021664e-14, 0.9374999999999363, 2.0000000000000906, 2.0000000000002234, 1.0, 0.0, 0.0, 0.0, 0.0, 0.0
0.7333333333333333, 1.25, 0.0, 1.0591289937343771e-06, 2.2976786026071533e-12, 7.89339143056049e-13, -3.999999999996282, -1.249999999987232, 1.3365744994244486e-11, 1.2499999999595013, 2.000000000034083, 2.0000000000893365, 1.0, 0.0, 0.0, 0.0, 0.0, 0.0
0.7333333333333333, 1.5625, 0.0, -1.6135341215785967e-07, 4.980011496942508e-13, 1.5890861202784112e-09, -3.999999999999649, -1.562499999997998, 2.4280579293002645e-12, 1.562499999986473, 2.00000000000401, 2.00000000002006, 1.0, 0.0, 0.0, 0.0, 0.0, 0.0
0.7333333333333333, 1.875, 0.0, 6.492351391663845e-06, 9.954765037766141e-10, 0.09835481914305962, -3.9999999997631437, -1.8749999966165602, 3.4149629853629047e-09, 1.8749999217502222, 2.000000004791968, 2.0000000881363733, 1.0, 0.0, 0.0, 0.0, 0.0, 0.0
0.7333333333333333, 2.1875, 0.0, 0.2848966303348989, 0.06147176196491026, 0.26346518300280297, -4.0040007275745975, -1.9914951479046406, 0.17856539789491577, 1.634683667759447, 2.1785653980988458, 3.0750737996952044, 1.0, 0.0, 0.0, 0.0, 0.0, 0.0
0.7333333333333333, 2.5, 0.0, 0.4581003548263846, 0.16466574037222836, 0.2937845150940664, -4.040404684596641, -1.928636377686538, 0.4616830572024228, 1.7513018497278263, 2.4616830572031816, 4.064471441366152, 1.0, 0.0, 0.0, 0.0, 0.0, 0.0
0.7333333333333333, 2.8125, 0.0, 0.5366488057004308, 0.24508708389870174, 0.24561521620225246, -4.104720513147278, -1.9429854976180356, 0.6335822694511741, 1.920393371765854, 2.63358226945246, 4.661641716805949, 1.0, 0.0, 0.0, 0.0, 0.0, 0.0
0.7333333333333333, 3.125, 0.0, 0.5812256981005548, 0.31817525049863615, 0.22885421407776127, -4.192846666815777, -2.00033827454242, 0.7432112867302006, 2.0679134683800946, 2.743211286815486, 5.098116619813682, 1.0, 0.0, 0.0, 0.0, 0.0, 0.0
0.7333333333333333, 3.4375, 0.0, 0.6058313182604435, 0.38812096769730253, 0.2214130434173251, -4.303259612353948, -2.089927041751983, 0.807469489607102, 2.186566138830961, 2.807469489608587, 5.436498473705951, 1.0, 0.0, 0.0, 0.0, 0.0, 0.0
0.7333333333333333, 3.75, 0.0, 0.615852200596521, 0.45655840263446434, 0.21779521016975067, -4.435267725275997, -2.2069970607073603, 0.8344026525535604, 2.2758569341516055, 2.8344026525687136, 5.704018462065486, 1.0, 0.0, 0.0, 0.0, 0.0, 0.0
0.7333333333333333, 4.0625, 0.0, 0.6136528612148043, 0.5242429740533967, 0.21600789937344533, -4.5885313423631136, -2.3491481421525933, 0.8284536349686655, 2.3364133449159565, 2.828453634981491, 5.915080679489722, 1.0, 0.0, 0.0, 0.0, 0.0, 0.0
0.7333333333333333, 4.375, 0.0, 0.600140148918535, 0.5915633397428677, 0.2151821847379667, -4.762882205254758, -2.5150033766147093, 0.7923700363661349, 2.3690129682874312, 2.7923700363868598, 6.078352759025847, 1.0, 0.0, 0.0, 0.0, 0.0, 0.0
0.7333333333333333, 4.6875, 0.0, 0.575231179867824, 0.6587318395146259, 0.21489121651188334, -4.958242873264995, -2.7037368830652326, 0.7279600026445097, 2.3743574819564244, 2.7279600026486506, 6.199462284947924, 1.0, 0.0, 0.0, 0.0, 0.0, 0.0
0.7333333333333333, 5.0, 0.0, 0.5378698910776969, 0.7258703500627948, 0.21484323375414044, -5.174586603759421, -2.9148430946054704, 0.6364688434016115, 2.3530351437480275, 2.6364688434020063, 6.282269928223002, 1.0, 0.0, 0.0, 0.0, 0.0, 0.0
0.8599999999999999, 0.0, 0.0, 3.8409940164298536e-08, 0.0, 5.657147816401735e-14, -3.9999999999857234, -1.610906027740317e-10, 1.0182920267946244e-10, 1.020832019413902e-10, 2.0000000001023768, 2.000000000452263, 1.0, 0.0, 0.0, 0.0, 0.0, 0.0
0.8599999999999999, 0.3125, 0.0, -2.836104432369583e-07, 1.7678586926255423e-14, 1.356674023301243e-13, -3.9999999999945075, -0.31249999996125033, -6.072172847399221e-11, 0.31250000003842815, 2.000000000040656, 2.0000000001730753, 1.0, 0.0, 0.0, 0.0, 0.0, 0.0
0.8599999999999999, 0.625, 0.0, 6.668594840779066e-07, 8.479212645632769e-14, 3.294182800473718e-11, -3.999999999999697, -0.6249999999986138, -6.116422129165954e-13, 0.6249999999997907, 2.0000000000055644, 2.0000000000076605, 1.0, 0.0, 0.0, 0.0, 0.0, 0.0
0.8599999999999999, 0.9375, 0.0, 1.1060136219857806e-06, 2.0606321089886993e-11, 1.6039761093610855e-10, -3.9999999999481997, -0.9374999996761006, -2.164482628445195e-10, 0.9374999999075518, 2.000000000860526, 2.0000000016838317, 1.0, 0.0, 0.0, 0.0, 0.0, 0.0
0.8599999999999999, 1.25, 0.0, -1.1295795403435532e-06, 1.0033329896152416e-10, 0.09723573668285074, -3.999999999971009, -1.2499999996520017, 6.027525966500823e-10, 1.2499999980219407, 2.000000001003478, 2.000000003662315, 1.0, 0.0, 0.0, 0.0, 0.0, 0.0
0.8599999999999999, 1.5625, 0.0, 0.3494764475385032, 0.06077233544738803, 0.217316047154878, -4.002829439495743, -1.3182586860680128, 0.3151051714513421, 1.2259148286037367, 2.3151051714537596, 3.3555939827658112, 1.0, 0.0, 0.0, 0.0, 0.0, 0.0
0.8599999999999999, 1.875, 0.0, 0.512127179537198, 0.13582252957213206, 0.20942382784032895, -4.034819780550995, -1.2360286212306155, 0.6766675598948457, 1.4971809326661072, 2.6766675598983922, 4.48033770869135, 1.0, 0.0, 0.0, 0.0, 0.0, 0.0
0.8599999999999999, 2.1875, 0.0, 0.5785976311627402, 0.19166222784759362, 0.17421609942772576, -4.086126991849068, -1.2559893097634882, 0.8637200644699391, 1.7321940282383255, 2.863720064473527, 5.064802531260161, 1.0, 0.0, 0.0, 0.0, 0.0, 0.0
0.8599999999999999, 2.5, 0.0, 0.6190202770103106, 0.24470759171446066, 0.16891964592082162, -4.154339232707084, -1.3110260204517807, 0.9886201466429686, 1.9272649902364007, 2.988620146643608, 5.492580849494037, 1.0, 0.0, 0.0, 0.0, 0.0, 0.0
0.8599999999999999, 2.8125, 0.0, 0.6449551720354469, 0.29723700654810714, 0.16830677421205492, -4.239019800095747, -1.3900517141676987, 1.0731953087498338, 2.0893138351280798, 3.0731953087898387, 5.832538914175464, 1.0, 0.0, 0.0, 0.0, 0.0, 0.0
0.8599999999999999, 3.125, 0.0, 0.6606317293792573, 0.349899325596995, 0.16907762938077875, -4.340127517082697, -1.4892878614574028, 1.1260004472055882, 2.222255006392612, 3.126000447205681, 6.111162160969876, 1.0, 0.0, 0.0, 0.0, 0.0, 0.0
0.8599999999999999, 3.4375, 0.0, 0.6680102340900563, 0.40291052491109386, 0.1703010782061467, -4.457743672918554, -1.6071450426851615, 1.1512931959504535, 2.3284343366979843, 3.151293195950961, 6.341627162708322, 1.0, 0.0, 0.0, 0.0, 0.0, 0.0
0.8599999999999999, 3.75, 0.0, 0.6680718328549009, 0.4563374994758367, 0.17164425757208823, -4.591990065938261, -1.7428857613748594, 1.151505532543762, 2.4093739750798506, 3.151505532544229, 6.531523982407926, 1.0, 0.0, 0.0, 0.0, 0.0, 0.0
0.8599999999999999, 4.0625, 0.0, 0.6612714516619002, 0.510188185893649, 0.17297432994960057, -4.742998808866757, -1.896127183655222, 1.1281822265817552, 2.4661424777339045, 3.128182226586409, 6.685712421111658, 1.0, 0.0, 0.0, 0.0, 0.0, 0.0
0.8599999999999999, 4.375, 0.0, 0.6476939719338046, 0.564446455694337, 0.17423756725555464, -4.91090016945963, -2.0667190718075914, 1.0823293017008404, 2.4995003471625767, 3.082329301700911, 6.807436100907965, 1.0, 0.0, 0.0, 0.0, 0.0, 0.0
0.8599999999999999, 4.6875, 0.0, 0.627120170251617, 0.6190866654283707, 0.17541321970477863, -5.095817640687355, -2.254596336177084, 1.0146616464759457, 2.5100300055254894, 3.014661646480053, 6.899030557245574, 1.0, 0.0, 0.0, 0.0, 0.0, 0.0
0.8599999999999999, 5.0, 0.0, 0.5989987154947919, 0.6740797180098237, 0.17597776826064973, -5.2978661564811205, -2.4597463375195843, 0.9257026098365344, 2.498188413491157, 2.925702609933453, 6.962234519781299, 1.0, 0.0, 0.0, 0.0, 0.0, 0.0
0.9866666666666665, 0.0, 0.0, 5.765423003802796e-05, 0.0, 8.231093977367594e-10, -3.9999999997700435, -3.364300410420702e-08, 1.4304806560554113e-08, 2.002807217015985e-08, 2.0000000339003616, 2.0000000686608055, 1.0, 0.0, 0.0, 0.0, 0.0, 0.0
0.9866666666666665, 0.3125, 0.0, 4.92879807567181e-07, 2.572216867927373e-10, 0.08665230084214497, -3.999999999952034, -0.3125000011300869, 6.591230798922613e-09, 0.3124999941914104, 2.0000000074070607, 2.0000000324525757, 1.0, 0.0, 0.0, 0.0, 0.0, 0.0
0.9866666666666665, 0.625, 0.0, 6.420226311009727e-07, 0.054157688026340606, 0.1360288305843122, -4.031349375065856, -0.18071478222833856, 1.14315782471879, 1.2469627502204104, 3.143157824723702, 5.537732705947919, 1.0, 0.0, 0.0, 0.0, 0.0, 0.0
0.9866666666666665, 0.9375, 0.0, 1.092697091009266e-07, 0.08501801937241682, 0.10309383290628982, -4.053021400901114, -0.24867431889324842, 1.2217197075646398, 1.421152546528733, 3.2217197075647808, 5.7674220035241595, 1.0, 0.0, 0.0, 0.0, 0.0, 0.0
0.9866666666666665, 1.25, 0.0, 0.6634102854799911, 0.11859133359277174, 0.11119219563060811, -4.084769032071834, -0.32481598561228414, 1.3027350923661745, 1.6052395141831755, 3.3027350923679166, 6.015285872968928, 1.0, 0.0, 0.0, 0.0, 0.0, 0.0
0.9866666666666665, 1.5625, 0.0, 0.6822536033170504, 0.1545131416415469, 0.11809427830934612, -4.127385621318457, -0.40750580016989996, 1.3777911385477188, 1.7847145193615952, 3.3777911385479467, 6.261341456317822, 1.0, 0.0, 0.0, 0.0, 0.0, 0.0
0.9866666666666665, 1.875, 0.0, 0.6980623758741236, 0.19240025753611306, 0.12385772700201048, -4.181544237405822, -0.4972253925723978, 1.4423815986042543, 1.9526088417198475, 3.442381598617577, 6.495687182701903, 1.0, 0.0, 0.0, 0.0, 0.0, 0.0
0.9866666666666665, 2.1875, 0.0, 0.7104592026506004, 0.23192422101780344, 0.1286672036896805, -4.247806077702336, -0.5949702830131918, 1.4940667447482372, 2.105516574112214, 3.49406674476102, 6.713526765599751, 1.0, 0.0, 0.0, 0.0, 0.0, 0.0
0.9866666666666665, 2.5, 0.0, 0.7192883730941751, 0.2728172598421634, 0.13270538525226566, -4.3266392923602295, -0.7017921504872981, 1.53143226045856, 2.24169172209659, 3.531432260458892, 6.912468762585777, 1.0, 0.0, 0.0, 0.0, 0.0, 0.0
0.9866666666666665, 2.8125, 0.0, 0.7244884231186117, 0.3148650868004695, 0.13612482607597523, -4.418437012201526, -0.8186025168267343, 1.5536550866894097, 2.3602445764535678, 3.553655086689947, 7.091415299332397, 1.0, 0.0, 0.0, 0.0, 0.0, 0.0
0.9866666666666665, 3.125, 0.0, 0.7260157920139105, 0.3578952761396479, 0.13904539285373502, -4.523532188662755, -0.9461929539665356, 1.5602128335503331, 2.460708673651989, 3.560212833551791, 7.249867803180636, 1.0, 0.0, 0.0, 0.0, 0.0, 0.0
0.9866666666666665, 3.4375, 0.0, 0.723817929980829, 0.40176845733405386, 0.14156090480530512, -4.64220928297337, -1.0852165543243566, 1.550780691454753, 2.5428623069082272, 3.550780691454889, 7.387686296208468, 1.0, 0.0, 0.0, 0.0, 0.0, 0.0
0.9866666666666665, 3.75, 0.0, 0.7178094174793076, 0.4463708416429636, 0.14374487660751428, -4.774713373356118, -1.2362271735945163, 1.5251410650546007, 2.6066110155161413, 3.5251410651107524, 7.504893791764658, 1.0, 0.0, 0.0, 0.0, 0.0, 0.0
0.9866666666666665, 4.0625, 0.0, 0.7078567670261647, 0.4916090052137503, 0.1456545103140238, -4.921257261636381, -1.3997000454729942, 1.4831411597692439, 2.6519304818779905, 3.4831411597694855, 7.601591464308356, 1.0, 0.0, 0.0, 0.0, 0.0, 0.0
0.9866666666666665, 4.375, 0.0, 0.6937686103523544, 0.5374049105892285, 0.14733496023293977, -5.082027055222811, -1.5760183290916783, 1.4246920587421246, 2.6788515863000835, 3.424692058744498, 7.677962032984934, 1.0, 0.0, 0.0, 0.0, 0.0, 0.0
0.9866666666666665, 4.6875, 0.0, 0.6752686886470327, 0.5836933553593376, 0.14882322210743498, -5.257186589484081, -1.7655217407507195, 1.3497238935225115, 2.687420762546284, 3.3497238935428375, 7.734183141807233, 1.0, 0.0, 0.0, 0.0, 0.0, 0.0
0.9866666666666665, 5.0, 0.0, 0.6519687208478707, 0.6304194244063753, 0.1495234209505206, -5.446880963375831, -1.968503892105374, 1.258187110374345, 2.677696972569351, 3.2581871103797964, 7.770436324408102, 1.0, 0.0, 0.0, 0.0, 0.0, 0.0
1.1133333333333333, 0.0, 0.0, 0.7790114995527412, 0.0, 2.3504396376028983e-14, -4.20676770489627, 0.5148166164351882, 2.026908780892917, 2.026908780897578, 4.026908780898508, 7.772677431143561, 1.0, 0.0, 0.0, 0.0, 0.0, 0.0
1.1133333333333333, 0.3125, 0.0, 0.7790097909886481, 7.345123867509057e-15, 1.6619562380957057e-15, -4.2067677048974685, 0.5148094166432556, 1.7143998898869908, 2.3393998898844663, 4.026899889892635, 7.772657957904123, 1.0, 0.0, 0.0, 0.0, 0.0, 0.0
1.1133333333333333, 0.625, 0.0, 0.7790105719386766, 1.0387226488098161e-15, -2.4413733043346706e-15, -4.2067677048991605, 0.5148127075220676, 1.401903953782389, 2.651903953782, 4.026903953782698, 7.772666858723035, 1.0, 0.0, 0.0, 0.0, 0.0, 0.0
1.1133333333333333, 0.9375, 0.0, 0.77900979484999, 5.819265552299888e-15, 6.567381776507767e-14, -4.206767704898642, 0.5148094329172911, 1.0893999099793767, 2.96439990997665, 4.026899909979956, 7.772658001911827, 1.0, 0.0, 0.0, 0.0, 0.0, 0.0
1.1133333333333333, 1.25, 0.0, 0.7790109352009151, 4.2084858751983354e-14, 1.8994822106624127e-14, -4.206767704896654, 0.5148142382641387, 0.7769058441482102, 3.276905844116248, 4.026905844140596, 7.772670998982254, 1.0, 0.0, 0.0, 0.0, 0.0, 0.0
1.1133333333333333, 1.5625, 0.0, 0.7790100041727233, 1.7691029368939967e-14, 0.32454486834337215, -4.2067677048986365, 0.4644009992066165, 0.514810315033469, 3.5894009992429297, 4.026900999256251, 7.772660387652345, 1.0, 0.0, 0.0, 0.0, 0.0, 0.0
1.1133333333333333, 1.875, 0.0, 0.7871069093736439, 0.20284054271464969, 0.38236626501253, -4.3937805508219965, 0.11480407624427372, 2.0692545378549396, 2.4373132674796465, 4.069254537863095, 8.118681358533491, 1.0, 0.0, 0.0, 0.0, 0.0, 0.0
1.1133333333333333, 2.1875, 0.0, 0.7871272798073279, 0.23897891563284893, 0.1168000760191763, -4.4627955871958305, 0.0001859521874473325, 2.069361644420166, 2.530636330869372, 4.069361644421084, 8.20941988182107, 1.0, 0.0, 0.0, 0.0, 0.0, 0.0
1.1133333333333333, 2.5, 0.0, 0.7858131092898757, 0.2758405902266349, 0.11905019893170113, -4.543217770777565, -0.12324304916582862, 2.0624574907251185, 2.6177898675655293, 4.062457490731768, 8.298500915277025, 1.0, 0.0, 0.0, 0.0, 0.0, 0.0
1.1133333333333333, 2.8125, 0.0, 0.782889259729736, 0.31338528996516213, 0.12115903057088798, -4.635267134454246, -0.25538857604733256, 2.0471380806205866, 2.696275252119772, 4.047138080620604, 8.382932780864133, 1.0, 0.0, 0.0, 0.0, 0.0, 0.0
1.1133333333333333, 3.125, 0.0, 0.7781175877081731, 0.35156498433343986, 0.12311012367611615, -4.739149735607608, -0.39642440800637574, 2.0222597142046284, 2.7642837579444195, 4.022259714205355, 8.460329242488347, 1.0, 0.0, 0.0, 0.0, 0.0, 0.0
1.1133333333333333, 3.4375, 0.0, 0.7712850965552646, 0.3903291172627347, 0.12490039732342825, -4.855056122204644, -0.5466568574945404, 1.9869015385627058, 2.820504676275077, 3.9869015385651463, 8.528814457672617, 1.0, 0.0, 0.0, 0.0, 0.0, 0.0
1.1133333333333333, 3.75, 0.0, 0.7621916777521713, 0.4296277326605825, 0.1265369425512902, -4.983161118912865, -0.7064448253038254, 1.940326753137233, 2.8639854697223055, 3.9403267531950896, 8.586927487077293, 1.0, 0.0, 0.0, 0.0, 0.0, 0.0
1.1133333333333333, 4.0625, 0.0, 0.7506296028028082, 0.4694147063572911, 0.12802759012548215, -5.12362438775296, -0.8762045069867875, 1.8819056340213256, 2.8939997427202244, 3.881905634035667, 8.63345168809048, 1.0, 0.0, 0.0, 0.0, 0.0, 0.0
1.1133333333333333, 4.375, 0.0, 0.7363938242039125, 0.5096449764890089, 0.12938389928462063, -5.276591398838606, -1.0562508343456083, 1.811201386847683, 2.910065418031231, 3.811201386847771, 8.66758236254388, 1.0, 0.0, 0.0, 0.0, 0.0, 0.0
1.1133333333333333, 4.6875, 0.0, 0.7192392641957973, 0.550279643410179, 0.1306199673399105, -5.442194582165388, -1.246957938862647, 1.7277990979974331, 2.9117810037963854, 3.72779909799747, 8.68856790922146, 1.0, 0.0, 0.0, 0.0, 0.0, 0.0
1.1133333333333333, 5.0, 0.0, 0.6988848604309376, 0.5912824560764529, 0.13120900053207657, -5.620554522814593, -1.4486333457706986, 1.6313897607863759, 2.8988690239633503, 3.631389760787186, 8.69587788776681, 1.0, 0.0, 0.0, 0.0, 0.0, 0.0
1.24, 0.0, 0.0, 0.8481537036539577, 0.0, 4.537967906899695e-17, -4.460782889090943, 1.0307070294568565, 2.676036702681495, 2.676036702681678, 4.676036702681682, 9.45818596767876, 1.0, 0.0, 0.0, 0.0, 0.0, 0.0
1.24, 0.3125, 0.0, 0.8481536296635246, 1.4181149709061546e-17, 1.0399467909539212e-15, -4.460782889090958, 1.0307066158008498, 2.3635362357824627, 2.988536235782452, 4.676036235782483, 9.458184980637443, 1.0, 0.0, 0.0, 0.0, 0.0, 0.0
1.24, 0.625, 0.0, 0.848153890950883, 6.499667443462007e-16, 3.995886267898899e-16, -4.460782889090706, 1.0307080765717862, 2.0510378845750976, 3.301037884574598, 4.676037884575531, 9.458188466242673, 1.0, 0.0, 0.0, 0.0, 0.0, 0.0
1.24, 0.9375, 0.0, 0.848153577860578, 2.6392404145274274e-16, 8.7827712351227e-14, -4.460782889090906, 1.0307063261875564, 1.738535908892426, 3.6135359088921817, 4.676035908892504, 9.458184289579972, 1.0, 0.0, 0.0, 0.0, 0.0, 0.0
1.24, 1.25, 0.0, 0.8481548672395101, 5.554228696386307e-14, 4.1068427114450455e-15, -4.4607828890816865, 1.030713534632722, 1.4260440452704903, 3.92604404519776, 4.6760440452679335, 9.458201490063505, 1.0, 0.0, 0.0, 0.0, 0.0, 0.0
1.24, 1.5625, 0.0, 0.8481537822801256, 2.830700736105896e-15, 6.373940228635965e-14, -4.460782889090704, 1.0307074690199707, 1.113537198843371, 4.238537198831626, 4.676037198836339, 9.458187016561608, 1.0, 0.0, 0.0, 0.0, 0.0, 0.0
1.24, 1.875, 0.0, 0.8481532208541465, 9.537941339283785e-14, 0.3736879208890097, -4.460782889084273, 0.8010336559930605, 1.0307043303810615, 4.551033655881777, 4.67603365632332, 9.458179527079743, 1.0, 0.0, 0.0, 0.0, 0.0, 0.0
1.24, 2.1875, 0.0, 0.8364158076648589, 0.2335549505556339, 0.4288145080135462, -4.714305291524408, 0.5469889687217249, 2.6024800203193594, 2.9656302580042717, 4.602480020319477, 9.611606146075928, 1.0, 0.0, 0.0, 0.0, 0.0, 0.0
1.24, 2.5, 0.0, 0.8317028199591866, 0.26800906750856174, 0.11079115654252511, -4.792665949605689, 0.42205922580362576, 2.5732340403075775, 3.019506168723325, 4.573234040312315, 9.64403671631421, 1.0, 0.0, 0.0, 0.0, 0.0, 0.0
1.24, 2.8125, 0.0, 0.8258330989455236, 0.3027994233947121, 0.11186536488846252, -4.881846002762755, 0.2874530789926108, 2.53704114320085, 3.0682976740432357, 4.537041143226358, 9.674259822570832, 1.0, 0.0, 0.0, 0.0, 0.0, 0.0
1.24, 3.125, 0.0, 0.8186637122834428, 0.3379249205638508, 0.11292713098545049, -4.981950521482754, 0.14358491503621099, 2.493182218572166, 3.1103283002250466, 4.493182218572376, 9.700766180509962, 1.0, 0.0, 0.0, 0.0, 0.0, 0.0
1.24, 3.4375, 0.0, 0.8100528666798198, 0.37337888026061866, 0.11396134100102673, -5.093083307319133, -0.009349325428921265, 2.4410106061562775, 3.1442633994272127, 4.441010606156509, 9.72221165794586, 1.0, 0.0, 0.0, 0.0, 0.0, 0.0
1.24, 3.75, 0.0, 0.7998562295617662, 0.4091507586894925, 0.11495804445980218, -5.215345445446224, -0.17131122051305533, 2.3799443552430035, 3.169034416275923, 4.379944355245325, 9.737399670659803, 1.0, 0.0, 0.0, 0.0, 0.0, 0.0
1.24, 4.0625, 0.0, 0.7879230800033473, 0.445227658047995, 0.11591074283006816, -5.348834305504493, -0.3423716143679064, 2.3094607416077926, 3.1837808102490843, 4.30946074161178, 9.745268076053234, 1.0, 0.0, 0.0, 0.0, 0.0, 0.0
1.24, 4.375, 0.0, 0.774094357806501, 0.48159497295828513, 0.11681387824239664, -5.493642905279602, -0.5226572358366606, 2.2291061182127416, 3.1878173535814818, 4.2291061182408365, 9.744907260384359, 1.0, 0.0, 0.0, 0.0, 0.0, 0.0
1.24, 4.6875, 0.0, 0.7581996118415052, 0.5182363319494929, 0.11766897854967624, -5.649859555335107, -0.7123079249795211, 2.1385039431948107, 3.1806093574755785, 4.138503943196946, 9.735573895621595, 1.0, 0.0, 0.0, 0.0, 0.0, 0.0
1.24, 5.0, 0.0, 0.7400352720978042, 0.5551380845518328, 0.11808560832748753, -5.817567712834075, -0.9115559881255452, 2.0372661986807166, 3.1616795916991007, 4.037266198715303, 9.716508904035738, 1.0, 0.0, 0.0, 0.0, 0.0, 0.0
1.3666666666666667, 0.0, 0.0, 0.8873071169684276, 0.0, 2.678080984443641e-16, -4.7480000104556845, 1.5040067577239695, 3.227987071273261, 3.227987071274094, 5.227987071274099, 10.927954466552329, 1.0, 0.0, 0.0, 0.0, 0.0, 0.0
1.3666666666666667, 0.3125, 0.0, 0.8873071921975401, 8.369003076386378e-17, 2.938670705713762e-15, -4.748000010455779, 1.5040072630311376, 2.9154876186346077, 3.540487618634499, 5.227987618634867, 10.92795560332797, 1.0, 0.0, 0.0, 0.0, 0.0, 0.0
1.3666666666666667, 0.625, 0.0, 0.8873069297328162, 1.8366691910711012e-15, -7.189757666766666e-17, -4.748000010454744, 1.5040055000769688, 2.602985708964873, 3.852985708962311, 5.227985708967264, 10.92795163726444, 1.0, 0.0, 0.0, 0.0, 0.0, 0.0
1.3666666666666667, 0.9375, 0.0, 0.8873071962120676, 3.875404534657212e-17, 6.637548492666337e-15, -4.748000010455832, 1.5040072899965422, 2.2904876478439005, 4.165487647843836, 5.227987647843929, 10.927955663990826, 1.0, 0.0, 0.0, 0.0, 0.0, 0.0
1.3666666666666667, 1.25, 0.0, 0.8873072659677296, 5.9851369989875615e-15, 3.57646906020439e-15, -4.748000010454729, 1.5040077585293683, 1.9779881553896335, 4.477988155376184, 5.227988155390423, 10.927956718059425, 1.0, 0.0, 0.0, 0.0, 0.0, 0.0
1.3666666666666667, 1.5625, 0.0, 0.8873072735166732, 2.2740472079743157e-15, -9.491831311926263e-15, -4.748000010455535, 1.5040078092364018, 1.6654882103141182, 4.790488210303139, 5.227988210310334, 10.927956832129404, 1.0, 0.0, 0.0, 0.0, 0.0, 0.0
1.3666666666666667, 1.875, 0.0, 0.8873072018997484, 5.274242903364702e-17, 2.7751994310295305e-15, -4.7480000104558435, 1.352987689226796, 1.5040073282003978, 5.102987689226742, 5.227987689227212, 10.927955749936505, 1.0, 0.0, 0.0, 0.0, 0.0, 0.0
1.3666666666666667, 2.1875, 0.0, 0.8873072025089368, 4.008546852367772e-15, 0.40951506282168754, -4.74800001045546, 1.0404876936560608, 1.504007332295484, 5.227987693650511, 5.415487693669937, 10.927955759142316, 1.0, 0.0, 0.0, 0.0, 0.0, 0.0
1.3666666666666667, 2.5, 0.0, 0.8644836977372861, 0.25594691426355476, 0.46164887097719715, -5.06658182483594, 0.9386177862324481, 3.0640614609793273, 3.430798059720566, 5.064061460979729, 10.95341182280103, 1.0, 0.0, 0.0, 0.0, 0.0, 0.0
1.3666666666666667, 2.8125, 0.0, 0.8577869750128749, 0.2885305443607522, 0.1045434645421179, -5.151652008503764, 0.8077552345083792, 3.0167738274571723, 3.458713243345094, 5.016773827457411, 10.95227884047881, 1.0, 0.0, 0.0, 0.0, 0.0, 0.0
1.3666666666666667, 3.125, 0.0, 0.8500126874852697, 0.32128657960237844, 0.105101128653925, -5.246931378309157, 0.6670364594024181, 2.9623384324324085, 3.4815586941572647, 4.962338432432913, 10.947689954478752, 1.0, 0.0, 0.0, 0.0, 0.0, 0.0
1.3666666666666667, 3.4375, 0.0, 0.8410766229364316, 0.35421874976945533, 0.10566740720534869, -5.3524744762957885, 0.5169049169290907, 2.9003805311653994, 3.498222009285226, 4.900380531166045, 10.938869674744273, 1.0, 0.0, 0.0, 0.0, 0.0, 0.0
1.3666666666666667, 3.75, 0.0, 0.8308865769589281, 0.38732870910572137, 0.10623454703390464, -5.468336640913178, 0.357635429054858, 2.8305272654541977, 3.507759243097177, 4.8305272654745375, 10.92505103060541, 1.0, 0.0, 0.0, 0.0, 0.0, 0.0
1.3666666666666667, 4.0625, 0.0, 0.8193469807303473, 0.42061534166564574, 0.10679714208033317, -5.594573313448763, 0.18941298513393398, 2.7524508468107274, 3.509399770692387, 4.752450846812525, 10.905563944866694, 1.0, 0.0, 0.0, 0.0, 0.0, 0.0
1.3666666666666667, 4.375, 0.0, 0.806348596483737, 0.4540769229059296, 0.10735007813216582, -5.731239467844635, 0.012297862720650886, 2.6658120421101885, 3.5024702263171945, 4.66581204211048, 10.879719547248119, 1.0, 0.0, 0.0, 0.0, 0.0, 0.0
1.3666666666666667, 4.6875, 0.0, 0.7917765622582259, 0.48770914049824937, 0.10789039496257971, -5.878389156283332, -0.17367306703852564, 2.5703315106287707, 3.486432912017041, 4.570331510674129, 10.84695535378542, 1.0, 0.0, 0.0, 0.0, 0.0, 0.0
1.3666666666666667, 5.0, 0.0, 0.7754952418189298, 0.5215084197575419, 0.10815769362973615, -6.036075158839049, -0.36855732346454934, 2.465710767343666, 3.4608015308453353, 4.465710767344799, 10.806674020832709, 1.0, 0.0, 0.0, 0.0, 0.0, 0.0
1.4933333333333332, 0.0, 0.0, 0.9124599267812732, 0.0, 1.3951832002061767e-16, -5.056312474382137, 1.953173912073088, 3.72997236855836, 3.729972368558534, 5.729972368560651, 12.293055667982198, 1.0, 0.0, 0.0, 0.0, 0.0, 0.0
1.4933333333333332, 0.3125, 0.0, 0.9124606126968119, 4.3599475006443026e-17, 1.2202284067631002e-18, -5.056312474383849, 1.9531792104009131, 3.417477976359334, 4.042477976359242, 5.729977976359576, 12.293067193060528, 1.0, 0.0, 0.0, 0.0, 0.0, 0.0
1.4933333333333332, 0.625, 0.0, 0.9124601915303708, 7.6264275422693765e-19, 1.9473048984271473e-15, -5.056312474383471, 1.9531759571177085, 3.1049745330518332, 4.35497453305183, 5.729974533051833, 12.29306011642127, 1.0, 0.0, 0.0, 0.0, 0.0, 0.0
1.4933333333333332, 0.9375, 0.0, 0.9124599780604524, 1.26066503652341e-15, 3.672652304780644e-17, -5.0563124743822625, 1.9531743081755175, 2.7924727878005764, 4.667472787797103, 5.729972787802062, 12.293056529599253, 1.0, 0.0, 0.0, 0.0, 0.0, 0.0
1.4933333333333332, 1.25, 0.0, 0.9124605208215172, 2.371671965910596e-17, -1.7316480699565866e-15, -5.056312474383905, 1.953178500713854, 2.479977225219335, 4.979977225219241, 5.729977225219346, 12.293065649327843, 1.0, 0.0, 0.0, 0.0, 0.0, 0.0
1.4933333333333332, 1.5625, 0.0, 0.9124604902345328, 1.7838499280054347e-16, -2.345956933607915e-17, -5.056312474383866, 1.9531782644450602, 2.1674769751517786, 5.292476975150532, 5.729976975151508, 12.293065135390757, 1.0, 0.0, 0.0, 0.0, 0.0, 0.0
1.4933333333333332, 1.875, 0.0, 0.9124605765482421, 9.054488824056491e-18, 7.811650411116394e-15, -5.056312474383913, 1.8549776808212017, 1.9531789311729497, 5.604977680821216, 5.729977680821354, 12.29306658567489, 1.0, 0.0, 0.0, 0.0, 0.0, 0.0
1.4933333333333332, 2.1875, 0.0, 0.9124604367725679, 5.0606664997482896e-15, 8.081621190629896e-15, -5.056312474383056, 1.5424765380561358, 1.9531778514897669, 5.72997653804509, 5.917476538088261, 12.293064237098237, 1.0, 0.0, 0.0, 0.0, 0.0, 0.0
1.4933333333333332, 2.5, 0.0, 0.9124605776708673, 5.060067732967742e-15, 0.43721529223814626, -5.056312474383217, 1.2299776899953725, 1.953178939848742, 5.729977689994181, 6.229977690007744, 12.293066604538547, 1.0, 0.0, 0.0, 0.0, 0.0, 0.0
1.4933333333333332, 2.8125, 0.0, 0.881974094030579, 0.27325955764884646, 0.48635392217788925, -5.439571740815026, 1.3074616820547964, 3.4848947953838496, 3.8579662451375083, 5.484894795384138, 12.213722995158651, 1.0, 0.0, 0.0, 0.0, 0.0, 0.0
1.4933333333333332, 3.125, 0.0, 0.8743717546368226, 0.3039712013611858, 0.09843002971680619, -5.529761635371992, 1.1727891286126162, 3.4250763245676983, 3.866999312631329, 5.425076324586758, 12.190278492431123, 1.0, 0.0, 0.0, 0.0, 0.0, 0.0
1.4933333333333332, 3.4375, 0.0, 0.8657727684516565, 0.33477832622185033, 0.09874067940927969, -5.629563744100183, 1.0284228337102208, 3.3580399399345073, 3.8708375994733744, 5.358039939936288, 12.162463070653065, 1.0, 0.0, 0.0, 0.0, 0.0, 0.0
1.4933333333333332, 3.75, 0.0, 0.8561205731903367, 0.36568412599198563, 0.09905999474007583, -5.739008406802631, 0.8747597832879755, 3.2835821125618376, 3.8687169021469856, 5.283582112562577, 12.129860171616311, 1.0, 0.0, 0.0, 0.0, 0.0, 0.0
1.4933333333333332, 4.0625, 0.0, 0.845351736711737, 0.3966908229343977, 0.09938540013374038, -5.858126845936876, 0.7120875502908545, 3.201495623251428, 3.859974472479936, 5.201495623252322, 12.092047316173433, 1.0, 0.0, 0.0, 0.0, 0.0, 0.0
1.4933333333333332, 4.375, 0.0, 0.8333945263598308, 0.42780000107557337, 0.09971355247932231, -5.98695085356146, 0.5405989701455725, 3.111568035817793, 3.844030829037717, 5.11156803581873, 12.048593197650646, 1.0, 0.0, 0.0, 0.0, 0.0, 0.0
1.4933333333333332, 4.6875, 0.0, 0.8201714025651506, 0.4590117932339742, 0.10004213097311485, -6.125512512256471, 0.3604396174925073, 3.0136114605435464, 3.8204005706666324, 5.013611460544398, 11.999118166273185, 1.0, 0.0, 0.0, 0.0, 0.0, 0.0
1.4933333333333332, 5.0, 0.0, 0.8055922543911906, 0.49032633293377015, 0.10020652703934711, -6.273843951151331, 0.17167954505852265, 2.9074253839013697, 3.7886471774642234, 4.90742538390352, 11.943218764233237, 1.0, 0.0, 0.0, 0.0, 0.0, 0.0
1.6199999999999999, 0.0, 0.0, 0.9298094819868418, 0.0, 7.4637702890661675e-16, -5.379095604313456, 2.386904086106361, 4.2016919697722015, 4.201691969772821, 6.201691969773899, 13.597267427523247, 1.0, 0.0, 0.0, 0.0, 0.0, 0.0
1.6199999999999999, 0.3125, 0.0, 0.9298092863368206, 2.332428215333177e-16, 7.305918353554504e-15, -5.379095604312158, 2.3869023909989413, 3.8891902015376916, 4.514190201536885, 6.201690201539726, 13.597263817922604, 1.0, 0.0, 0.0, 0.0, 0.0, 0.0
1.6199999999999999, 0.625, 0.0, 0.9298099564537085, 4.566198970971565e-15, -2.143969160538674e-16, -5.379095604310728, 2.3869081968560892, 3.576696257898979, 4.826696257881907, 6.2016962579158745, 13.597276181098762, 1.0, 0.0, 0.0, 0.0, 0.0, 0.0
1.6199999999999999, 0.9375, 0.0, 0.9298099872681352, 9.924474899965062e-17, -7.302295824678151e-15, -5.379095604315137, 2.3869084638526377, 3.264196536378847, 5.139196536378405, 6.201696536379049, 13.597276749597928, 1.0, 0.0, 0.0, 0.0, 0.0, 0.0
1.6199999999999999, 1.25, 0.0, 0.929810109453294, 2.2640805477202442e-18, -1.418444084150854e-16, -5.379095604315248, 2.386909522462842, 2.9516976406579265, 5.451697640657915, 6.20169764065793, 13.59727900382615, 1.0, 0.0, 0.0, 0.0, 0.0, 0.0
1.6199999999999999, 1.5625, 0.0, 0.9298100736928016, 1.0591993740222246e-17, 5.161888003993402e-17, -5.379095604315253, 2.3869092126345497, 2.639197317463449, 5.764197317463342, 6.201697317463442, 13.597278344070762, 1.0, 0.0, 0.0, 0.0, 0.0, 0.0
1.6199999999999999, 1.875, 0.0, 0.9298101393919965, 3.4525880572679003e-17, 7.777149700414499e-17, -5.379095604315232, 2.3266979112357387, 2.3869097818520264, 6.0766979112361446, 6.201697911237021, 13.597279556173737, 1.0, 0.0, 0.0, 0.0, 0.0, 0.0
1.6199999999999999, 2.1875, 0.0, 0.9298100851622368, 5.919917936781287e-17, 1.1165212560682948e-15, -5.379095604315251, 2.014197421121128, 2.386909312005779, 6.2016974211209295, 6.3891974211217635, 13.597278555673638, 1.0, 0.0, 0.0, 0.0, 0.0, 0.0
1.6199999999999999, 2.5, 0.0, 0.9298102377631735, 7.323516656153632e-16, 0.41318705649096304, -5.3790956043150215, 1.701698800290075, 2.3869106341383923, 6.2016988002898765, 6.701698800293136, 13.597281371051482, 1.0, 0.0, 0.0, 0.0, 0.0, 0.0
1.6199999999999999, 2.8125, 0.0, 0.9006205220846645, 0.25824191030685195, 0.45939338664119783, -5.741722748080248, 1.789602689924554, 3.9420301985281876, 4.261033107204339, 5.9420301985286645, 13.45920774506449, 1.0, 0.0, 0.0, 0.0, 0.0, 0.0
1.6199999999999999, 3.125, 0.0, 0.893498709737502, 0.2871208666507494, 0.09249821363863919, -5.826934380000013, 1.6621270937197348, 3.8799321293119022, 4.260153654761838, 5.8799321293308555, 13.424382148759763, 1.0, 0.0, 0.0, 0.0, 0.0, 0.0
1.6199999999999999, 3.4375, 0.0, 0.8855013484575606, 0.31605329383100145, 0.09267283554974996, -5.921178960126946, 1.5248635676838196, 3.810787421263788, 4.254617669116592, 5.810787421264253, 13.384847408382562, 1.0, 0.0, 0.0, 0.0, 0.0, 0.0
1.6199999999999999, 3.75, 0.0, 0.8765936667646083, 0.3450413888693431, 0.0928549451805722, -6.024473511917544, 1.3782525441155578, 3.7345039791328523, 4.243820733164845, 5.734503979134354, 13.34041615117156, 1.0, 0.0, 0.0, 0.0, 0.0, 0.0
1.6199999999999999, 4.0625, 0.0, 0.8667319542591823, 0.3740876345688591, 0.09304421051830314, -6.136835872479892, 1.2226133378203645, 3.650950003395029, 4.227201623014827, 5.650950003395469, 13.290820925224443, 1.0, 0.0, 0.0, 0.0, 0.0, 0.0
1.6199999999999999, 4.375, 0.0, 0.8558675927601849, 0.40319402044328256, 0.09323881699218486, -6.258284540592468, 1.0581970924308, 3.5599953745984343, 4.204270527559458, 5.5599953745993895, 13.23579841899565, 1.0, 0.0, 0.0, 0.0, 0.0, 0.0
1.6199999999999999, 4.6875, 0.0, 0.8439468467550036, 0.4323618951889746, 0.09343730482118637, -6.388838532583615, 0.8852024839499453, 3.461516921517867, 4.174603583072941, 5.461516921518341, 13.175100151632313, 1.0, 0.0, 0.0, 0.0, 0.0, 0.0
1.6199999999999999, 5.0, 0.0, 0.8309086023572945, 0.46159233595652405, 0.0935374104561582, -6.528517247699815, 0.7037736720900738, 3.3553882525907324, 4.137824684139876, 5.355388252590998, 13.108471901833, 1.0, 0.0, 0.0, 0.0, 0.0, 0.0
1.7466666666666666, 0.0, 0.0, 0.9423642554609762, 0.0, 2.0897190745980613e-17, -5.712304727200497, 2.810036384546669, 4.653384043445419, 4.653384043445727, 6.653384043445811, 14.862420472990275, 1.0, 0.0, 0.0, 0.0, 0.0, 0.0
1.7466666666666666, 0.3125, 0.0, 0.9423641730580565, 6.5303721081189416e-18, 3.7883632465379065e-15, -5.712304727200446, 2.810035596752149, 4.340883229636227, 4.965883229636197, 6.6533832296363125, 14.862418819356819, 1.0, 0.0, 0.0, 0.0, 0.0, 0.0
1.7466666666666666, 0.625, 0.0, 0.9423650996878299, 2.3677270290861915e-15, 1.1461118100122388e-16, -5.712304727194472, 2.8100444555754533, 4.02839238102506, 5.278392381011568, 6.653392381038647, 14.862437414652435, 1.0, 0.0, 0.0, 0.0, 0.0, 0.0
1.7466666666666666, 0.9375, 0.0, 0.942364224815561, 7.816236023388386e-17, 1.7686098558131947e-15, -5.712304727200436, 2.810036091567773, 3.715883740792454, 5.59088374079193, 6.653383740792692, 14.862419858008652, 1.0, 0.0, 0.0, 0.0, 0.0, 0.0
1.7466666666666666, 1.25, 0.0, 0.9423640931373605, 3.473108188969438e-15, 8.804342002555977e-17, -5.712304727197937, 2.8100348326665032, 3.4033824403603306, 5.903382440330086, 6.653382440365657, 14.862417215538429, 1.0, 0.0, 0.0, 0.0, 0.0, 0.0
1.7466666666666666, 1.5625, 0.0, 0.9423643292389681, 1.3318949774985872e-16, 1.8761699380303586e-15, -5.7123047272004905, 2.810037089883522, 3.0908847720766084, 6.215884772074601, 6.653384772076431, 14.862421953541771, 1.0, 0.0, 0.0, 0.0, 0.0, 0.0
1.7466666666666666, 1.875, 0.0, 0.9423642355265893, 4.645714400238412e-15, 1.7259571352858927e-15, -5.712304727198463, 2.7783838462426456, 2.810036194298597, 6.528383846487637, 6.653383846670449, 14.86242007295607, 1.0, 0.0, 0.0, 0.0, 0.0, 0.0
1.7466666666666666, 2.1875, 0.0, 0.9423639169202619, 1.2119127073035416e-15, -7.13325053549877e-15, -5.712304727199374, 2.4658807000189427, 2.810033148011359, 6.653380700013468, 6.840880700040005, 14.862413679272564, 1.0, 0.0, 0.0, 0.0, 0.0, 0.0
1.7466666666666666, 2.5, 0.0, 0.9423644091011458, 1.874328155516812e-16, -4.1252585047746174e-16, -5.712304727200453, 2.1533855607920276, 2.8100378533898893, 6.65338556079197, 7.153385560793267, 14.862423556188602, 1.0, 0.0, 0.0, 0.0, 0.0, 0.0
1.7466666666666666, 2.8125, 0.0, 0.942364312049038, 9.54084050755128e-16, 0.4339912609148356, -5.712304727200298, 1.8408846023065903, 2.810036925545721, 6.653384602306769, 7.465884602310291, 14.862421608580357, 1.0, 0.0, 0.0, 0.0, 0.0, 0.0
1.7466666666666666, 3.125, 0.0, 0.9087057303974987, 0.2712445380717724, 0.4775886769203573, -6.135688575727281, 2.1370957722806883, 4.326909587356399, 4.657261567413158, 6.326909587358783, 14.648969585456912, 1.0, 0.0, 0.0, 0.0, 0.0, 0.0
1.7466666666666666, 3.4375, 0.0, 0.9013861615054173, 0.29849292307522424, 0.08724661275093784, -6.224709244201462, 2.0073510971697845, 4.257484343684173, 4.6449102449034365, 6.257484343684215, 14.602385276864997, 1.0, 0.0, 0.0, 0.0, 0.0, 0.0
1.7466666666666666, 3.75, 0.0, 0.8932674666509544, 0.32577367104110855, 0.08735334589271293, -6.322250019447086, 1.868323060701235, 4.18113625895958, 4.627738329620269, 6.181136258960098, 14.550733664963753, 1.0, 0.0, 0.0, 0.0, 0.0, 0.0
1.7466666666666666, 4.0625, 0.0, 0.8843185982211844, 0.3530887642581698, 0.08746551073934139, -6.428321346635528, 1.7203294012148693, 4.0977815677576555, 4.605272620253076, 6.097781567758163, 14.493845596198785, 1.0, 0.0, 0.0, 0.0, 0.0, 0.0
1.7466666666666666, 4.375, 0.0, 0.8745062516770828, 0.3804396152531969, 0.08758240013765892, -6.542934196259527, 1.5636461684653389, 4.0073486053247205, 4.5771057405084035, 6.007348605325139, 14.431576708585345, 1.0, 0.0, 0.0, 0.0, 0.0, 0.0
1.7466666666666666, 4.6875, 0.0, 0.863791518845813, 0.40782776434420664, 0.08770347632064635, -6.666099993344218, 1.3984861743402444, 3.9097515292768534, 4.542865631361967, 5.909751529277163, 14.363754304750012, 1.0, 0.0, 0.0, 0.0, 0.0, 0.0
1.7466666666666666, 5.0, 0.0, 0.8521316821212375, 0.4352542879536009, 0.08776487555006156, -6.7978305485347, 1.2250290388092493, 3.8049128352554664, 4.5022299469249365, 5.804912835256368, 14.290222903823977, 1.0, 0.0, 0.0, 0.0, 0.0, 0.0
1.873333333333333, 0.0, 0.0, 0.9517756897575049, 0.0, 2.598036622817949e-17, -6.053299171817166, 3.225520515786232, 5.091028535507157, 5.091028535507177, 7.091028535507198, 16.100864262552427, 1.0, 0.0, 0.0, 0.0, 0.0, 0.0
1.873333333333333, 0.3125, 0.0, 0.9517757159109368, 8.11886444630609e-18, 5.650480707674996e-17, -6.053299171817146, 3.225520788493823, 4.778528815295566, 5.403528815295503, 7.091028815295735, 16.100864829209737, 1.0, 0.0, 0.0, 0.0, 0.0, 0.0
1.873333333333333, 0.625, 0.0, 0.9517757974901575, 3.5315504422968723e-17, -4.8022962042028675e-18, -6.053299171817037, 3.2255216391385684, 4.466029688026928, 5.716029688026631, 7.091029688027218, 16.100866596758355, 1.0, 0.0, 0.0, 0.0, 0.0, 0.0
1.873333333333333, 0.9375, 0.0, 0.9517756952081041, 5.117429318679298e-18, 3.731287082340255e-18, -6.053299171817171, 3.225520572620834, 4.153528593817481, 6.028528593817436, 7.091028593817509, 16.100864380648673, 1.0, 0.0, 0.0, 0.0, 0.0, 0.0
1.873333333333333, 1.25, 0.0, 0.9517756988707154, 3.764755884943138e-17, 5.213033473731174e-15, -6.053299171817139, 3.2255206108114014, 3.841028633000211, 6.3410286329997305, 7.091028633000305, 16.1008644600052, 1.0, 0.0, 0.0, 0.0, 0.0, 0.0
1.873333333333333, 1.5625, 0.0, 0.9517753138763666, 3.2632633504006627e-15, 1.1198731393534226e-15, -6.053299171814013, 3.2255165963435677, 3.5285245143904707, 6.653524514320158, 7.09102451438722, 16.10085611847044, 1.0, 0.0, 0.0, 0.0, 0.0, 0.0
1.873333333333333, 1.875, 0.0, 0.9517756392718727, 7.375682709453205e-16, 1.3682078690127759e-15, -6.053299171816704, 3.2160279951486053, 3.225519989626179, 6.966027995393452, 7.091027995436824, 16.100863168698353, 1.0, 0.0, 0.0, 0.0, 0.0, 0.0
1.873333333333333, 2.1875, 0.0, 0.9517756213661897, 4.118393268533648e-15, 2.438231568915344e-15, -6.053299171815009, 2.90352780382236, 3.2255198026906102, 7.091027803797293, 7.278527803932608, 16.100862780743984, 1.0, 0.0, 0.0, 0.0, 0.0, 0.0
1.873333333333333, 2.5, 0.0, 0.9517761944545754, 2.2614630015174108e-15, -2.5271502972537614e-15, -6.053299171814874, 2.591033934728083, 3.225525778386318, 7.091033934727516, 7.591033934751271, 16.100875197650275, 1.0, 0.0, 0.0, 0.0, 0.0, 0.0
1.873333333333333, 2.8125, 0.0, 0.9517760047227687, 2.5389243327500467e-15, 0.4104423233339783, -6.053299171815693, 2.278531904987308, 3.225523800006138, 7.091031904988243, 7.903531905002417, 16.1008710867965, 1.0, 0.0, 0.0, 0.0, 0.0, 0.0
1.873333333333333, 3.125, 0.0, 0.9209533953358271, 0.2565264520837387, 0.4516026995597766, -6.453869027625618, 2.5998170779026104, 4.7666319788535985, 5.0561798148083765, 6.766631978872085, 15.864400050354334, 1.0, 0.0, 0.0, 0.0, 0.0, 0.0
1.873333333333333, 3.4375, 0.0, 0.9143004966228501, 0.28225168722486293, 0.08235191429555151, -6.53805262245891, 2.4774955400050014, 4.698013137461343, 5.0388675828197, 6.69801313746146, 15.813742049479442, 1.0, 0.0, 0.0, 0.0, 0.0, 0.0
1.873333333333333, 3.75, 0.0, 0.9069397642990024, 0.3079963985184584, 0.08241624900040723, -6.630278356965853, 2.3460501973456127, 4.622673316694985, 5.017036583417886, 6.622673316695069, 15.757884842982477, 1.0, 0.0, 0.0, 0.0, 0.0, 0.0
1.873333333333333, 4.0625, 0.0, 0.8988492357494007, 0.33376184285011745, 0.08248446923341186, -6.730552521838122, 2.2057887187070424, 4.540566311172907, 4.990293447925997, 6.5405663111729435, 15.696735599896785, 1.0, 0.0, 0.0, 0.0, 0.0, 0.0
1.873333333333333, 4.375, 0.0, 0.890004106257082, 0.3595491917893408, 0.08255622134303016, -6.838881782545827, 2.0569735599771537, 4.451643077448135, 4.958284624008577, 6.451643077448303, 15.630195908352489, 1.0, 0.0, 0.0, 0.0, 0.0, 0.0
1.873333333333333, 4.6875, 0.0, 0.8803766303519217, 0.3853594811895113, 0.08263099021110447, -6.955273144701828, 1.8998281499478646, 4.355854123334487, 4.9206948732822, 6.3558541233647015, 15.558166614816123, 1.0, 0.0, 0.0, 0.0, 0.0, 0.0
1.873333333333333, 5.0, 0.0, 0.8699358879466762, 0.4111935606712811, 0.08266905434166336, -7.07973391942133, 1.7345426503498422, 4.253151084153309, 4.877244596135571, 6.253151084154362, 15.480551009548268, 1.0, 0.0, 0.0, 0.0, 0.0, 0.0
2.0, 0.0, 0.0, 0.9590283305204067, 0.0, 3.453227470298707e-17, -6.4002710388401445, 3.6352893018551713, 5.5184120324445, 5.518412032444629, 7.5184120324446475, 17.32021783431859, 1.0, 0.0, 0.0, 0.0, 0.0, 0.0
2.0, 0.3125, 0.0, 0.9590283216751295, 1.079133584468346e-17, 5.215137666201139e-17, -6.400271038840106, 3.6352892021396066, 5.205911930650216, 5.830911930650099, 7.5184119306505215, 17.32021762865061, 1.0, 0.0, 0.0, 0.0, 0.0, 0.0
2.0, 0.625, 0.0, 0.9590283403822107, 3.259461041375712e-17, -8.704084284755474e-19, -6.4002710388400725, 3.635289413029654, 4.893412145937836, 6.14341214593744, 7.518412145938233, 17.320218063622725, 1.0, 0.0, 0.0, 0.0, 0.0, 0.0
2.0, 0.9375, 0.0, 0.9590283812492247, 1.0247330576886243e-17, -2.3531562413633837e-17, -6.400271038840123, 3.6352898737355397, 4.580912616249141, 6.455912616248999, 7.518412616249212, 17.320219013851652, 1.0, 0.0, 0.0, 0.0, 0.0, 0.0
2.0, 1.25, 0.0, 0.9590282989425944, 1.788738390523597e-17, 6.60174701726335e-17, -6.400271038840145, 3.6352889458693407, 4.2684116690365554, 6.7684116690362215, 7.518411669036611, 17.320217100079706, 1.0, 0.0, 0.0, 0.0, 0.0, 0.0
2.0, 1.5625, 0.0, 0.9590282468373175, 5.150824943478219e-17, 5.595788388865038e-17, -6.4002710388400885, 3.635288358470978, 3.9559110693920925, 7.080911069390539, 7.51841106939207, 17.320215888541668, 1.0, 0.0, 0.0, 0.0, 0.0, 0.0
2.0, 1.875, 0.0, 0.9590283244428147, 5.2861061335642454e-17, 5.082574118086522e-16, -6.4002710388401285, 3.6352892333083227, 3.6434119625340027, 7.3934119624994326, 7.518411962503928, 17.320217693004068, 1.0, 0.0, 0.0, 0.0, 0.0, 0.0
2.0, 2.1875, 0.0, 0.9590282554484375, 3.6916913181518985e-16, 3.827283539607525e-15, -6.400271038839881, 3.3309111684856347, 3.6352884555525797, 7.5184111684827055, 7.705911168500313, 17.320216088765335, 1.0, 0.0, 0.0, 0.0, 0.0, 0.0
2.0, 2.5, 0.0, 0.9590282044423226, 2.4449132735903453e-15, -5.149593495183575e-16, -6.400271038838614, 3.0184105814804414, 3.6352878805550057, 7.518410581480101, 8.018410581517506, 17.320214902786052, 1.0, 0.0, 0.0, 0.0, 0.0, 0.0
2.0, 2.8125, 0.0, 0.9590283273571655, 4.7319538366216403e-17, -3.6251797587447136e-15, -6.400271038840149, 2.7059119960407294, 3.635289266195276, 7.518411996040759, 8.330911996041138, 17.320217760767786, 1.0, 0.0, 0.0, 0.0, 0.0, 0.0
2.0, 3.125, 0.0, 0.9590283710396514, 1.7917592437489935e-16, 0.4277342391472712, -6.400271038840074, 2.3934124987533965, 3.6352897586406234, 7.518412498753528, 8.643412498754456, 17.320218776461424, 1.0, 0.0, 0.0, 0.0, 0.0, 0.0
2.0, 3.4375, 0.0, 0.9249066108150111, 0.26733389946704456, 0.4667024072194633, -6.859529427467918, 2.936943408694702, 5.132713432375551, 5.4347455379045755, 7.1327134323763435, 17.018694210372356, 1.0, 0.0, 0.0, 0.0, 0.0, 0.0
2.0, 3.75, 0.0, 0.9182431550337197, 0.29168900451216473, 0.07795745544765742, -6.946876457700245, 2.8128090052286847, 5.059022950596314, 5.409533630619222, 7.0590229506000375, 16.96062562424408, 1.0, 0.0, 0.0, 0.0, 0.0, 0.0
2.0, 4.0625, 0.0, 0.9109314858107733, 0.31605730912183044, 0.07800014671553016, -7.0418364914016855, 2.6800491879323265, 4.978777031047979, 5.37968374068534, 6.978777031050258, 16.897211686978476, 1.0, 0.0, 0.0, 0.0, 0.0, 0.0
2.0, 4.375, 0.0, 0.9029553299109438, 0.3404390962093711, 0.07804487302757837, -7.144413683358257, 2.5389365688966987, 4.891969966887496, 5.344915544615942, 6.891969966887658, 16.828441437395544, 1.0, 0.0, 0.0, 0.0, 0.0, 0.0
2.0, 4.6875, 0.0, 0.8942928996316865, 0.3648353547640669, 0.07809214264442561, -7.254612429052709, 2.389674285970974, 4.798558741989741, 5.304944327021845, 6.798558741990283, 16.75422878401957, 1.0, 0.0, 0.0, 0.0, 0.0, 0.0
2.0, 5.0, 0.0, 0.8849212763995246, 0.3892466853621371, 0.07811625791382451, -7.3724373470910205, 2.2324515101471722, 4.698513992547709, 5.2595265564697495, 6.698513992550245, 16.67451525066288, 1.0, 0.0, 0.0, 0.0, 0.0, 0.0
