J, B, T, O, m, chi, E0, E1, E2, E3, p0, p1, p2, p3 
0.1, 0.0, 0.0, 8.52065500035748e-06, 0.0, 9.650959049193104e-13, -1.9999999999883604, 1.4284336859806493e-11, 1.481751104534831e-11, 2.0000000000174607, 1.0, 0.0, 0.0, 0.0
0.1, 0.3333333333333333, 0.0, 6.75360695939764e-06, 3.2169863497310343e-13, 3.35969963897928e-12, -1.999999999992754, -0.33333333332389825, 0.3333333333421425, 2.0000000000109983, 1.0, 0.0, 0.0, 0.0
0.1, 0.6666666666666666, 0.0, 1.1516897911192925e-05, 2.23979975931952e-12, 4.0192307884540256e-11, -1.9999999999794282, -0.6666666666381299, 0.6666666666912213, 2.0000000000325184, 1.0, 0.0, 0.0, 0.0
0.1, 1.0, 0.0, 2.7614230326544753e-05, 2.711657055799994e-11, 6.412054276177192e-12, -1.9999999998881448, -0.999999999827132, 1.0000000001321943, 2.000000000193208, 1.0, 0.0, 0.0, 0.0
0.1, 1.3333333333333333, 0.0, 8.682358600166362e-06, 6.514502610104315e-12, -2.8130810718643427e-11, -1.999999999990348, -1.3333333333146342, 1.3333333333447928, 2.000000000020507, 1.0, 0.0, 0.0, 0.0
0.1, 1.6666666666666665, 0.0, 4.837105568884846e-06, 8.362696745570989e-12, 0.7489635220739855, -1.9999999999983837, -1.6666666666594268, 1.6666666666687973, 2.000000000007753, 1.0, 0.0, 0.0, 0.0
0.1, 2.0, 0.0, 0.5262776086321279, 0.49930901472250483, 1.49999999998067, -2.052629663538121, -1.84211862008524, 1.952905868624292, 2.1634169120771705, 1.0, 0.0, 0.0, 0.0
0.1, 2.333333333333333, 0.0, 3.528543792141346e-06, 0.9999999999954758, 0.7510364779115316, -2.333333333332449, -1.9999999999961184, 2.000000000001115, 2.333333333337448, 1.0, 0.0, 0.0, 0.0
0.1, 2.6666666666666665, 0.0, 5.8460809392348045e-06, 0.9999999999968592, -3.748235055667237e-11, -2.66666666666217, -1.999999999991402, 2.00000000000508, 2.666666666675849, 1.0, 0.0, 0.0, 0.0
0.1, 3.0, 0.0, 2.663144286410568e-05, 0.9999999999704876, 1.0303424780033765e-12, -2.999999999892166, -1.9999999998354108, 2.000000000119185, 3.0000000001759437, 1.0, 0.0, 0.0, 0.0
0.1, 3.333333333333333, 0.0, 1.0122401265813541e-05, 0.9999999999975461, 4.353317706318194e-11, -3.3333333333166557, -1.999999999977162, 2.00000000001822, 3.3333333333577095, 1.0, 0.0, 0.0, 0.0
0.1, 3.6666666666666665, 0.0, 5.491408678268139e-06, 0.9999999999995097, 3.618605415312004e-12, -3.6666666666613725, -1.9999999999932014, 2.00000000000574, 3.666666666673911, 1.0, 0.0, 0.0, 0.0
0.1, 4.0, 0.0, 1.930939434721668e-06, 0.9999999999999585, 6.529776719332858e-13, -3.9999999999993547, -1.9999999999992046, 2.000000000000694, 4.000000000000844, 1.0, 0.0, 0.0, 0.0
0.1, 4.333333333333333, 0.0, -7.944679381122716e-07, 0.999999999999945, 5.229150445984487e-14, -4.333333333332182, -1.9999999999986224, 2.0000000000012363, 4.333333333334792, 1.0, 0.0, 0.0, 0.0
0.1, 4.666666666666666, 0.0, -1.6649405918480412e-07, 0.9999999999999933, 7.377431998634165e-14, -4.66666666666648, -1.99999999999979, 2.000000000000194, 4.666666666666895, 1.0, 0.0, 0.0, 0.0
0.1, 5.0, 0.0, 1.5058161132466665e-07, 0.9999999999999942, 2.6645352591003757e-15, -4.999999999999807, -1.999999999999775, 2.0000000000002083, 5.0000000000002345, 1.0, 0.0, 0.0, 0.0
0.22666666666666666, 0.0, 0.0, -7.367211013406629e-08, 0.0, 2.7435219260659627e-14, -1.9999999999998552, 2.420215518388564e-13, 2.881120939381273e-13, 2.0000000000003864, 1.0, 0.0, 0.0, 0.0
0.22666666666666666, 0.3333333333333333, 0.0, -2.153368936819879e-07, 9.145073086886542e-15, 2.993934124306961e-14, -1.9999999999999385, -0.33333333333320997, 0.3333333333334388, 2.000000000000169, 1.0, 0.0, 0.0, 0.0
0.22666666666666666, 0.6666666666666666, 0.0, 4.167935801051032e-07, 1.9959560828713074e-14, 1.7232237206573023e-14, -1.9999999999999472, -0.6666666666665446, 0.6666666666667537, 2.000000000000157, 1.0, 0.0, 0.0, 0.0
0.22666666666666666, 1.0, 0.0, 3.3303862554420836e-07, 2.063323122460189e-14, 8.668564162503752e-11, -1.9999999999999785, -0.9999999999999336, 1.0000000000000357, 2.0000000000000835, 1.0, 0.0, 0.0, 0.0
0.22666666666666666, 1.3333333333333333, 0.0, 1.1411889202301434e-05, 5.781038731085373e-11, 0.2620039506140472, -1.999999999989138, -1.333333333242178, 1.3333333333602548, 2.0000000001072156, 1.0, 0.0, 0.0, 0.0
0.22666666666666666, 1.6666666666666665, 0.0, 0.4356867682589178, 0.1746693004093854, 0.7439596696258324, -2.0163235754289914, -1.4994541326906716, 1.6715602831232188, 2.1884297258615417, 1.0, 0.0, 0.0, 0.0
0.22666666666666666, 2.0, 0.0, 0.5633298042709898, 0.4959731131416986, 0.979117057251534, -2.1277534928503017, -1.6170011369779373, 1.9047231616424654, 2.415475517514828, 1.0, 0.0, 0.0, 0.0
0.22666666666666666, 2.333333333333333, 0.0, 0.41998548118314455, 0.8274140052437414, 0.7560403302857344, -2.348089836399405, -1.842016990071751, 2.001941932732502, 2.508014779060157, 1.0, 0.0, 0.0, 0.0
0.22666666666666666, 2.6666666666666665, 0.0, 1.4982870855402954e-06, 0.9999999999988549, 0.2588789921340558, -2.6666666666664196, -1.999999999998259, 2.0000000000004565, 2.666666666668618, 1.0, 0.0, 0.0, 0.0
0.22666666666666666, 3.0, 0.0, 1.016500391607441e-06, 0.9999999999997786, 1.681321748492337e-12, -2.9999999999997877, -1.9999999999993598, 2.0000000000002998, 3.0000000000007243, 1.0, 0.0, 0.0, 0.0
0.22666666666666666, 3.333333333333333, 0.0, 1.2942036805453215e-07, 0.9999999999999758, 3.2940317140628395e-13, -3.3333333333332833, -1.999999999999887, 2.0000000000000653, 3.333333333333462, 1.0, 0.0, 0.0, 0.0
0.22666666666666666, 3.6666666666666665, 0.0, 1.3129436256018095e-07, 0.9999999999999982, -6.461498003318411e-14, -3.6666666666666665, -1.9999999999999907, 2.0000000000000075, 3.6666666666666754, 1.0, 0.0, 0.0, 0.0
0.22666666666666666, 4.0, 0.0, 1.0846369080908852e-06, 0.9999999999999327, -5.112410494945152e-12, -3.9999999999996296, -1.9999999999993823, 2.000000000000456, 4.000000000000696, 1.0, 0.0, 0.0, 0.0
0.22666666666666666, 4.333333333333333, 0.0, 8.918131445441457e-06, 0.99999999999659, -1.4794832026154836e-12, -4.333333333306861, -1.999999999959514, 2.0000000000316365, 4.333333333378992, 1.0, 0.0, 0.0, 0.0
0.22666666666666666, 4.666666666666666, 0.0, 5.600820647551352e-06, 0.9999999999989464, 4.844125101044483e-12, -4.666666666655805, -1.9999999999843014, 2.000000000012791, 4.666666666684302, 1.0, 0.0, 0.0, 0.0
0.22666666666666666, 5.0, 0.0, 2.586640733256984e-06, 0.9999999999998194, 2.6189050927882818e-12, -4.999999999997619, -1.9999999999967046, 2.0000000000027747, 5.000000000003695, 1.0, 0.0, 0.0, 0.0
0.3533333333333333, 0.0, 0.0, 1.543492642160256e-06, 0.0, 9.437180270854471e-13, -1.9999999999994948, 1.3799709178296391e-12, 2.0547401774241015e-12, 2.000000000002931, 1.0, 0.0, 0.0, 0.0
0.3533333333333333, 0.3333333333333333, 0.0, 1.890046825256831e-06, 3.1457267569514905e-13, 6.978099146349737e-11, -1.9999999999993099, -0.33333333333050297, 0.3333333333355519, 2.0000000000043565, 1.0, 0.0, 0.0, 0.0
0.3533333333333333, 0.6666666666666666, 0.0, 1.4855279229775836e-05, 4.6520660975664913e-11, 1.8835808752448519e-10, -1.9999999999680134, -0.666666666469271, 0.6666666667813594, 2.000000000280098, 1.0, 0.0, 0.0, 0.0
0.3533333333333333, 1.0, 0.0, 1.6838444659046485e-05, 1.2588663102535194e-10, 0.17848296940450917, -1.9999999999884202, -0.9999999997051753, 1.0000000001059945, 2.00000000038924, 1.0, 0.0, 0.0, 0.0
0.3533333333333333, 1.3333333333333333, 0.0, 0.4204407593602887, 0.11898864631619344, 0.4454116282676928, -2.0145513145081457, -1.121497370592695, 1.3713329146718198, 2.2643868585872715, 1.0, 0.0, 0.0, 0.0
0.3533333333333333, 1.6666666666666665, 0.0, 0.5690132192016703, 0.29694108563768185, 0.5549771562858932, -2.083385015809513, -1.2128349852161036, 1.6704384602079108, 2.5409884908013223, 1.0, 0.0, 0.0, 0.0
0.3533333333333333, 2.0, 0.0, 0.6044256985195282, 0.48897341717345555, 0.5899104446820528, -2.2140616099602832, -1.3598066227193495, 1.8761402900962418, 2.7303952773371742, 1.0, 0.0, 0.0, 0.0
0.3533333333333333, 2.333333333333333, 0.0, 0.5469388176556962, 0.690214715425717, 0.6133204029979931, -2.4103833775201426, -1.5685694311795275, 1.9913568904784449, 2.8331708368190593, 1.0, 0.0, 0.0, 0.0
0.3533333333333333, 2.6666666666666665, 0.0, 0.3521209515609065, 0.8978536858387842, 0.464677926858275, -2.6749118346030216, -1.842977835870142, 2.01821585507058, 2.8501498538034618, 1.0, 0.0, 0.0, 0.0
0.3533333333333333, 3.0, 0.0, 2.003835056153553e-06, 0.9999999999979003, 0.15321947123972618, -2.9999999999995652, -1.9999999999955291, 2.0000000000012434, 3.0000000000052816, 1.0, 0.0, 0.0, 0.0
0.3533333333333333, 3.333333333333333, 0.0, 2.140840926929846e-06, 0.9999999999986017, 3.146483074090156e-12, -3.3333333333322166, -1.9999999999953728, 2.0000000000019953, 3.3333333333388344, 1.0, 0.0, 0.0, 0.0
0.3533333333333333, 3.6666666666666665, 0.0, 5.566194037295597e-08, 0.999999999999998, 2.0898283104031634e-12, -3.6666666666666616, -1.9999999999999911, 2.000000000000004, 3.6666666666666807, 1.0, 0.0, 0.0, 0.0
0.3533333333333333, 4.0, 0.0, 7.009684228930554e-08, 0.9999999999999949, -2.0816681711721685e-14, -3.9999999999999867, -1.9999999999999658, 2.0000000000000213, 4.000000000000037, 1.0, 0.0, 0.0, 0.0
0.3533333333333333, 4.333333333333333, 0.0, 3.563915487080966e-07, 0.9999999999999841, -7.61857243958275e-12, -4.333333333333266, -1.9999999999998743, 2.000000000000085, 4.333333333333488, 1.0, 0.0, 0.0, 0.0
0.3533333333333333, 4.666666666666666, 0.0, 7.893167503205886e-06, 0.9999999999949158, -8.38829006255537e-13, -4.6666666666389265, -1.9999999999488813, 2.0000000000370917, 4.666666666727137, 1.0, 0.0, 0.0, 0.0
0.3533333333333333, 5.0, 0.0, 2.9592471114696026e-06, 0.9999999999994249, 1.3527179376637832e-11, -4.9999999999958975, -1.999999999992978, 2.000000000005354, 5.000000000008269, 1.0, 0.0, 0.0, 0.0
0.48, 0.0, 0.0, -9.701763356125347e-07, 0.0, 8.916011020449187e-11, -1.9999999999998614, 5.416932384310757e-13, 6.377444416506293e-12, 2.000000000006782, 1.0, 0.0, 0.0, 0.0
0.48, 0.3333333333333333, 0.0, 1.3482525865993753e-05, 2.9720036734830624e-11, 0.05262469340853994, -1.9999999999977935, -0.3333333331288648, 0.33333333348001265, 2.0000000003489435, 1.0, 0.0, 0.0, 0.0
0.48, 0.6666666666666666, 0.0, 0.3313235737970395, 0.035083128939026625, 0.17183061542292496, -2.0040189338145327, -0.5267060073825434, 0.737474603645781, 2.214787530077771, 1.0, 0.0, 0.0, 0.0
0.48, 1.0, 0.0, 0.49626548207381027, 0.11455374364500334, 0.27820275260869004, -2.0280423185266474, -0.6467804005862253, 1.1196369036866012, 2.5008988216270223, 1.0, 0.0, 0.0, 0.0
0.48, 1.3333333333333333, 0.0, 0.593152988789076, 0.2205516306781533, 0.343286180143347, -2.0833160242843327, -0.7636826350117033, 1.4391971337819607, 2.7588305230545886, 1.0, 0.0, 0.0, 0.0
0.48, 1.6666666666666665, 0.0, 0.6419821268639776, 0.34341119707390133, 0.38526763140697023, -2.176936692989971, -0.9000545988630412, 1.6913654171916155, 2.968247511318546, 1.0, 0.0, 0.0, 0.0
0.48, 2.0, 0.0, 0.648635211050308, 0.4773967182828001, 0.4134908688319464, -2.313485184340287, -1.0681055791236946, 1.8759026421911078, 3.1212822474076987, 1.0, 0.0, 0.0, 0.0
0.48, 2.333333333333333, 0.0, 0.6118314723843591, 0.6190717762951989, 0.433329591352983, -2.496050999442552, -1.2749573114222608, 1.993685792574289, 3.2147794805945757, 1.0, 0.0, 0.0, 0.0
0.48, 2.6666666666666665, 0.0, 0.5207557354617044, 0.7662831125181221, 0.44782686024304225, -2.7268120597108285, -1.5250855971517352, 2.04576374630296, 3.2474902088620508, 1.0, 0.0, 0.0, 0.0
0.48, 3.0, 0.0, 0.3319683259991043, 0.9176230164572271, 0.35057533103842736, -3.007363434656105, -1.8215083732586117, 2.033098074634692, 3.2189531360321872, 1.0, 0.0, 0.0, 0.0
0.48, 3.333333333333333, 0.0, 1.4935727538553266e-05, 0.9999999998770737, 0.12356547530210515, -3.3333333333119066, -1.9999999996700548, 2.000000000098553, 3.3333333337404096, 1.0, 0.0, 0.0, 0.0
0.48, 3.6666666666666665, 0.0, 4.674471457820134e-06, 0.9999999999919639, 1.8428725212515928e-10, -3.6666666666612175, -1.9999999999698974, 2.0000000000127027, 3.666666666704021, 1.0, 0.0, 0.0, 0.0
0.48, 4.0, 0.0, 4.424790505704766e-07, 0.9999999999999318, 1.2051026843096224e-11, -3.9999999999999067, -1.9999999999996616, 2.0000000000001745, 4.000000000000424, 1.0, 0.0, 0.0, 0.0
0.48, 4.333333333333333, 0.0, 8.606858084452699e-08, 0.9999999999999979, -2.077937821809428e-11, -4.333333333333332, -1.9999999999999882, 2.0000000000000053, 4.333333333333344, 1.0, 0.0, 0.0, 0.0
0.48, 4.666666666666666, 0.0, 9.622197756574066e-06, 0.9999999999860789, -5.712930128964899e-12, -4.666666666622573, -1.9999999998919025, 2.000000000069694, 4.666666666800367, 1.0, 0.0, 0.0, 0.0
0.48, 5.0, 0.0, -2.781103956260172e-07, 0.9999999999961893, 3.033107098815435e-11, -4.999999999983617, -1.9999999999643008, 2.000000000024664, 5.000000000043975, 1.0, 0.0, 0.0, 0.0
0.6066666666666666, 0.0, 0.0, 0.5663327316937794, 0.0, 0.13896024754459804, -2.0375091575085187, 0.38915562734450315, 0.3891558775057624, 2.8158206623587847, 1.0, 0.0, 0.0, 0.0
0.6066666666666666, 0.3333333333333333, 0.0, 0.5824344735075339, 0.04632008251486601, 0.1557267290959464, -2.045044021477565, 0.14022592819355242, 0.6829720011300011, 2.868241950801118, 1.0, 0.0, 0.0, 0.0
0.6066666666666666, 0.6666666666666666, 0.0, 0.6197571679873628, 0.10381781939729759, 0.19476686991742737, -2.0696653478049583, -0.05978338203114292, 0.9918634940771751, 3.0017454598509885, 1.0, 0.0, 0.0, 0.0
0.6066666666666666, 1.0, 0.0, 0.6592530712625891, 0.1761646624598176, 0.23679565964905622, -2.115925590765196, -0.22930960054513558, 1.2839743922569546, 3.1705903824770156, 1.0, 0.0, 0.0, 0.0
0.6066666666666666, 1.3333333333333333, 0.0, 0.6884088500802921, 0.2616815924966684, 0.27188281208145426, -2.1885751250340917, -0.3899244200376312, 1.5399381209194771, 3.338588825915939, 1.0, 0.0, 0.0, 0.0
0.6066666666666666, 1.6666666666666665, 0.0, 0.7011289709429971, 0.35741987051412044, 0.2987069560844965, -2.291513699625628, -0.5577621261894319, 1.7506673764429135, 3.484418949879109, 1.0, 0.0, 0.0, 0.0
0.6066666666666666, 2.0, 0.0, 0.694024039807012, 0.46081956321966605, 0.31883039263673046, -2.427703761761206, -0.7435387584961886, 1.9123897577637672, 3.5965547610287834, 1.0, 0.0, 0.0, 0.0
0.6066666666666666, 2.333333333333333, 0.0, 0.6638587198040716, 0.5699734656052741, 0.334038196886569, -2.599364105329894, -0.9542757909448821, 2.023728174604913, 3.6688164889899206, 1.0, 0.0, 0.0, 0.0
0.6066666666666666, 2.6666666666666665, 0.0, 0.6054867990084771, 0.6835116944773787, 0.34572793285982156, -2.8081720554965433, -1.1946882678434092, 2.084338881267207, 3.69782266892034, 1.0, 0.0, 0.0, 0.0
0.6066666666666666, 3.0, 0.0, 0.5079894204510658, 0.8004587541784884, 0.35487685780364864, -3.0554172205888426, -1.4680920969512699, 2.094301320082195, 3.6816264437197703, 1.0, 0.0, 0.0, 0.0
0.6066666666666666, 3.333333333333333, 0.0, 0.3379094009417385, 0.9200962663464778, 0.29931186872900095, -3.3421095479264573, -1.7768085914344298, 2.0538920969084975, 3.6191930534005277, 1.0, 0.0, 0.0, 0.0
0.6066666666666666, 3.6666666666666665, 0.0, 1.931163270748801e-06, 0.9999999999978224, 0.11985560039192183, -3.666666666666405, -1.9999999999930549, 2.0000000000022315, 3.666666666675575, 1.0, 0.0, 0.0, 0.0
0.6066666666666666, 4.0, 0.0, 1.199940105253575e-05, 0.9999999999410923, 3.105515844481488e-12, -3.9999999999665974, -1.9999999997545308, 2.0000000001040945, 4.0000000003161595, 1.0, 0.0, 0.0, 0.0
0.6066666666666666, 4.333333333333333, 0.0, 5.654457345041623e-07, 0.9999999999998928, 8.83226825010297e-11, -4.333333333333214, -1.9999999999994378, 2.000000000000283, 4.3333333333340605, 1.0, 0.0, 0.0, 0.0
0.6066666666666666, 4.666666666666666, 0.0, 3.136603785103612e-07, 0.9999999999999741, -2.4470425685763075e-11, -4.66666666666662, -1.9999999999998312, 2.0000000000000977, 4.666666666666885, 1.0, 0.0, 0.0, 0.0
0.6066666666666666, 5.0, 0.0, -4.9883097742422504e-08, 0.9999999999835791, -4.918498941464122e-11, -4.999999999956556, -1.9999999998733153, 2.000000000079124, 5.000000000162361, 1.0, 0.0, 0.0, 0.0
0.7333333333333333, 0.0, 0.0, 0.7315273294976343, 0.0, 0.18428166467130633, -2.1484848484597867, 0.7848604489214274, 0.7848607702309477, 3.7182060676121607, 1.0, 0.0, 0.0, 0.0
0.7333333333333333, 0.3333333333333333, 0.0, 0.7348295039644789, 0.061427221557102105, 0.18931579428337963, -2.158671697918826, 0.566022322167436, 1.017902584197145, 3.7425966042834062, 1.0, 0.0, 0.0, 0.0
0.7333333333333333, 0.6666666666666666, 0.0, 0.7428795016032396, 0.1262105295222531, 0.2023924489585942, -2.1898149231434045, 0.36484985656521385, 1.2539686748820467, 3.808633454590663, 1.0, 0.0, 0.0, 0.0
0.7333333333333333, 1.0, 0.0, 0.7513513052411958, 0.1963555208628316, 0.21919566807733568, -2.2434138360367104, 0.1768044512775163, 1.4791466481264555, 3.899364935440678, 1.0, 0.0, 0.0, 0.0
0.7333333333333333, 1.3333333333333333, 0.0, 0.7556875049095292, 0.27234097490714354, 0.2360549950403454, -2.321370897208579, -0.006607516521868849, 1.6817274247460452, 3.9964908054327553, 1.0, 0.0, 0.0, 0.0
0.7333333333333333, 1.6666666666666665, 0.0, 0.7521893868745219, 0.3537255175563952, 0.25109100784440136, -2.425575469406256, -0.194116296045247, 1.8537636589768285, 4.0852228323378394, 1.0, 0.0, 0.0, 0.0
0.7333333333333333, 2.0, 0.0, 0.737977138349406, 0.43973498013674445, 0.26377881708640766, -2.557701761705816, -0.3929688225475573, 1.9904922422782676, 4.155225181436525, 1.0, 0.0, 0.0, 0.0
0.7333333333333333, 2.333333333333333, 0.0, 0.710418003941068, 0.529578062280667, 0.27424388362499824, -2.7191576613944726, -0.6087737244804912, 2.0892086960966636, 4.199592633010647, 1.0, 0.0, 0.0, 0.0
0.7333333333333333, 2.6666666666666665, 0.0, 0.6664181549541744, 0.6225642358867433, 0.28282381283296715, -2.9111025413826703, -0.8457232945927158, 2.1484552225334603, 4.213834469323414, 1.0, 0.0, 0.0, 0.0
0.7333333333333333, 3.0, 0.0, 0.6012874006834322, 0.7181272708359784, 0.2898749735576031, -3.1344863451695937, -1.1069491439816717, 2.1674856560957405, 4.195022857283666, 1.0, 0.0, 0.0, 0.0
0.7333333333333333, 3.333333333333333, 0.0, 0.5060345090844556, 0.8158142182584787, 0.29570785039953684, -3.3900896695463927, -1.394813793763075, 2.145955171958413, 4.1412310477417345, 1.0, 0.0, 0.0, 0.0
0.7333333333333333, 3.6666666666666665, 0.0, 0.3564102534608661, 0.9152658377690029, 0.2762786537525369, -3.6785582232586713, -1.7111270403959047, 2.0837432954605717, 4.051174478323341, 1.0, 0.0, 0.0, 0.0
0.7333333333333333, 4.0, 0.0, 0.00014502585408009486, 0.9999999874268366, 0.1271012433459382, -3.9999999993141917, -1.9999999540508009, 2.000000015773607, 4.000000061036996, 1.0, 0.0, 0.0, 0.0
0.7333333333333333, 4.333333333333333, 0.0, 8.979374072314164e-07, 0.9999999999996284, 1.88595530858926e-08, -4.333333333333159, -1.9999999999983054, 2.00000000000073, 4.333333333335589, 1.0, 0.0, 0.0, 0.0
0.7333333333333333, 4.666666666666666, 0.0, 5.998878873392796e-07, 0.999999999999872, 1.6253665080512292e-13, -4.666666666666543, -1.9999999999992897, 2.0000000000003566, 4.666666666667609, 1.0, 0.0, 0.0, 0.0
0.7333333333333333, 5.0, 0.0, 8.010268731401281e-07, 0.9999999999997368, -4.056754931980322e-13, -4.999999999999592, -1.9999999999982565, 2.0000000000009805, 5.0000000000023155, 1.0, 0.0, 0.0, 0.0
0.8599999999999999, 0.0, 0.0, 0.8136211513869467, 0.0, 0.1930508704293543, -2.3013953488365386, 1.1386023826918468, 1.1386066775758976, 4.578604409104282, 1.0, 0.0, 0.0, 0.0
0.8599999999999999, 0.3333333333333333, 0.0, 0.8136593776491665, 0.06435029014311809, 0.19479794497251343, -2.3121033945667104, 0.9455204407454715, 1.331902604212841, 4.589526439525023, 1.0, 0.0, 0.0, 0.0
0.8599999999999999, 0.6666666666666666, 0.0, 0.8132906271277607, 0.1298652966483423, 0.19961724352411758, -2.344426080471476, 0.7547695600565199, 1.520589695901935, 4.619785336429928, 1.0, 0.0, 0.0, 0.0
0.8599999999999999, 1.0, 0.0, 0.8112433705085567, 0.1974284524925298, 0.20648193249014976, -2.3989094058790714, 0.5655263252809551, 1.6983920480266965, 4.662827779186725, 1.0, 0.0, 0.0, 0.0
0.8599999999999999, 1.3333333333333333, 0.0, 0.8058456212184582, 0.26751991830844213, 0.21425347725456756, -2.476327319213757, 0.37481848606962487, 1.8590733623466913, 4.710219167630073, 1.0, 0.0, 0.0, 0.0
0.8599999999999999, 1.6666666666666665, 0.0, 0.7953495451059555, 0.34026410399557483, 0.2220482169309592, -2.5775516112600427, 0.17868140434906865, 1.9973968878685862, 4.753629903477704, 1.0, 0.0, 0.0, 0.0
0.8599999999999999, 2.0, 0.0, 0.7780583204325513, 0.4155520629290816, 0.22934020554955586, -2.703453078875887, -0.026932456587916535, 2.1094215965683967, 4.785942218856366, 1.0, 0.0, 0.0, 0.0
0.8599999999999999, 2.333333333333333, 0.0, 0.7522597225492046, 0.4931575743619454, 0.23589244204995477, -2.8548439441272473, -0.2456903425344929, 2.1923680767186857, 4.801521678311441, 1.0, 0.0, 0.0, 0.0
0.8599999999999999, 2.6666666666666665, 0.0, 0.7160301028742555, 0.5728136909623848, 0.24165568231041756, -3.032452768045763, -0.480684633692312, 2.2443695659763967, 4.7961377003298455, 1.0, 0.0, 0.0, 0.0
0.8599999999999999, 3.0, 0.0, 0.6668388807741191, 0.6542613625688904, 0.24666610931114535, -3.236919243658101, -0.7345013437291702, 2.2641802233475166, 4.766598123276453, 1.0, 0.0, 0.0, 0.0
0.8599999999999999, 3.333333333333333, 0.0, 0.6008380773393311, 0.7372577638364817, 0.25099901112089457, -3.468799096951778, -1.009168422279324, 2.251030421701438, 4.710661096373891, 1.0, 0.0, 0.0, 0.0
0.8599999999999999, 3.6666666666666665, 0.0, 0.5109432159897654, 0.8215940366494868, 0.2547498219249239, -3.728573129063102, -1.306364934219593, 2.2044215509025262, 4.626629745746033, 1.0, 0.0, 0.0, 0.0
0.8599999999999999, 4.0, 0.0, 0.37995085301208814, 0.9070909784530976, 0.2580148484898326, -4.016657239826497, -1.6274461015262194, 2.1240536199500903, 4.513264758250364, 1.0, 0.0, 0.0, 0.0
0.8599999999999999, 4.333333333333333, 0.0, 0.10258176701146093, 0.9936039356427085, 0.13936353232019738, -4.33341195610662, -1.973545510460736, 2.009744695589381, 4.369611141235271, 1.0, 0.0, 0.0, 0.0
0.8599999999999999, 4.666666666666666, 0.0, -2.8943667880160254e-07, 0.9999999999998959, 0.009594096529343787, -4.66666666666663, -1.9999999999994826, 2.000000000000228, 4.666666666667379, 1.0, 0.0, 0.0, 0.0
0.8599999999999999, 5.0, 0.0, 3.356780506950886e-06, 0.9999999999956044, -1.287436823815824e-11, -4.999999999996486, -1.9999999999742024, 2.000000000013066, 5.000000000035342, 1.0, 0.0, 0.0, 0.0
0.9866666666666665, 0.0, 0.0, 0.8620887573646152, 0.0, 0.18854665883097518, -2.4800900900895844, 1.4665738094399372, 1.4665771181615552, 5.413241017691082, 1.0, 0.0, 0.0, 0.0
0.9866666666666665, 0.3333333333333333, 0.0, 0.8611249569460259, 0.06284888627699173, 0.18923359589141006, -2.490558353802735, 1.2946863310986914, 1.6319098379281312, 5.4171545228295646, 1.0, 0.0, 0.0, 0.0
0.9866666666666665, 0.6666666666666666, 0.0, 0.8580694918969337, 0.12615573059427337, 0.19119206097669506, -2.522040495990514, 1.1175002195467911, 1.78836435199672, 5.427905067534028, 1.0, 0.0, 0.0, 0.0
0.9866666666666665, 1.0, 0.0, 0.8524609889859052, 0.1903102602614551, 0.1941523497945896, -2.57475679169689, 0.9350934250932622, 1.932908739868744, 5.4427589566589, 1.0, 0.0, 0.0, 0.0
0.9866666666666665, 1.3333333333333333, 0.0, 0.8436181538590221, 0.2555906304573331, 0.19776716491159796, -2.6490395657249994, 0.7465280106548321, 2.062281462653009, 5.457849039032836, 1.0, 0.0, 0.0, 0.0
0.9866666666666665, 1.6666666666666665, 0.0, 0.8307103447889771, 0.32215503686918706, 0.2016999041221845, -2.745293641056098, 0.5501448487280768, 2.1733696095928416, 5.468808099377015, 1.0, 0.0, 0.0, 0.0
0.9866666666666665, 2.0, 0.0, 0.8128183616850474, 0.3900572332054561, 0.20568258996918964, -2.863958486542039, 0.3439646475738398, 2.263494178711836, 5.471417312827716, 1.0, 0.0, 0.0, 0.0
0.9866666666666665, 2.333333333333333, 0.0, 0.7889149973489894, 0.4592767635153135, 0.20953192999672762, -3.00547831162949, 0.12589833326124228, 2.330455192346026, 5.461831837236761, 1.0, 0.0, 0.0, 0.0
0.9866666666666665, 2.6666666666666665, 0.0, 0.7578182980799044, 0.5297451865366078, 0.21314022748712716, -3.170281804383165, -0.10602571982463932, 2.372551287555564, 5.436807372114091, 1.0, 0.0, 0.0, 0.0
0.9866666666666665, 3.0, 0.0, 0.7180494545226612, 0.6013702485067316, 0.2164565262407115, -3.358770342657677, -0.3536081707498718, 2.3884898462904096, 5.393652018198217, 1.0, 0.0, 0.0, 0.0
0.9866666666666665, 3.333333333333333, 0.0, 0.6675833858868626, 0.6740495373637488, 0.21946614743142978, -3.571312461498424, -0.618419779962529, 2.3773211509659444, 5.330213832501844, 1.0, 0.0, 0.0, 0.0
0.9866666666666665, 3.6666666666666665, 0.0, 0.6033130950403255, 0.7476810134610181, 0.22217615856877393, -3.808242418092256, -0.9018186396245325, 2.3383527787119056, 5.244776557179627, 1.0, 0.0, 0.0, 0.0
0.9866666666666665, 4.0, 0.0, 0.5197452072822425, 0.8221669764095981, 0.22460741021470576, -4.069861179834498, -1.2049576844666166, 2.2710908021451077, 5.135994297512988, 1.0, 0.0, 0.0, 0.0
0.9866666666666665, 4.333333333333333, 0.0, 0.4046868324477811, 0.8974192869374886, 0.22677781195091196, -4.3564386884095665, -1.5288288515054542, 2.1751801045411736, 5.002789941445288, 1.0, 0.0, 0.0, 0.0
0.9866666666666665, 4.666666666666666, 0.0, 0.21126135316949907, 0.9733521843768728, 0.1538710695928308, -4.668216677116889, -1.874241534295294, 2.0503866325032574, 4.844361775324856, 1.0, 0.0, 0.0, 0.0
0.9866666666666665, 5.0, 0.0, 1.0040401206178528e-06, 0.9999999999993758, 0.0799434468675092, -4.999999999999858, -1.9999999999966933, 2.0000000000015024, 5.000000000004668, 1.0, 0.0, 0.0, 0.0
1.1133333333333333, 0.0, 0.0, 0.8934805429623485, 0.0, 0.17936251819615323, -2.675768463073839, 1.777564387507939, 1.7775649263302908, 6.2308977769120695, 1.0, 0.0, 0.0, 0.0
1.1133333333333333, 0.3333333333333333, 0.0, 0.8922366180274214, 0.0597875060653844, 0.17966198891602575, -2.685730223541234, 1.623086374593983, 1.9221507583591622, 6.230967356494384, 1.0, 0.0, 0.0, 0.0
1.1133333333333333, 0.6666666666666666, 0.0, 0.888435257642547, 0.1197746592773505, 0.18053180385658257, -2.7156490567420546, 1.4594745282708876, 2.055618100343245, 6.230741685356186, 1.0, 0.0, 0.0, 0.0
1.1133333333333333, 1.0, 0.0, 0.8818748321140275, 0.1801420419697728, 0.18189344152841005, -2.7656223722297577, 1.2869753758565572, 2.1763962950553384, 6.228994043141658, 1.0, 0.0, 0.0, 0.0
1.1133333333333333, 1.3333333333333333, 0.0, 0.8722339337098777, 0.24103695362962385, 0.1836349730919855, -2.835802503159213, 1.1053403941172315, 2.282720135595419, 6.223863032871854, 1.0, 0.0, 0.0, 0.0
1.1133333333333333, 1.6666666666666665, 0.0, 0.8590955434029522, 0.3025653573644298, 0.18563443519806938, -2.9263841336631558, 0.9139483763386654, 2.3728127036625644, 6.213145213664387, 1.0, 0.0, 0.0, 0.0
1.1133333333333333, 2.0, 0.0, 0.84194426393189, 0.3647932437616701, 0.18777787418407005, -3.037590547739753, 0.7118679076348263, 2.4449671317219006, 6.194425587096482, 1.0, 0.0, 0.0, 0.0
1.1133333333333333, 2.333333333333333, 0.0, 0.8201727652481374, 0.4277506068204765, 0.18996949203133356, -3.169660768152035, 0.4980206780836753, 2.4976625734033093, 6.1653440196390115, 1.0, 0.0, 0.0, 0.0
1.1133333333333333, 2.6666666666666665, 0.0, 0.7930532430003516, 0.49143957178255915, 0.1921331867922686, -3.3228388490506227, 0.27126247958942573, 2.5295878009703743, 6.123689129610414, 1.0, 0.0, 0.0, 0.0
1.1133333333333333, 3.0, 0.0, 0.7596927984320198, 0.5558393980153222, 0.19422030862648543, -3.497365783618079, 0.030495777211051994, 2.5396705085020748, 6.067532069331205, 1.0, 0.0, 0.0, 0.0
1.1133333333333333, 3.333333333333333, 0.0, 0.718911090533429, 0.6209197775335494, 0.19620196363911052, -3.693473918360299, -0.22537576363015643, 2.5270060854267755, 5.9951042401569135, 1.0, 0.0, 0.0, 0.0
1.1133333333333333, 3.6666666666666665, 0.0, 0.6690696851647664, 0.6866407071080626, 0.19805877161909408, -3.911383470227139, -0.4973336287694258, 2.4908871936309924, 5.904937035088709, 1.0, 0.0, 0.0, 0.0
1.1133333333333333, 4.0, 0.0, 0.6076759080050067, 0.7529589586129455, 0.19978281569569978, -4.151300653475433, -0.7862704203488619, 2.430752861186021, 5.795783094312584, 1.0, 0.0, 0.0, 0.0
1.1133333333333333, 4.333333333333333, 0.0, 0.5304772294086258, 0.8198292509051958, 0.20137087719501956, -4.4134169555175315, -1.0929742038131127, 2.346169328718765, 5.666612080423185, 1.0, 0.0, 0.0, 0.0
1.1133333333333333, 4.666666666666666, 0.0, 0.428755929492748, 0.8872062100762919, 0.2028354347798445, -4.697909183232568, -1.41813891428256, 2.23680251592424, 5.516572784874253, 1.0, 0.0, 0.0, 0.0
1.1133333333333333, 5.0, 0.0, 0.2762942706878322, 0.9550528740917588, 0.20353999204640072, -5.004939993352252, -1.7624164113919754, 2.102377305008119, 5.344900886968394, 1.0, 0.0, 0.0, 0.0
1.24, 0.0, 0.0, 0.9150995366673482, 0.0, 0.16888044433626928, -2.883225806449543, 2.0767688254600136, 2.0767706981038216, 7.036765330013379, 1.0, 0.0, 0.0, 0.0
1.24, 0.3333333333333333, 0.0, 0.9138334436894422, 0.05629348144542309, 0.16902237661428884, -2.892606721350417, 1.9367168719988708, 2.2053372795155, 7.0346608728647775, 1.0, 0.0, 0.0, 0.0
1.24, 0.6666666666666666, 0.0, 0.9099991004246069, 0.11268158440952589, 0.1694397666460048, -2.9207653393657838, 1.7856475685065902, 2.3217203108504476, 7.028133218722822, 1.0, 0.0, 0.0, 0.0
1.24, 1.0, 0.0, 0.9034885001429533, 0.16925332587609296, 0.17010692935279836, -2.967748265309155, 1.6237739469477734, 2.425031743709668, 7.016553955966587, 1.0, 0.0, 0.0, 0.0
1.24, 1.3333333333333333, 0.0, 0.8941345429147891, 0.22608620397805812, 0.1709851112447854, -3.0336299589425915, 1.4511049825286795, 2.5142988584122303, 6.999033799883494, 1.0, 0.0, 0.0, 0.0
1.24, 1.6666666666666665, 0.0, 0.8817018672885574, 0.2832434000392832, 0.17202966493037336, -3.1185084521677657, 1.267417931680749, 2.588477054911079, 6.974403438759602, 1.0, 0.0, 0.0, 0.0
1.24, 2.0, 0.0, 0.8658879808076094, 0.3407726472649737, 0.17319390157100154, -3.2225002692026177, 1.0723041155993946, 2.6465153811255084, 6.941319765927519, 1.0, 0.0, 0.0, 0.0
1.24, 2.333333333333333, 0.0, 0.8463214932402732, 0.3987060010866176, 0.17443318950274447, -3.3457351616323003, 0.865233236156848, 2.687416710654886, 6.898385108444039, 1.0, 0.0, 0.0, 0.0
1.24, 2.6666666666666665, 0.0, 0.8225472233596768, 0.45706144026680334, 0.17570786979964942, -3.4883511545603136, 0.6455926974060591, 2.7102636184992743, 6.844207470465655, 1.0, 0.0, 0.0, 0.0
1.24, 3.0, 0.0, 0.7940015405829778, 0.5158445809530505, 0.17698730940019955, -3.6504902291183825, 0.41273441199060334, 2.714240282395149, 6.777464923504142, 1.0, 0.0, 0.0, 0.0
1.24, 3.333333333333333, 0.0, 0.7599607333704926, 0.5750529798669364, 0.1782474781344861, -3.8322947964737013, 0.16597903386899565, 2.6986209348054913, 6.696894765148178, 1.0, 0.0, 0.0, 0.0
1.24, 3.6666666666666665, 0.0, 0.7194684341043927, 0.6346762330427079, 0.17946998414543336, -4.033904984324955, -0.0953236719431148, 2.662792417200778, 6.601373729582618, 1.0, 0.0, 0.0, 0.0
1.24, 4.0, 0.0, 0.6711853367703715, 0.694699635963892, 0.18064110700380565, -4.25545666963129, -0.3718026185523305, 2.6062318097881034, 6.489885860867066, 1.0, 0.0, 0.0, 0.0
1.24, 4.333333333333333, 0.0, 0.6131092088267905, 0.7551036377119117, 0.18175555768109813, -4.497080146831442, -0.6640321068229221, 2.5285105004874135, 6.361558540495932, 1.0, 0.0, 0.0, 0.0
1.24, 4.666666666666666, 0.0, 0.5419285405347528, 0.8158700077512907, 0.18280951402697043, -4.75889930723394, -0.972572595430673, 2.4292578489396695, 6.215584560742934, 1.0, 0.0, 0.0, 0.0
1.24, 5.0, 0.0, 0.4513133409166587, 0.8769766470632253, 0.18331991793580382, -5.041031211178914, -1.2979114303580406, 2.308182739554877, 6.051302520375748, 1.0, 0.0, 0.0, 0.0
1.3666666666666667, 0.0, 0.0, 0.930672316014329, 0.0, 0.1584665903378379, -3.0991869918608876, 2.3674693598835876, 2.3674892203525015, 7.8341455720969835, 1.0, 0.0, 0.0, 0.0
1.3666666666666667, 0.3333333333333333, 0.0, 0.9294752796198494, 0.052822196779279296, 0.15853889180407385, -3.1079900163786, 2.239502422929232, 2.4832837253914817, 7.830776164699323, 1.0, 0.0, 0.0, 0.0
1.3666666666666667, 0.6666666666666666, 0.0, 0.9258635573466554, 0.10569259453604923, 0.1587526510154801, -3.134407153027755, 2.099656341484488, 2.586497845146789, 7.820561339659031, 1.0, 0.0, 0.0, 0.0
1.3666666666666667, 1.0, 0.0, 0.9197759999562135, 0.15865729745626603, 0.1590987834511195, -3.178462238037251, 1.948123185087835, 2.67661061412628, 7.80319603725137, 1.0, 0.0, 0.0, 0.0
1.3666666666666667, 1.3333333333333333, 0.0, 0.9111103274802261, 0.2117584501701289, 0.1595632572274756, -3.240193862069407, 1.78496087161355, 2.7530395527179397, 7.7781942864009, 1.0, 0.0, 0.0, 0.0
1.3666666666666667, 1.6666666666666665, 0.0, 0.8997222408951374, 0.2650328022745831, 0.1601286317350796, -3.3196537991479462, 1.610110109897579, 2.8151571622646485, 7.744921071310176, 1.0, 0.0, 0.0, 0.0
1.3666666666666667, 2.0, 0.0, 0.8854227400929032, 0.31851087132684863, 0.16077542121494645, -3.4169050459924044, 1.4234059331821314, 2.8623154769003523, 7.702626456074888, 1.0, 0.0, 0.0, 0.0
1.3666666666666667, 2.333333333333333, 0.0, 0.8679742334258752, 0.3722164164178807, 0.16148471782137272, -3.532019652602363, 1.2246001606444197, 2.8938731814276677, 7.650492994674441, 1.0, 0.0, 0.0, 0.0
1.3666666666666667, 2.6666666666666665, 0.0, 0.847078845273318, 0.42616734987443045, 0.16223509708666764, -3.665076515443266, 1.0133639851165106, 2.9092020648237176, 7.587642565383501, 1.0, 0.0, 0.0, 0.0
1.3666666666666667, 3.0, 0.0, 0.8223748767028974, 0.4803731478089925, 0.16301131225889073, -3.816159273610153, 0.7893659800549312, 2.9077430800939283, 7.513268333759024, 1.0, 0.0, 0.0, 0.0
1.3666666666666667, 3.333333333333333, 0.0, 0.793392771762105, 0.5348415580470243, 0.163801308692985, -3.9853544071414992, 0.5521781259778863, 2.888935967585846, 7.426468500705223, 1.0, 0.0, 0.0, 0.0
1.3666666666666667, 3.6666666666666665, 0.0, 0.7595362186858535, 0.5895740202709825, 0.1645872925579584, -4.172749595792285, 0.30139527775763353, 2.852298851218341, 7.326443724768261, 1.0, 0.0, 0.0, 0.0
1.3666666666666667, 4.0, 0.0, 0.7200159815787763, 0.6445664197523299, 0.16536384455453174, -4.3784323599216, 0.0366309185030943, 2.797414889882652, 7.212478168307347, 1.0, 0.0, 0.0, 0.0
1.3666666666666667, 4.333333333333333, 0.0, 0.6737222057684931, 0.699816583307337, 0.16612049060499928, -4.6024889790274175, -0.24255298086906854, 2.7238817851848545, 7.08381778334321, 1.0, 0.0, 0.0, 0.0
1.3666666666666667, 4.666666666666666, 0.0, 0.6190406441304689, 0.755313413488996, 0.16685515320648264, -4.845003665676247, -0.5365041023942051, 2.6313926467292545, 6.939892210011295, 1.0, 0.0, 0.0, 0.0
1.3666666666666667, 5.0, 0.0, 0.5533689586061958, 0.8110533521116587, 0.16721981586798806, -5.106057962663636, -0.8456435425281924, 2.519630926302377, 6.780045346437824, 1.0, 0.0, 0.0, 0.0
1.4933333333333332, 0.0, 0.0, 0.9422814063614514, 0.0, 0.14865615059309337, -3.321488095237996, 2.6518439969007406, 2.6518443157790275, 8.625176407917762, 1.0, 0.0, 0.0, 0.0
1.4933333333333332, 0.3333333333333333, 0.0, 0.9411838740641704, 0.04955205019769779, 0.14869516091873533, -3.3297464072367013, 2.534101995038029, 2.7572384581580183, 8.62108686043275, 1.0, 0.0, 0.0, 0.0
1.4933333333333332, 0.6666666666666666, 0.0, 0.9378774236601751, 0.09913010727915689, 0.14881111414282164, -3.3545256883666017, 2.404209676834255, 2.8500183190537443, 8.608753684254612, 1.0, 0.0, 0.0, 0.0
1.4933333333333332, 1.0, 0.0, 0.9323219488491679, 0.14875945962624554, 0.14900015630550736, -3.3958388396475847, 2.262300267225425, 2.929865718175995, 8.588004825049007, 1.0, 0.0, 0.0, 0.0
1.4933333333333332, 1.3333333333333333, 0.0, 0.9244530086294646, 0.1984635448161618, 0.14925689670387185, -3.4537069258612125, 2.1084560561589756, 2.9964344450877642, 8.558597427107944, 1.0, 0.0, 0.0, 0.0
1.4933333333333332, 1.6666666666666665, 0.0, 0.9141736299303908, 0.24826405742882676, 0.1495748959605453, -3.528158556984758, 1.9426695726283667, 3.049325289981339, 8.520153419594472, 1.0, 0.0, 0.0, 0.0
1.4933333333333332, 2.0, 0.0, 0.9013571968987197, 0.298180142123192, 0.14994435596693545, -3.619229090185073, 1.7648778992882495, 3.0881256845482525, 8.472232674021573, 1.0, 0.0, 0.0, 0.0
1.4933333333333332, 2.333333333333333, 0.0, 0.8858477601603798, 0.3482269614067837, 0.15035788027596086, -3.7269597083116954, 1.5749929402694862, 3.112438551374546, 8.414391199955734, 1.0, 0.0, 0.0, 0.0
1.4933333333333332, 2.6666666666666665, 0.0, 0.8674403205189779, 0.39841872897383257, 0.15080585990907877, -3.851396432783961, 1.3728252511209396, 3.121825601264097, 8.346047285168993, 1.0, 0.0, 0.0, 0.0
1.4933333333333332, 3.0, 0.0, 0.8458915912171441, 0.44876420134616957, 0.15127927324067297, -3.992589124905485, 1.1582080389618097, 3.1159065966939616, 8.266703760561256, 1.0, 0.0, 0.0, 0.0
1.4933333333333332, 3.333333333333333, 0.0, 0.8208886185482749, 0.4992715778009479, 0.15177145558200233, -4.150590520658786, 0.9308969419167773, 3.0942822524808076, 8.17576971505638, 1.0, 0.0, 0.0, 0.0
1.4933333333333332, 3.6666666666666665, 0.0, 0.7920416942477551, 0.5499451717341711, 0.15227411100424704, -4.325455333546766, 0.690654703122419, 3.0565967682273514, 8.072706804896526, 1.0, 0.0, 0.0, 0.0
1.4933333333333332, 4.0, 0.0, 0.7588466500040132, 0.6007876518037792, 0.15278105449751633, -4.517239448468931, 0.4372206261947488, 3.0025128501643032, 7.9569729248279835, 1.0, 0.0, 0.0, 0.0
1.4933333333333332, 4.333333333333333, 0.0, 0.7206375048215299, 0.6517992080658487, 0.15328654768511207, -4.725999219238403, 0.17033560652997412, 2.93172638258356, 7.828061208351944, 1.0, 0.0, 0.0, 0.0
1.4933333333333332, 4.666666666666666, 0.0, 0.6764980889489738, 0.702978683593854, 0.15378665616334058, -4.951790873486947, -0.11026460846080252, 2.843958603521108, 7.685484868547254, 1.0, 0.0, 0.0, 0.0
1.4933333333333332, 5.0, 0.0, 0.6251049904305616, 0.7543236455080757, 0.15403488574266533, -5.194670022669208, -0.40484112827624535, 2.7389584560238665, 7.528787350416829, 1.0, 0.0, 0.0, 0.0
1.6199999999999999, 0.0, 0.0, 0.9511783043994544, 0.0, 0.13962779734443906, -3.5486419753079304, 2.93135510059927, 2.9313611800085373, 9.411358255915736, 1.0, 0.0, 0.0, 0.0
1.6199999999999999, 0.3333333333333333, 0.0, 0.9501840398713153, 0.04654259911481302, 0.13964997228043205, -3.5563988693759496, 2.8223783033134207, 3.0280878150808697, 9.406864987770243, 1.0, 0.0, 0.0, 0.0
1.6199999999999999, 0.6666666666666666, 0.0, 0.9471917177923701, 0.09309998152028802, 0.1397158045615401, -3.5796720126739685, 2.701282949414005, 3.1123925842351534, 9.393347546323126, 1.0, 0.0, 0.0, 0.0
1.6199999999999999, 1.0, 0.0, 0.9421753783793874, 0.1396864688225064, 0.13982375550771647, -3.618468733188107, 2.568181795612687, 3.184078199073505, 9.3707287278743, 1.0, 0.0, 0.0, 0.0
1.6199999999999999, 1.3333333333333333, 0.0, 0.9350881996928841, 0.18631581852543233, 0.1399718861597605, -3.6728010635615873, 2.423134289615744, 3.2429125294099594, 9.338847882587284, 1.0, 0.0, 0.0, 0.0
1.6199999999999999, 1.6666666666666665, 0.0, 0.9258627577845174, 0.23300105959568007, 0.1401571726280489, -3.74268548122127, 2.266157945261483, 3.288639618453769, 9.297483044936527, 1.0, 0.0, 0.0, 0.0
1.6199999999999999, 2.0, 0.0, 0.9144114406259417, 0.27975393361079826, 0.14037506854746132, -3.8281425655136707, 2.0972435697406393, 3.3209973024642987, 9.246383437718606, 1.0, 0.0, 0.0, 0.0
1.6199999999999999, 2.333333333333333, 0.0, 0.9006240269494641, 0.32658443862732095, 0.14062202893188588, -3.9291965903778494, 1.9163587396801764, 3.339722434032831, 9.185277764090866, 1.0, 0.0, 0.0, 0.0
1.6199999999999999, 2.6666666666666665, 0.0, 0.8843585943996513, 0.3735019528987222, 0.1408940700653878, -4.045875072327504, 1.7234161810048039, 3.3445278192008607, 9.113819072533172, 1.0, 0.0, 0.0, 0.0
1.6199999999999999, 3.0, 0.0, 0.8654426210785036, 0.4205138186709128, 0.14118689098053067, -4.17820829420019, 1.5183194870882315, 3.3351417417693683, 9.0316695230578, 1.0, 0.0, 0.0, 0.0
1.6199999999999999, 3.333333333333333, 0.0, 0.8436604860877653, 0.4676265468857426, 0.1414962230019212, -4.326228823250565, 1.3009366724346207, 3.3112876698577316, 8.93845316554291, 1.0, 0.0, 0.0, 0.0
1.6199999999999999, 3.6666666666666665, 0.0, 0.8187463744200036, 0.5148446340055269, 0.14181713964329076, -4.4899710398936366, 1.0711312551607517, 3.272708398895108, 8.833810693949502, 1.0, 0.0, 0.0, 0.0
1.6199999999999999, 4.0, 0.0, 0.7903651218880523, 0.5621713066479365, 0.14214680804542718, -4.669470690120388, 0.8287506757605946, 3.2191564520527214, 8.717377817933716, 1.0, 0.0, 0.0, 0.0
1.6199999999999999, 4.333333333333333, 0.0, 0.7580855922543532, 0.6096091727024784, 0.14248361588514946, -4.8647644712516005, 0.5736236651361374, 3.1503919332545314, 8.588780069642267, 1.0, 0.0, 0.0, 0.0
1.6199999999999999, 4.666666666666666, 0.0, 0.7213406415754309, 0.6571603839047028, 0.1428211173766306, -5.0758896573768, 0.30556678214533034, 3.0661866591867626, 8.447643098708896, 1.0, 0.0, 0.0, 0.0
1.6199999999999999, 5.0, 0.0, 0.6793678983157603, 0.7048232509535655, 0.14298860114658807, -5.302883767924504, 0.02443078461748496, 2.9663532187865806, 8.29366777132859, 1.0, 0.0, 0.0, 0.0
1.7466666666666666, 0.0, 0.0, 0.958151652178066, 0.0, 0.13140540439747592, -3.7795928753173045, 3.2070696633919584, 3.2070717287614885, 10.19373426747075, 1.0, 0.0, 0.0, 0.0
1.7466666666666666, 0.3333333333333333, 0.0, 0.9572561089045772, 0.0438018014658253, 0.131418520123153, -3.7868930562240397, 3.105676445158842, 3.2964805043133407, 10.189050005696238, 1.0, 0.0, 0.0, 0.0
1.7466666666666666, 0.6666666666666666, 0.0, 0.9545600101428908, 0.08761234674876865, 0.1314573666053801, -3.808795053338175, 2.992374534883336, 3.3737700250336147, 10.174939613255118, 1.0, 0.0, 0.0, 0.0
1.7466666666666666, 1.0, 0.0, 0.9500462800934588, 0.13144004586941202, 0.13152182681832217, -3.8453032056516436, 2.8672586123318395, 3.4388224221159254, 10.151384240099418, 1.0, 0.0, 0.0, 0.0
1.7466666666666666, 1.3333333333333333, 0.0, 0.9436773884629404, 0.17529356462765008, 0.13161048062066438, -3.8964246651883188, 2.730353942286217, 3.491461458674195, 10.118240066148743, 1.0, 0.0, 0.0, 0.0
1.7466666666666666, 1.6666666666666665, 0.0, 0.935408989036413, 0.21918036628318827, 0.13172165914331507, -3.962169281238978, 2.5817167251251942, 3.5315465792420873, 10.075432585606269, 1.0, 0.0, 0.0, 0.0
1.7466666666666666, 2.0, 0.0, 0.9251754619839376, 0.2631080040565268, 0.13185403908265514, -4.042549445363879, 2.421343115697226, 3.558891670697027, 10.022784231758132, 1.0, 0.0, 0.0, 0.0
1.7466666666666666, 2.333333333333333, 0.0, 0.9128961146962105, 0.30708305900495836, 0.13200665232983327, -4.137579903419191, 2.249225371794963, 3.573318117581581, 9.960123392795733, 1.0, 0.0, 0.0, 0.0
1.7466666666666666, 2.6666666666666665, 0.0, 0.8984661575992694, 0.3511124389430823, 0.1321752437154241, -4.24727754193452, 2.065307765775898, 3.574619069531149, 9.887204377241574, 1.0, 0.0, 0.0, 0.0
1.7466666666666666, 3.0, 0.0, 0.8817667543366441, 0.39519988814857443, 0.1323584025727485, -4.371661156497243, 1.869582339878702, 3.5626390887076007, 9.803882585083558, 1.0, 0.0, 0.0, 0.0
1.7466666666666666, 3.333333333333333, 0.0, 0.8626396095719865, 0.4393513739915813, 0.13255579385567579, -4.510751209661626, 1.6619475774814196, 3.537160133256116, 9.709858920399169, 1.0, 0.0, 0.0, 0.0
1.7466666666666666, 3.6666666666666665, 0.0, 0.8408977769628628, 0.4835704173856916, 0.1327632148350586, -4.664569585668178, 1.4423325984592192, 3.498002779697719, 9.604904963825133, 1.0, 0.0, 0.0, 0.0
1.7466666666666666, 4.0, 0.0, 0.816308319902324, 0.5278601838816204, 0.13297907571012624, -4.833139348103471, 1.2106455408056713, 3.4449845808822825, 9.488769469791425, 1.0, 0.0, 0.0, 0.0
1.7466666666666666, 4.333333333333333, 0.0, 0.7885797508327489, 0.5722231345257758, 0.13320154159475533, -5.0164845059543195, 0.9667853342215476, 3.377929389430227, 9.361199229606099, 1.0, 0.0, 0.0, 0.0
1.7466666666666666, 4.666666666666666, 0.0, 0.7573408657921382, 0.6166612116114573, 0.13342908952868282, -5.214629792201559, 0.7106416563506573, 3.2966671168567547, 9.221938565408982, 1.0, 0.0, 0.0, 0.0
1.7466666666666666, 5.0, 0.0, 0.7221086209002044, 0.661175860878231, 0.1335439478003212, -5.42760045819704, 0.442097935359891, 3.201035542534144, 9.070733936091086, 1.0, 0.0, 0.0, 0.0
1.873333333333333, 0.0, 0.0, 0.963723181074329, 0.0, 0.12394777894815938, -4.013570581255344, 3.4797574565305216, 3.4797685673924894, 10.973096605178362, 1.0, 0.0, 0.0, 0.0
1.873333333333333, 0.3333333333333333, 0.0, 0.962915947947206, 0.041315926316053124, 0.12395573287369142, -4.020456497169176, 3.3849806224539214, 3.562891417810563, 10.968328537433685, 1.0, 0.0, 0.0, 0.0
1.873333333333333, 0.6666666666666666, 0.0, 0.9604886454393183, 0.08263715524912761, 0.12397974288404888, -4.0411151364492826, 3.278608360624855, 3.634279668257624, 10.954003165331779, 1.0, 0.0, 0.0, 0.0
1.873333333333333, 1.0, 0.0, 0.9564249194078146, 0.12396908823875238, 0.12401947032839908, -4.075549162505592, 3.1606912999123296, 3.69382507440133, 10.930065536819246, 1.0, 0.0, 0.0, 0.0
1.873333333333333, 1.3333333333333333, 0.0, 0.9507009424143277, 0.165316802134727, 0.12407414815337371, -4.123762977254625, 3.0312819033784444, 3.741434662381687, 10.896479543014761, 1.0, 0.0, 0.0, 0.0
1.873333333333333, 1.6666666666666665, 0.0, 0.9432808069726556, 0.2066851870076682, 0.1241432896310051, -4.185762666799831, 2.8904102807699092, 3.7769979673804515, 10.853170914950192, 1.0, 0.0, 0.0, 0.0
1.873333333333333, 2.0, 0.0, 0.9341161165621562, 0.24807899522206373, 0.12422605361620667, -4.261555927921732, 2.73808750551734, 3.800392235846584, 10.80003566928566, 1.0, 0.0, 0.0, 0.0
1.873333333333333, 2.333333333333333, 0.0, 0.9231462794400499, 0.2895025560851393, 0.12432183139796463, -4.351151977649392, 2.5743173801819776, 3.8114941921266485, 10.73696354995803, 1.0, 0.0, 0.0, 0.0
1.873333333333333, 2.6666666666666665, 0.0, 0.9102945109696958, 0.33096021615404014, 0.12442917599138881, -4.454561448718135, 2.399079780767675, 3.810166703849336, 10.663807933335145, 1.0, 0.0, 0.0, 0.0
1.873333333333333, 3.0, 0.0, 0.8954696224024771, 0.3724553400793985, 0.12454680955048902, -4.571796273882088, 2.2123619506387002, 3.7962861119059506, 10.580444336426751, 1.0, 0.0, 0.0, 0.0
1.873333333333333, 3.333333333333333, 0.0, 0.8785582166038601, 0.4139914225210328, 0.12467424874597269, -4.702869562205139, 2.0141242595683084, 3.769714026548128, 10.486707848321581, 1.0, 0.0, 0.0, 0.0
1.873333333333333, 3.6666666666666665, 0.0, 0.8594229876163734, 0.45557150591004697, 0.1248099224851954, -4.8477954703868145, 1.8043201778540139, 3.730314806994368, 10.382430455235212, 1.0, 0.0, 0.0, 0.0
1.873333333333333, 4.0, 0.0, 0.8378971166104895, 0.4971980375111631, 0.12495259053153743, -5.00658907202856, 1.5828987919283826, 3.6779575660661767, 10.267445430023121, 1.0, 0.0, 0.0, 0.0
1.873333333333333, 4.333333333333333, 0.0, 0.813775062245933, 0.5388732329310719, 0.1251009695303582, -5.1792662274782835, 1.349798028825299, 3.6125109949954366, 10.141575251299017, 1.0, 0.0, 0.0, 0.0
1.873333333333333, 4.666666666666666, 0.0, 0.7868020362952028, 0.5805986838647352, 0.12525314191573444, -5.365843456552967, 1.104953567243501, 3.533850215518383, 10.004647239314858, 1.0, 0.0, 0.0, 0.0
1.873333333333333, 5.0, 0.0, 0.7566569227920587, 0.6223753275415616, 0.12532993103047896, -5.5663378160650065, 0.8482991989081821, 3.4418566775037296, 9.856493692476931, 1.0, 0.0, 0.0, 0.0
2.0, 0.0, 0.0, 0.9682468902089452, 0.0, 0.11718906758348742, -4.2499999999949765, 3.7500044390881495, 3.7500118841080403, 11.75001632319116, 1.0, 0.0, 0.0, 0.0
2.0, 0.3333333333333333, 0.0, 0.9675183860634414, 0.03906302252782914, 0.11719418282205218, -4.256510463739431, 3.6610431185523966, 3.827691500415528, 11.74524508270737, 1.0, 0.0, 0.0, 0.0
2.0, 0.6666666666666666, 0.0, 0.9653279269690874, 0.07812945521470145, 0.11720948582898193, -4.276042419203824, 3.560837712484315, 3.894026340209636, 11.73090647189776, 1.0, 0.0, 0.0, 0.0
2.0, 1.0, 0.0, 0.961664330641163, 0.11720267974715043, 0.11723465341573622, -4.308597553562844, 3.4494363614320753, 3.9489499172000775, 11.706983832194995, 1.0, 0.0, 0.0, 0.0
2.0, 1.3333333333333333, 0.0, 0.9565090717200296, 0.15628589082519226, 0.11726944095475045, -4.3541786606685955, 3.3268798027550477, 3.9923970315066892, 11.673455494930346, 1.0, 0.0, 0.0, 0.0
2.0, 1.6666666666666665, 0.0, 0.9498337868796998, 0.1953823070503174, 0.11731361203083636, -4.412789614297838, 3.1931883874976963, 4.024285394088152, 11.630263395883693, 1.0, 0.0, 0.0, 0.0
2.0, 2.0, 0.0, 0.9416017851699575, 0.2344949655124165, 0.11736685180489825, -4.484435331765846, 3.0483789495936673, 4.044532425088364, 11.577346706447871, 1.0, 0.0, 0.0, 0.0
2.0, 2.333333333333333, 0.0, 0.9317659257114927, 0.27362687492024956, 0.11742809951980812, -4.569121728654675, 2.892454947316277, 4.053046975219745, 11.514623651190709, 1.0, 0.0, 0.0, 0.0
2.0, 2.6666666666666665, 0.0, 0.9202702636025513, 0.3127803651922886, 0.11749812996397577, -4.666855665834014, 2.7254291880412995, 4.049749676529777, 11.442034530405106, 1.0, 0.0, 0.0, 0.0
2.0, 3.0, 0.0, 0.9070407090673688, 0.3519589615629001, 0.11757552730122672, -4.7776448899943835, 2.5472620900257414, 4.034520693217742, 11.359427673237875, 1.0, 0.0, 0.0, 0.0
2.0, 3.333333333333333, 0.0, 0.8919961193702878, 0.39116405005977306, 0.11765909566518598, -4.901497968889412, 2.357966935906366, 4.007289679866892, 11.266754584662667, 1.0, 0.0, 0.0, 0.0
2.0, 3.6666666666666665, 0.0, 0.8750321779507049, 0.43039835867302406, 0.11774922834574345, -5.038424222807912, 2.1575039156967257, 3.9679465838965213, 11.163874722401154, 1.0, 0.0, 0.0, 0.0
2.0, 4.0, 0.0, 0.8560264696186682, 0.469663535623602, 0.11784450244489811, -5.188433653395657, 1.9458500715482614, 3.9164004619546526, 11.050684186898584, 1.0, 0.0, 0.0, 0.0
2.0, 4.333333333333333, 0.0, 0.8348294163485706, 0.5089613603029561, 0.11794475100419241, -5.351536871212339, 1.7229676574515507, 3.852553577756083, 10.927058106419988, 1.0, 0.0, 0.0, 0.0
2.0, 4.666666666666666, 0.0, 0.8112586547470239, 0.548293369626397, 0.11804921044831262, -5.52774502313195, 1.488814662687233, 3.776310176534527, 10.792869862353697, 1.0, 0.0, 0.0, 0.0
2.0, 5.0, 0.0, 0.7850893832173796, 0.5876608339351646, 0.11810239292630276, -5.717069720663519, 1.2433456216129364, 3.687577095512389, 10.647992437788844, 1.0, 0.0, 0.0, 0.0
