J, B, T, O, m, chi, E0, E1, E2, E3, p0, p1, p2, p3, w1, w2, w3, w4, w5, w6, boundary 
0.2, 0.0, 0.0, 3.5483575876444457e-07, 0.0, 5.849041411204246e-15, -1.9999999999999618, 4.334122686775417e-14, 8.733299480891265e-14, 2.000000000000092, 1.0, 0.0, 0.0, 0.0, 0.9486832980505144, 0.9486832980505185, 2.0000000000000053, 0 
0.2, 0.0, 0.5, 3.6876476869977104e-07, 0.0, 0.09328177545029792, -1.9999999999999507, 4.9301746754039275e-14, 1.065309862549958e-13, 2.0000000000001092, 0.9643510838246139, 0.01766270621329105, 0.01766270621328903, 0.0003235037488004016, 0.9505773203650595, 0.9505773203650673, 2.0000000000000044, 0 
0.2, 0.0, 1.0, 1.0098924910897922e-05, 0.0, 0.21622084775451958, -1.9999999999755214, 4.0795313742381836e-11, 4.079545353669562e-11, 2.0000000000571134, 0.7758034925773929, 0.10499358540220166, 0.10499358540220165, 0.014209336618202575, 0.9611662626238073, 0.9611662626238079, 2.000000000001514, 0 
0.2, 0.0, 1.5, 3.2490927442604955e-06, 0.0, 0.220137319657322, -1.9999999999974671, 4.173058434377671e-12, 4.2740606625478234e-12, 2.000000000005913, 0.6263004630213462, 0.16509100965280094, 0.1650910096527898, 0.04351751767306367, 0.9704234670829593, 0.9704234670829617, 2.000000000000089, 0 
0.2, 0.0, 2.0, 1.2879740720894706e-06, 0.0, 0.19585427253947796, -1.9999999999996, 6.6342042909777e-13, 6.635508841498931e-13, 2.000000000000929, 0.5344466453885606, 0.19661193324146978, 0.19661193324146978, 0.07232948812849922, 0.9766208498050871, 0.9766208498050871, 2.0000000000000098, 0 
0.2, 0.7142857142857143, 0.0, 2.09461467383879e-07, 4.177886722288747e-15, 1.4913612928237723e-10, -1.999999999999987, -0.7142857142856887, 0.7142857142857328, 2.000000000000032, 1.0, 0.0, 0.0, 0.0, 0.5915404409076582, 1.3058261551933743, 2.0000000000000018, 0 
0.2, 0.7142857142857143, 0.5, 1.2682014066412118e-07, 0.06662983960735566, 0.1685217538585927, -1.9999999999999962, -0.7142857142857, 0.7142857142857244, 2.0000000000000178, 0.9249400841370405, 0.07068973631952116, 0.004059896712167355, 0.00031028283127697336, 0.5988992405842943, 1.3100192482328918, 2.000000000000001, 0 
0.2, 0.7142857142857143, 1.0, 1.0475234258351673e-05, 0.1544434626817997, 0.2306450186636638, -1.9999999999762335, -0.7142857142346349, 0.7142857143224196, 2.000000000064012, 0.7347425503791748, 0.20312181653515124, 0.048678353857284924, 0.013457279228390953, 0.6154094429525698, 1.3223358736380826, 2.000000000001844, 0 
0.2, 0.7142857142857143, 1.5, 3.1998525189466664e-06, 0.15724094261237287, 0.21950893031190863, -1.9999999999977822, -0.7142857142809471, 0.7142857142891402, 2.0000000000059766, 0.6032860813795266, 0.2560182311118906, 0.09877728849975867, 0.041918399008824374, 0.6249643066564544, 1.3316973726972916, 2.0000000000000977, 0 
0.2, 0.7142857142857143, 2.0, 1.3020019124856952e-06, 0.13989590895676998, 0.19351131679172956, -1.9999999999996296, -0.7142857142849214, 0.7142857142862844, 2.0000000000009934, 0.5212355399285661, 0.2740594047994875, 0.13416349584274684, 0.07054155942919925, 0.6301653675152921, 1.3376834357612695, 2.0000000000000093, 0 
0.2, 1.4285714285714286, 0.0, 2.1132047825843207e-05, 2.130516132605389e-10, 0.46121708246481913, -1.9999999999672056, -1.4285714282881887, 1.4285714286459659, 2.0000000003249805, 1.0, 0.0, 0.0, 0.0, 0.234397583867733, 1.6629690123674807, 2.0000000000868905, 1 
0.2, 1.4285714285714286, 0.5, -3.7997386339710124e-08, 0.24074536265513244, 0.35284530978424195, -1.9999999999999964, -1.428571428571399, 1.428571428571436, 2.0000000000000333, 0.7574070996163472, 0.2415420906313703, 0.0007967279762491719, 0.0002540817760293043, 0.25919137913383367, 1.6758131355942834, 2.000000000000003, 0 
0.2, 1.4285714285714286, 1.0, 1.1151207991319523e-05, 0.329492883805234, 0.2559066566725393, -1.9999999999908809, -1.4285714284926667, 1.4285714285921562, 2.0000000000903713, 0.6190160485585054, 0.3495695804102781, 0.02007669662040938, 0.011337674410807515, 0.27185977156332186, 1.6839902335981556, 2.000000000003472, 0 
0.2, 1.4285714285714286, 1.5, 2.953923363156752e-06, 0.3135841861598695, 0.21499294346538966, -1.999999999999359, -1.4285714285659017, 1.4285714285728812, 2.00000000000634, 0.5392593576069094, 0.36842761364083754, 0.05484342748167597, 0.03746960127057663, 0.2769517018766182, 1.6898556485806817, 2.0000000000001377, 0 
0.2, 1.4285714285714286, 2.0, 1.1746595292849715e-06, 0.27644473827389937, 0.18623406219742192, -1.9999999999998976, -1.4285714285705535, 1.4285714285716602, 2.000000000001007, 0.4838151990367215, 0.3635761361206557, 0.08713139784683932, 0.06547726699578321, 0.2795655114574618, 1.6943189370010612, 2.000000000000013, 0 
0.2, 2.142857142857143, 0.0, 0.5235192614194696, 0.6588815463783173, 0.6999999998505618, -2.1936122304156775, -1.75110289696077, 1.9703608306225253, 2.4128701640774355, 1.0, 0.0, 0.0, 0.0, 0.19207417424432843, 2.0541786297479954, 2.285519262840588, 1 
0.2, 2.142857142857143, 0.5, 6.923185830989744e-08, 0.5706945678705585, 0.4246098933381172, -2.142857142857147, -1.999999999999993, 1.9999999999999982, 2.142857142857152, 0.570802701776236, 0.4289452692108561, 0.00014389510723582672, 0.00010813390567235469, 0.0641608680389288, 2.0426491066150323, 2.1428571428571432, 1 
0.2, 2.142857142857143, 1.0, 1.0811706180217928e-05, 0.5200244007854273, 0.2554004421917794, -2.142857142945827, -1.9999999998268274, 1.9999999999203468, 2.142857143039345, 0.5272817950248112, 0.4570889349279223, 0.008371875874292566, 0.007257394172975568, 0.06783353189274019, 2.0452977219599084, 2.142857142865649, 0 
0.2, 2.142857142857143, 1.5, 2.8005257457774935e-06, 0.464373718991501, 0.20142606865596097, -2.1428571428630954, -1.9999999999883804, 1.9999999999946578, 2.1428571428693726, 0.4926689894926415, 0.4479131859975475, 0.031122554011662158, 0.02829527049814968, 0.06913982213813538, 2.0482101483711372, 2.142857142857474, 0 
0.2, 2.142857142857143, 2.0, 1.17825264503435e-06, 0.40594456923880134, 0.17364758619696202, -2.1428571428581984, -1.999999999997941, 1.999999999999053, 2.1428571428593104, 0.4598996077017567, 0.4281954071309204, 0.0579499467047669, 0.05395503846255621, 0.06981076487533106, 2.0512263450724357, 2.1428571428571845, 0 
0.2, 2.857142857142857, 0.0, 1.2321310349038927e-06, 0.9999999999995685, 0.2387829175351775, -2.8571428571425135, -1.9999999999989349, 2.0000000000004694, 2.8571428571440465, 1.0, 0.0, 0.0, 0.0, 0.3776643944277061, 2.3776643944276086, 2.857142857142968, 1 
0.2, 2.857142857142857, 0.5, -3.116526066438567e-09, 0.8473309245667285, 0.2715421120605721, -2.857142857142847, -1.9999999999999645, 2.0000000000000155, 2.857142857142896, 0.847340143746318, 0.152599445663045, 5.119141105859368e-05, 9.219179579657969e-06, 0.3931701040205348, 2.3856086251156183, 2.8571428571428594, 0 
0.2, 2.857142857142857, 1.0, 8.2626481943196e-06, 0.6943506583649188, 0.21292050426945675, -2.857142857130541, -1.999999999962196, 2.0000000000168163, 2.85714285718516, 0.6966485576485848, 0.29563873083853753, 0.0054148122356759785, 0.0022978992772016175, 0.4081194786209798, 2.393658280189396, 2.857142857143867, 0 
0.2, 2.857142857142857, 1.5, 2.3486962013319346e-06, 0.6013357128112423, 0.17650553728053642, -2.857142857141863, -1.9999999999969444, 2.000000000001358, 2.8571428571462736, 0.6149624997083972, 0.347280467940046, 0.024130245454771198, 0.013626786896785955, 0.4149239773946312, 2.398793886204655, 2.8571428571429025, 0 
0.2, 2.857142857142857, 2.0, 1.0284763503204397e-06, 0.5245127185552737, 0.1560053227388768, -2.8571428571426694, -1.9999999999994142, 2.00000000000026, 2.857142857143513, 0.5564723851866911, 0.3625078461480045, 0.0490601020339426, 0.03195966663136266, 0.4186939976919751, 2.403037071937903, 2.8571428571428656, 0 
0.2, 3.5714285714285716, 0.0, 3.4200507132583726e-08, 0.9999999999999994, -1.1909140340549128e-12, -3.571428571428568, -1.9999999999999962, 2.0000000000000027, 3.5714285714285787, 1.0, 0.0, 0.0, 0.0, 0.7349939716415884, 2.7349939716415905, 3.571428571428582, 0 
0.2, 3.5714285714285716, 0.5, 5.74842959268968e-09, 0.9586118708142329, 0.09969982297333631, -3.5714285714285667, -1.9999999999999913, 2.000000000000006, 3.57142857142858, 0.9586124698271541, 0.04137305204715471, 1.3879112764085986e-05, 5.990129200597584e-07, 0.7391723933955833, 2.73713373371307, 3.5714285714285676, 0 
0.2, 3.5714285714285716, 1.0, 4.706325580076942e-06, 0.8241965497417941, 0.14803393514250163, -3.571428571422583, -1.9999999999894826, 2.0000000000072693, 3.5714285714403675, 0.8248485845669881, 0.17136079811098082, 0.0031385824978962013, 0.0006520348241356186, 0.7525122920287222, 2.744182883871963, 3.5714285714287324, 0 
0.2, 3.5714285714285716, 1.5, 1.897777158879621e-06, 0.7165244865351245, 0.1433948279179242, -3.571428571427597, -1.9999999999982936, 2.000000000001178, 3.571428571430483, 0.7227030989904482, 0.2535039586113891, 0.017614329942967757, 0.0061786124551936675, 0.7618627497739261, 2.7501548316122695, 3.571428571428583, 0 
0.2, 3.5714285714285716, 2.0, 7.918409101956292e-07, 0.6288093160086253, 0.13462222058406464, -3.571428571428404, -1.9999999999997036, 2.0000000000002065, 3.571428571428901, 0.6470001521438516, 0.29489879920446554, 0.03991021251647512, 0.018190836135208197, 0.7678211848722972, 2.7551483477801235, 3.5714285714285716, 0 
0.2, 4.285714285714286, 0.0, 7.840180873214253e-06, 0.9999999999978672, -1.4299672557172014e-14, -4.285714285695552, -1.9999999999726576, 2.0000000000218647, 4.285714285744762, 1.0, 0.0, 0.0, 0.0, 1.0922597879828195, 3.092259787982603, 4.2857142857145964, 0 
0.2, 4.285714285714286, 0.5, 6.8715958311607594e-06, 0.9897592431000661, 0.027240272150662114, -4.285714285699896, -1.9999999999789981, 2.0000000000167915, 4.285714285737685, 0.9897592786223588, 0.010237251641615609, 3.434215338224594e-06, 3.552068403727049e-08, 1.0932895974582824, 3.092786283126659, 4.285714285714519, 0 
0.2, 4.285714285714286, 1.0, 3.207858185992618e-06, 0.9058277085684926, 0.08922656812033386, -4.28571428571115, -1.999999999995415, 2.0000000000036637, 4.285714285719395, 0.9059993427379398, 0.0921413945830293, 0.001687628509888687, 0.00017163416914773896, 1.1016308031832824, 3.097171199096869, 4.28571428571433, 0 
0.2, 4.285714285714286, 1.5, 1.5097966951649333e-06, 0.8061854669797055, 0.10846964246837418, -4.285714285713595, -1.9999999999989828, 2.0000000000008127, 4.285714285715424, 0.808853474822171, 0.1762332246655351, 0.012245292669886405, 0.0026680078424114705, 1.1107819867008848, 3.102681399714334, 4.285714285714293, 0 
0.2, 4.285714285714286, 2.0, 1.0443649280517109e-06, 0.7168301765325089, 0.11161705060356228, -4.285714285713947, -1.9999999999995017, 2.0000000000003975, 4.285714285714839, 0.726834166997376, 0.23179218194255044, 0.03136966059522911, 0.010003990464845148, 1.1177507906403061, 3.1078369015783367, 4.285714285714282, 0 
0.2, 5.0, 0.0, 9.613226660334928e-07, 0.999999999999979, 2.956612732418762e-12, -4.999999999999671, -1.9999999999995697, 2.0000000000003704, 5.0000000000004805, 1.0, 0.0, 0.0, 0.0, 1.4494897427831823, 3.4494897427831774, 4.999999999999994, 0 
0.2, 5.0, 0.5, 2.745465316152107e-06, 0.9975265453151788, 0.010874223101157753, -4.999999999997551, -1.9999999999967484, 2.000000000002792, 5.000000000003599, 0.9975265473713923, 0.0024726211005753453, 8.294719722069689e-07, 2.056055456588443e-09, 1.4497378025667758, 3.4496163712595216, 5.000000000000027, 0 
0.2, 5.0, 1.0, 1.7220065381823302e-06, 0.9516630756279854, 0.06416951388328986, -4.999999999999028, -1.9999999999987135, 2.0000000000011076, 5.0000000000014175, 0.9517062830264469, 0.047382665779148465, 0.0008678437959966211, 4.320739840389695e-05, 1.45429167261285, 3.4520045093700906, 5.000000000000007, 0 
0.2, 5.0, 1.5, 1.199841325676132e-06, 0.8714811186328019, 0.0914139123143349, -4.999999999999531, -1.9999999999993796, 2.000000000000533, 5.0000000000006946, 0.8725916082081973, 0.11809243244673585, 0.008205469769695236, 0.0011104895753710484, 1.4618284373922736, 3.4564202525631305, 5.000000000000009, 0 
0.2, 5.0, 2.0, 3.2706130208629003e-07, 0.7882622454422857, 0.10000489647368756, -4.999999999999963, -1.9999999999999531, 2.0000000000000413, 5.0000000000000515, 0.7936095444910363, 0.17707822475760654, 0.023964931702607307, 0.005347299048748924, 1.4687899988300825, 3.4612475753967473, 5.000000000000017, 0 
0.4571428571428572, 0.0, 0.0, 2.0889499498133457e-05, 0.0, 0.032144367763854216, -1.999999999965757, 3.727679976840798e-10, 4.2623965019493267e-10, 2.0000000007647643, 1.0, 0.0, 0.0, 0.0, 0.8783100658367988, 0.8783100658657212, 2.000000000305328, 0 
0.4571428571428572, 0.0, 0.5, 1.62303040611737e-06, 0.0, 0.09328177545122575, -1.9999999999997926, 2.4037992761154093e-12, 2.4131057175183367e-12, 2.0000000000046105, 0.9643510838247757, 0.01766270621321643, 0.0176627062132161, 0.0003235037487976459, 0.8829783909256926, 0.8829783909256974, 2.0000000000017124, 0 
0.4571428571428572, 0.0, 1.0, 2.192912105391685e-07, 0.0, 0.21622084775444486, -1.9999999999999978, 2.69918038256156e-14, 6.617499513397958e-14, 2.0000000000000893, 0.7758034925743852, 0.10499358540350517, 0.10499358540350105, 0.01420933661860997, 0.908802143363204, 0.9088021433632151, 2.000000000000022, 0 
0.4571428571428572, 0.0, 1.5, 5.0042304240515505e-09, 0.0, 0.22013731965734595, -2.0, 6.484150039046986e-16, 1.1686537309537461e-15, 2.0000000000000036, 0.6263004630210516, 0.1650910096529037, 0.16509100965290363, 0.04351751767314115, 0.9310169008319684, 0.93101690083197, 2.0000000000000013, 0 
0.4571428571428572, 0.0, 2.0, 0.0, 0.0, 0.19585427253941992, -1.9999999999995357, 5.416492130773864e-12, 5.41677598275345e-12, 2.0000000000103677, 0.5344466453892348, 0.19661193324125686, 0.19661193324125686, 0.07232948812825145, 0.9457130755142564, 0.9457130755142578, 2.0000000000008855, 0 
0.4571428571428572, 0.7142857142857143, 0.0, 0.2563934442613782, 0.0229602626884673, 0.17056489325666488, -2.001399845933168, -0.6328727955087514, 0.7530786894764957, 2.121605739900909, 1.0, 0.0, 0.0, 0.0, 0.5721342806008815, 1.2650836184685514, 2.0599282538769295, 1 
0.4571428571428572, 0.7142857142857143, 0.5, 2.0605282677440737e-06, 0.0666298396080184, 0.18168968361327906, -2.0000000000001865, -0.7142857142803447, 0.714285714288159, 2.0000000000080034, 0.9249400841377863, 0.07068973631879413, 0.004059896712149315, 0.0003102828312721498, 0.5383622768635312, 1.24588371854726, 2.0000000000035456, 0 
0.4571428571428572, 0.7142857142857143, 1.0, 1.94881325659064e-07, 0.15444346268174633, 0.23064501866390416, -2.000000000000002, -0.7142857142856666, 0.7142857142857357, 2.0000000000000724, 0.7347425503742456, 0.20312181653932626, 0.04867835385758705, 0.013457279228841263, 0.57741285314198, 1.276014711975487, 2.000000000000013, 0 
0.4571428571428572, 0.7142857142857143, 1.5, 9.586453421384268e-09, 0.15724094261238997, 0.21950893031193153, -1.999999999999999, -0.714285714285714, 0.7142857142857141, 2.0, 0.603286081379152, 0.25601823111216687, 0.09877728849977699, 0.04191839900890342, 0.6003187550499125, 1.2983232709714156, 2.0000000000000004, 0 
0.4571428571428572, 0.7142857142857143, 2.0, -2.980232238769532e-08, 0.13989590895672852, 0.1935113167916511, -2.0000000000002904, -0.7142857142773676, 0.7142857142895143, 2.000000000012439, 0.5212355399295114, 0.27405940479885893, 0.1341634958427292, 0.07054155942890021, 0.6128214680990764, 1.312355147876356, 2.000000000001103, 0 
0.4571428571428572, 1.4285714285714286, 0.0, 0.593178820962267, 0.24366413322380698, 0.3641863647375493, -2.0893183639477293, -0.8633333384167073, 1.5067365176409773, 2.7327215431720004, 1.0, 0.0, 0.0, 0.0, 0.5450885367524881, 1.7316314054751083, 2.3920695939188747, 0 
0.4571428571428572, 1.4285714285714286, 0.5, 0.3554796598724338, 0.25955669087611294, 0.34099387488645366, -2.062028741379808, -1.1965482118619597, 1.4276170824178023, 2.29309761193565, 0.8487451591157738, 0.1503247443499808, 0.0007901498465868332, 0.00013994668766074248, 0.3729724756957007, 1.672547440187811, 2.1629987287370365, 1 
0.4571428571428572, 1.4285714285714286, 1.0, 2.984137167526724e-07, 0.3294928838055774, 0.25590665667337287, -2.000000000000071, -1.4285714285712374, 1.4285714285714006, 2.0000000000002327, 0.6190160485427803, 0.3495695804256511, 0.020076696620131562, 0.011337674411437267, 0.25284639251764723, 1.6439553395847, 2.0000000000000635, 0 
0.4571428571428572, 1.4285714285714286, 1.5, -2.987084336848869e-09, 0.3135841861599022, 0.21499294346368844, -2.0000000000000027, -1.4285714285714277, 1.4285714285714282, 2.0000000000000053, 0.5392593576061708, 0.36842761364153215, 0.05484342748163045, 0.037469601270667466, 0.26499572966978113, 1.6578047172544668, 2.000000000000002, 0 
0.4571428571428572, 1.4285714285714286, 2.0, -2.772123078068671e-08, 0.2764447382737873, 0.18623406219729052, -2.0000000000070477, -1.4285714285524607, 1.4285714285687185, 2.0000000000233036, 0.4838151990394972, 0.3635761361181527, 0.08713139784715587, 0.06547726699519484, 0.27123594853653765, 1.6682453347249795, 2.00000000000234, 0 
0.4571428571428572, 2.142857142857143, 0.0, 0.6301914315171174, 0.5432264980278234, 0.44262691115018005, -2.367553455547332, -1.2063821536935564, 1.9325832789189061, 3.093754580772687, 1.0, 0.0, 0.0, 0.0, 0.5226501635839145, 2.0953933214189036, 2.700805179845579, 0 
0.4571428571428572, 2.142857142857143, 0.5, 0.3874217617333894, 0.5537639465886665, 0.41144196358326085, -2.3256097124796518, -1.6029210446367284, 1.8773816096010802, 2.6000702774440025, 0.8091051257057674, 0.19067139820774334, 0.00018085606405408126, 4.262002243214208e-05, 0.3221210875522035, 2.0442791483017633, 2.433015992811422, 0 
0.4571428571428572, 2.142857142857143, 1.0, 1.0907474369716138e-07, 0.5200244007865648, 0.25540044219230734, -2.142857142857218, -1.999999999999906, 1.9999999999999334, 2.1428571428572436, 0.5272817949606644, 0.45708893499192943, 0.008371875873349616, 0.007257394174057318, 0.06294566094157275, 2.011137082065493, 2.14285714285716, 0 
0.4571428571428572, 2.142857142857143, 1.5, 8.932134295850172e-06, 0.46437371898908775, 0.20142606865576362, -2.1428571432671415, -1.9999999994763091, 1.999999999622199, 2.1428571434130315, 0.4926689896365465, 0.447913185854819, 0.03112255402009744, 0.028295270488537475, 0.0660390700135305, 2.017930948867265, 2.142857142928854, 0 
0.4571428571428572, 2.142857142857143, 2.0, -2.7143452964785762e-08, 0.40594456923857214, 0.17364758619677634, -2.14285714292049, -1.999999999919086, 1.9999999999416276, 2.142857142943029, 0.45989960771753075, 0.42819540711538784, 0.05794994670661351, 0.053955038460467813, 0.06763011301646529, 2.024936551558293, 2.1428571428646586, 0 
0.4571428571428572, 2.857142857142857, 0.0, 0.397152866186289, 0.8759882920097785, 0.3197414513711638, -2.873070798575678, -1.7496417494560046, 2.038063050704862, 3.161492099824531, 1.0, 0.0, 0.0, 0.0, 0.4687903567090747, 2.362790250303167, 3.003837483243844, 0 
0.4571428571428572, 2.857142857142857, 0.5, -4.251839290353023e-07, 0.8473309245664856, 0.28339354695774216, -2.8571428571430313, -1.9999999999987086, 2.0000000000000826, 2.8571428571444017, 0.8473401437466849, 0.15259944566267153, 5.119141105859011e-05, 9.219179579630794e-06, 0.3455803308576051, 2.3284895715770597, 2.8571428571435145, 0 
0.4571428571428572, 2.857142857142857, 1.0, 6.274956738694693e-08, 0.6943506583660165, 0.2129205042689404, -2.857142857142859, -1.9999999999999876, 2.0000000000000044, 2.857142857142872, 0.6966485576432733, 0.2956387308438143, 0.005414812235659027, 0.002297899277252965, 0.3805856632232849, 2.347685312217348, 2.857142857142858, 0 
0.4571428571428572, 2.857142857142857, 1.5, 2.6669265191753104e-06, 0.6013357128109931, 0.17650553728211402, -2.8571428571445145, -1.999999999987778, 2.000000000000791, 2.8571428571575295, 0.6149624997101776, 0.34728046793831535, 0.024130245454807516, 0.013626786896699064, 0.3965671204697906, 2.35978809379256, 2.857142857144488, 0 
0.4571428571428572, 2.857142857142857, 2.0, -5.280269912222677e-08, 0.5245127185548963, 0.15600532273869247, -2.8571428571465542, -1.99999999997276, 2.000000000001763, 2.857142857175555, 0.5564723851901643, 0.36250784614473164, 0.04906010203411663, 0.03195966663098802, 0.40544480783256004, 2.369711026127425, 2.8571428571453064, 0 
0.4571428571428572, 3.5714285714285716, 0.0, 6.005344699962917e-06, 0.9999999999866288, 0.08680819559311809, -3.5714285714200726, -1.9999999999525737, 2.0000000000194804, 3.57142857148698, 1.0, 0.0, 0.0, 0.0, 0.6675167900032327, 2.6675167899951604, 3.571428571441564, 0 
0.4571428571428572, 3.5714285714285716, 0.5, 9.476656430016045e-07, 0.9586118708140124, 0.09969982297453835, -3.571428571428364, -1.99999999999883, 2.000000000000482, 3.5714285714300145, 0.9586124698272371, 0.041373052047079, 1.3879112764079618e-05, 5.990129200583349e-07, 0.6772108472405476, 2.6726346977197593, 3.5714285714288536, 0 
0.4571428571428572, 3.5714285714285716, 1.0, -6.565256458101406e-08, 0.8241965497421939, 0.14803393514092814, -3.5714285714285574, -1.9999999999999525, 2.000000000000021, 3.5714285714286365, 0.8248485845663422, 0.17136079811161697, 0.0031385824978977426, 0.0006520348241388616, 0.7082040111181586, 2.689405995540661, 3.571428571428578, 0 
0.4571428571428572, 3.5714285714285716, 1.5, 0.0, 0.7165244865349649, 0.14339482791741612, -3.5714285714276244, -1.9999999999947309, 2.000000000002165, 3.5714285714350633, 0.7227030989909096, 0.25350395861094416, 0.01761432994296709, 0.006178612455178633, 0.7300004469530844, 2.7035019498498642, 3.571428571429071, 0 
0.4571428571428572, 3.5714285714285716, 2.0, -5.112053125947616e-08, 0.6288093160081328, 0.13462222058398132, -3.571428571424413, -1.9999999999767768, 2.0000000000095395, 3.5714285714571767, 0.6470001521458706, 0.29489879920259365, 0.03991021251649305, 0.01819083613504408, 0.7439381086835918, 2.715207536481514, 3.5714285714301037, 0 
0.4571428571428572, 4.285714285714286, 0.0, 5.141633122002424e-07, 0.9999999999999472, 8.25642887392064e-12, -4.285714285714161, -1.999999999999664, 2.0000000000001994, 4.285714285714702, 1.0, 0.0, 0.0, 0.0, 1.0253495541083018, 3.0253495541082813, 4.285714285714328, 0 
0.4571428571428572, 4.285714285714286, 0.5, 6.364423563596437e-08, 0.9897592431015404, 0.02724027214974072, -4.285714285714281, -1.9999999999999938, 2.000000000000007, 4.28571428571429, 0.9897592786222252, 0.010237251641749578, 3.4342153382406108e-06, 3.552068403790576e-08, 1.0277254504513245, 3.0265987542911694, 4.285714285714283, 0 
0.4571428571428572, 4.285714285714286, 1.0, 3.839218300340751e-06, 0.9058277085673424, 0.08922656811849518, -4.285714285708156, -1.9999999999830769, 2.0000000000100564, 4.28571428573513, 0.905999342738724, 0.0921413945822481, 0.0016876285098844125, 0.00017163416914570077, 1.0469917672048568, 3.036980814521683, 4.285714285715856, 0 
0.4571428571428572, 4.285714285714286, 1.5, 1.082432259675471e-07, 0.8061854669787304, 0.10846964246756695, -4.285714285705836, -1.999999999976663, 2.0000000000138662, 4.28571428574304, 0.8088534748236195, 0.17623322466413993, 0.012245292669865107, 0.0026680078423809285, 1.0681926393850745, 3.049970291506829, 4.285714285715843, 0 
0.4571428571428572, 4.285714285714286, 2.0, 0.0, 0.7168301765320125, 0.11161705060359554, -4.285714285707284, -1.9999999999806934, 2.0000000000114713, 4.285714285738069, 0.7268341669985074, 0.23179218194150367, 0.03136966059520876, 0.010003990464777852, 1.0843978123059066, 3.062061135782431, 4.285714285715219, 0 
0.4571428571428572, 5.0, 0.0, -2.9415514981039196e-07, 0.9999999999984237, -2.1328272481468956e-12, -4.999999999992598, -1.999999999984612, 2.0000000000108256, 5.000000000018813, 1.0, 0.0, 0.0, 0.0, 1.3829753310885033, 3.3829753310880046, 5.00000000000105, 0 
0.4571428571428572, 5.0, 0.5, 0.0, 0.997526545313642, 0.010874223096942304, -4.999999999991869, -1.9999999999831062, 2.000000000011882, 5.000000000020649, 0.9975265473714202, 0.002472621100536052, 8.294719722013392e-07, 2.0560554565417552e-09, 1.3835454489551213, 3.383273988812885, 5.000000000001148, 0 
0.4571428571428572, 5.0, 1.0, -1.0972569405777996e-07, 0.9516630756257585, 0.06416951388178249, -4.999999999984496, -1.9999999999677633, 2.000000000022674, 5.00000000003941, 0.9517062830271973, 0.047382665778407905, 0.0008678437959912011, 4.3207398402917354e-05, 1.3940198238733932, 3.3889024425259557, 5.000000000001919, 0 
0.4571428571428572, 5.0, 1.5, -3.3605793842922144e-08, 0.8714811186314891, 0.09141391231386224, -4.999999999985498, -1.9999999999698705, 2.000000000021193, 5.0000000000368345, 0.8725916082093007, 0.11809243244566676, 0.008205469769669361, 0.0011104895753560862, 1.4113975585345337, 3.399288304684583, 5.000000000001418, 0 
0.4571428571428572, 5.0, 2.0, 4.768402049325062e-08, 0.7882622454418408, 0.10000489647375951, -4.999999999992402, -1.999999999984218, 2.0000000000110996, 5.000000000019293, 0.7936095444916661, 0.1770782247570233, 0.02396493170258442, 0.005347299048721939, 1.4275060071554828, 3.410603560190673, 5.000000000000575, 0 
0.7142857142857144, 0.0, 0.0, 0.7141427971833922, 0.0, 0.1877705660942882, -2.128571428571426, 0.7285711999655773, 0.7285714708027783, 3.5857140993397785, 1.0, 0.0, 0.0, 0.0, 1.338213789535693, 1.3382138692256176, 2.857142811481091, 1 
0.7142857142857144, 0.0, 0.5, 0.7045415489051265, 0.0, 0.19126879398564817, -2.1285047100960903, 0.7091124327138796, 0.709112693382232, 3.5467298361922013, 0.9931754023636912, 0.0034064578633217126, 0.0034064560874106573, 1.1683685577999153e-05, 1.3277852535567354, 1.3277853337803487, 2.8376139274742798, 1 
0.7142857142857144, 0.0, 1.0, 0.4434347787607158, 0.0, 0.2161286211730523, -2.0866195915946166, 0.28090611759810724, 0.2809064624435431, 2.6484321716362658, 0.8359760037821851, 0.07834124339355811, 0.07834121637794254, 0.007341536446315153, 1.0729840589431827, 1.0729842284513038, 2.3675262160764357, 1 
0.7142857142857144, 0.0, 1.5, 3.1660401908510574e-06, 0.0, 0.22013731965713568, -2.0000000000061346, 1.4312562062776894e-11, 1.4326894679288457e-11, 2.0000000000347766, 0.626300463024614, 0.16509100965159237, 0.1650910096515908, 0.043517517672201876, 0.8898669753502557, 0.8898669753502624, 2.000000000014181, 0 
0.7142857142857144, 0.0, 2.0, 7.86941290964547e-06, 0.0, 0.19585427253906548, -2.000000000037916, 8.748650037771353e-11, 8.945233043303958e-11, 2.0000000002148544, 0.534446645406689, 0.19661193323583692, 0.1966119332356437, 0.07232948812183039, 0.9137604490114574, 0.9137604490119404, 2.00000000005508, 0 
0.7142857142857144, 0.7142857142857143, 0.0, 0.730488609296319, 0.13412183292449156, 0.20661346849148024, -2.1753380020821345, 0.2760066656655403, 1.248603643796429, 3.6999483115441048, 1.0, 0.0, 0.0, 0.0, 1.1423268804000817, 1.6288721910709278, 2.932589732050583, 0 
0.7142857142857144, 0.7142857142857143, 0.5, 0.7177045435669046, 0.13662056713260584, 0.2087642915037681, -2.1752040382234803, 0.24511776843951058, 1.226595979722215, 3.6469177863852087, 0.9910601334276451, 0.00783132407649159, 0.0010998515059944113, 8.690989869272504e-06, 1.1267566083885334, 1.6171279448191624, 2.9059474174380853, 1 
0.7142857142857144, 0.7142857142857143, 1.0, 0.441673492785452, 0.1543775865521802, 0.22597717967014846, -2.1187325025511137, -0.31720146608762584, 0.874559963885697, 2.6760910003491847, 0.8173670212878794, 0.13490316003869093, 0.040968183694847, 0.006761634978583138, 0.8158159189941254, 1.4002374329203295, 2.392080036579037, 1 
0.7142857142857144, 0.7142857142857143, 1.5, 2.635731033851906e-06, 0.15724094261223978, 0.21950893031185917, -2.000000000006323, -0.714285714269986, 0.7142857142898349, 2.0000000000261755, 0.6032860813823852, 0.2560182311097752, 0.09877728849961856, 0.04191839900821986, 0.5736623463255851, 1.26419275673917, 2.0000000000108153, 0 
0.7142857142857144, 0.7142857142857143, 2.0, 4.308445909474885e-06, 0.13989590895647536, 0.19351131679115435, -2.000000000016904, -0.7142857142436867, 0.7142857142967249, 2.0000000000699414, 0.5212355399352995, 0.27405940479501034, 0.13416349584262086, 0.0705415594270694, 0.5942334207431891, 1.286685913470616, 2.0000000000182743, 0 
0.7142857142857144, 1.4285714285714286, 0.0, 0.7473148340401378, 0.29516209784497177, 0.24365587948703912, -2.32687278620773, -0.1165455204281943, 1.712201123789471, 3.9225283895690115, 1.0, 0.0, 0.0, 0.0, 1.0318503799089933, 1.9477338922487295, 3.1079363822935595, 0 
0.7142857142857144, 1.4285714285714286, 0.5, 0.7289167656065243, 0.29823470214824016, 0.24384496931214986, -2.326534513943728, -0.16694337504681867, 1.6849995212820377, 3.844590660178947, 0.9865406848617753, 0.01313160983835432, 0.00032340059105399676, 4.304708815743658e-06, 1.009112062151079, 1.9330978950411264, 3.068435601643892, 0 
0.7142857142857144, 1.4285714285714286, 1.0, 0.4143508413566612, 0.3228245423859264, 0.2483062375815174, -2.225613891245982, -0.9110591991020334, 1.4015923983398912, 2.7161470904838407, 0.7678567306899868, 0.20624163669202175, 0.020417591906079623, 0.005484040711912126, 0.5954475655924277, 1.7297111382284076, 2.449297929378879, 1 
0.7142857142857144, 1.4285714285714286, 1.5, 1.4787583431342347e-06, 0.31358418615979883, 0.2149929434655, -2.000000000005987, -1.4285714285617963, 1.4285714285680442, 2.0000000000122338, 0.5392593576085353, 0.368427613639312, 0.05484342748177583, 0.037469601270376796, 0.25218502632913364, 1.6249834619032346, 2.000000000005067, 0 
0.7142857142857144, 1.4285714285714286, 2.0, -2.9241249661320332e-08, 0.27644473827307764, 0.1862340621976315, -2.0000000000713083, -1.4285714284567201, 1.4285714285311253, 2.0000000001457137, 0.4838151990570884, 0.3635761361022859, 0.08713139784916213, 0.06547726699146421, 0.262387247434593, 1.6416962796550651, 2.000000000039076, 0 
0.7142857142857144, 2.142857142857143, 0.0, 0.72156110943267, 0.4822016607631189, 0.27405938888315395, -2.603221772823939, -0.5366749446523238, 2.024247615068765, 4.09079444324039, 1.0, 0.0, 0.0, 0.0, 0.9572170931849318, 2.2405630782450525, 3.3200920194034214, 0 
0.7142857142857144, 2.142857142857143, 0.5, 0.6973580225139134, 0.4849705232928199, 0.27354155857709456, -2.6025962477356974, -0.6050299497589885, 1.9944819828004712, 3.992048280777182, 0.9818278318115894, 0.018070546958357414, 9.978469220890038e-05, 1.8365378408138178e-06, 0.9235886917516769, 2.224396596655656, 3.269751463438923, 0 
0.7142857142857144, 2.142857142857143, 1.0, 0.3016629586913779, 0.5091007830972051, 0.2600682811860358, -2.422607357088465, -1.5489542682923971, 1.8089558129965726, 2.682608901792638, 0.6954013158260017, 0.2902771113079787, 0.01010394500028402, 0.004217627865735887, 0.39597285631809764, 2.030521263817201, 2.5161230918300035, 1 
0.7142857142857144, 2.142857142857143, 1.5, 5.348741333213421e-07, 0.4643737189915255, 0.20142606865603935, -2.1428571428609677, -1.999999999995641, 1.9999999999964586, 2.1428571428617835, 0.4926689894911665, 0.44791318599901, 0.03112255401157577, 0.028295270498248256, 0.0627444667820786, 1.9871485462022944, 2.1428571428584133, 0 
0.7142857142857144, 2.142857142857143, 2.0, -2.9868695299533925e-08, 0.40594456923880606, 0.17364758619754136, -2.1428571428571854, -1.999999999999952, 1.9999999999999616, 2.142857142857193, 0.4598996077014187, 0.4281954071312531, 0.05794994670472733, 0.05395503846260101, 0.06532706272998857, 1.9982776205152264, 2.142857142857155, 0 
0.7142857142857144, 2.857142857142857, 0.0, 0.622252713408787, 0.6866755105351917, 0.2941165268649432, -3.0198578335262676, -1.046156370782337, 2.152437626052624, 4.126139088796556, 1.0, 0.0, 0.0, 0.0, 0.8861009132824154, 2.487674812086464, 3.545938680762826, 0 
0.7142857142857144, 2.857142857142857, 0.5, 0.5895479155729249, 0.6890083572583753, 0.29354443061017577, -3.0189221488501428, -1.1289556341777478, 2.122003476338983, 4.011969991011376, 0.9776516165974228, 0.022314135509082678, 3.3483655187941726e-05, 7.642383099651733e-07, 0.8456949441171406, 2.470754544859124, 3.4884293781943883, 1 
0.7142857142857144, 2.857142857142857, 1.0, 3.3754567048161236e-07, 0.6943506583659775, 0.22056703661762161, -2.857142857143127, -1.9999999999993383, 1.9999999999998976, 2.8571428571436828, 0.6966485576434644, 0.2956387308436243, 0.00541481223565964, 0.002297899277251116, 0.3515450835948068, 2.300391629395768, 2.8571428571432937, 0 
0.7142857142857144, 2.857142857142857, 1.5, 5.064646891775977e-08, 0.6013357128112836, 0.1765055372805434, -2.8571428571428594, -1.9999999999999865, 1.999999999999998, 2.857142857142874, 0.6149624997080878, 0.34728046794034484, 0.0241302454547649, 0.01362678689680093, 0.3772297606193955, 2.319920534073263, 2.857142857142861, 0 
0.7142857142857144, 2.857142857142857, 2.0, 4.383127454951353e-09, 0.5245127185552796, 0.15600532273887713, -2.8571428571428625, -2.0, 2.0000000000000036, 2.8571428571428603, 0.5564723851866469, 0.3625078461480468, 0.04906010203394025, 0.03195966663136746, 0.39153375611326635, 2.335798851545399, 2.8571428571428568, 0 
0.7142857142857144, 3.5714285714285716, 0.0, 0.3794090570935975, 0.9023681277130378, 0.2193271426253379, -3.586837902175624, -1.6777805803549246, 2.0890698163682395, 3.998127138188943, 1.0, 0.0, 0.0, 0.0, 0.8009664129835282, 2.684450413631311, 3.780562558196464, 1 
0.7142857142857144, 3.5714285714285716, 0.5, 0.3168421817528008, 0.9043197098787853, 0.21052562000723007, -3.5855992257780294, -1.7720696462500514, 2.05889526950252, 3.872424849030496, 0.9740824692218484, 0.02590502101918179, 1.2185689350062416e-05, 3.240696231796093e-07, 0.7532624711436114, 2.6649634040817154, 3.719706158728267, 1 
0.7142857142857144, 3.5714285714285716, 1.0, 1.4360504701241023e-05, 0.8241965496938074, 0.14803393514187696, -3.571428571477329, -1.9999999995131112, 2.000000000102323, 3.571428572066545, 0.8248485846428146, 0.17136079803572093, 0.0031385824977145657, 0.0006520348237515729, 0.6619374273624985, 2.6329428531037005, 3.571428571659137, 0 
0.7142857142857144, 3.5714285714285716, 1.5, 2.907318535782382e-10, 0.716524486535159, 0.14339482791790914, -3.571428571428572, -1.9999999999999962, 2.000000000000001, 3.571428571428575, 0.7227030989903562, 0.25350395861147973, 0.017614329942967886, 0.006178612455196723, 0.6967061945088071, 2.655727837084439, 3.571428571428585, 0 
0.7142857142857144, 3.5714285714285716, 2.0, 1.6554514895489097e-08, 0.6288093160086305, 0.13462222058406262, -3.571428571428578, -1.9999999999999991, 1.999999999999999, 3.5714285714285725, 0.6470001521438399, 0.29489879920447815, 0.03991021251647506, 0.018190836135209276, 0.7190089286938214, 2.674506610661237, 3.571428571428563, 0 
0.7142857142857144, 4.285714285714286, 0.0, 2.986639307881773e-07, 0.9999999999999601, 0.06834231060084683, -4.285714285714262, -1.9999999999998213, 2.000000000000078, 4.285714285714527, 1.0, 0.0, 0.0, 0.0, 0.9561519910899523, 2.9561519910899143, 4.285714285714362, 0 
0.7142857142857144, 4.285714285714286, 0.5, 1.7255904824186805e-05, 0.9897592429829897, 0.06524478480558699, -4.2857142856514345, -1.9999999994053654, 2.0000000002562235, 4.285714286502299, 0.9897592786330027, 0.010237251630973086, 3.43421533694986e-06, 3.552068398677603e-08, 0.9599080095350225, 2.958183172660593, 4.285714285957782, 0 
0.7142857142857144, 4.285714285714286, 1.0, 1.2669465687887215e-07, 0.9058277085686589, 0.08922656815396553, -4.28571428571428, -1.999999999999967, 2.000000000000013, 4.285714285714331, 0.9059993427378125, 0.09214139458314738, 0.0016876285098893292, 0.00017163416914804688, 0.9903856704549936, 2.975023849655932, 4.285714285714295, 0 
0.7142857142857144, 4.285714285714286, 1.5, -5.3243716465016375e-08, 0.8061854669797253, 0.10846964246835779, -4.285714285714288, -1.9999999999999754, 2.000000000000012, 4.285714285714315, 0.8088534748221413, 0.1762332246655638, 0.01224529266988683, 0.0026680078424121136, 1.0239991555268917, 2.995991086112811, 4.285714285714298, 0 
0.7142857142857144, 4.285714285714286, 2.0, 0.0, 0.7168301765325119, 0.11161705060356049, -4.285714285714278, -1.9999999999999873, 2.000000000000005, 4.2857142857143, 0.7268341669973589, 0.23179218194256299, 0.031369660595229346, 0.010003990464845956, 1.0497764137699375, 3.015397362681657, 4.285714285714278, 0 
0.7142857142857144, 5.0, 0.0, -6.670445376535688e-08, 0.9999999999999618, 2.3314683517128287e-15, -4.999999999999938, -1.9999999999997422, 2.000000000000149, 5.000000000000338, 1.0, 0.0, 0.0, 0.0, 1.314550249431435, 3.3145502494314063, 5.000000000000057, 0 
0.7142857142857144, 5.0, 0.5, 1.032612894079658e-07, 0.9975265453153381, 0.010874223265287841, -4.999999999999996, -1.9999999999999754, 2.000000000000015, 5.0000000000000355, 0.9975265473713975, 0.002472621100579229, 8.294719722075249e-07, 2.0560554565930557e-09, 1.3154476596410818, 3.3150326240600805, 4.999999999999997, 0 
0.7142857142857144, 5.0, 1.0, 8.905106215671317e-09, 0.9516630756280439, 0.06416951388313893, -5.0000000000000115, -1.9999999999999951, 2.0000000000000036, 5.000000000000008, 0.9517062830264486, 0.04738266577916269, 0.0008678437959967275, 4.320739840391545e-05, 1.3319442216877933, 3.324116060259353, 4.999999999999998, 0 
0.7142857142857144, 5.0, 1.5, -3.5282906852691063e-08, 0.871481118632813, 0.09141391231432279, -4.999999999999996, -1.9999999999999836, 2.000000000000009, 5.000000000000017, 0.8725916082081858, 0.11809243244674526, 0.008205469769695451, 0.001110489575371191, 1.359366153928964, 3.340839024639767, 5.000000000000008, 0 
0.7142857142857144, 5.0, 2.0, 2.979669881118715e-08, 0.7882622454422884, 0.10000489647368709, -5.000000000000002, -1.999999999999992, 2.0000000000000036, 5.000000000000012, 0.793609544491038, 0.17707822475760693, 0.023964931702607346, 0.005347299048748937, 1.3848637575464486, 3.3589901957224315, 5.000000000000007, 0 
0.9714285714285715, 0.0, 0.0, 0.8573662365248593, 0.0, 0.1903483519157079, -2.4575630252079055, 1.4281456973307045, 1.4281529724013826, 5.313861694939998, 1.0, 0.0, 0.0, 0.0, 1.877415951839179, 1.8774170737513634, 3.8857137755676368, 0 
0.9714285714285715, 0.0, 0.5, 0.8563761925232106, 0.0, 0.19066096490623866, -2.4575616241482026, 1.424850579522556, 1.4248552748906596, 5.307267478561417, 0.9991517357607329, 0.00042404412847306963, 0.0004240401464052162, 1.79964391677795e-07, 1.8757100749100628, 1.8757108115052914, 3.8824166983738424, 0 
0.9714285714285715, 0.0, 1.0, 0.8004385497328262, 0.0, 0.1966385895448241, -2.4530198114028883, 1.2447921970107843, 1.244792219508675, 4.942604227922347, 0.9522274224821622, 0.02359398689567201, 0.023593986364857076, 0.000584604257308637, 1.780015032406576, 1.7800150376891979, 3.6978120720232606, 0 
0.9714285714285715, 0.0, 1.5, 0.5433730537251235, 0.0, 0.2053981706484544, -2.3346234307744798, 0.5736368675578692, 0.5736368887273011, 3.481897187059648, 0.7642687782378866, 0.10995589516964825, 0.1099558936178457, 0.01581943297461986, 1.3654649378901866, 1.3654649468923241, 2.908260311081181, 1 
0.9714285714285715, 0.0, 2.0, 1.979285185142515e-05, 0.0, 0.1958542725293906, -2.000000000717633, 7.60956270735578e-10, 7.612993956226409e-10, 2.0000000022398905, 0.5344466456010722, 0.1966119331743202, 0.19661193317428646, 0.0723294880503206, 0.8806492470114096, 0.8806492470115692, 2.0000000011920216, 0 
0.9714285714285715, 0.7142857142857143, 0.0, 0.8529971515945982, 0.13596310851121993, 0.19340262357001906, -2.505973484064551, 1.0491626320526748, 1.7780991715328605, 5.333235287650086, 1.0, 0.0, 0.0, 0.0, 1.7117127090490847, 2.0762981613560165, 3.916609317446386, 0 
0.9714285714285715, 0.7142857142857143, 0.5, 0.8517700584135105, 0.13618640350445618, 0.19366484446698012, -2.5059713006293, 1.0447198365358807, 1.774413409399487, 5.325104546564669, 0.9989854355158712, 0.0008231292239865114, 0.00019127765401369127, 1.5760612849470155e-07, 1.7094766062506543, 2.0743941761293625, 3.912536106664015, 0 
0.9714285714285715, 0.7142857142857143, 1.0, 0.7927566775868456, 0.14045613538916008, 0.19871501127031696, -2.500799539926513, 0.8371766793774704, 1.6048515600728612, 4.942827779376845, 0.9500526976501494, 0.03373518084988717, 0.01565618981721335, 0.000555931682747926, 1.6020379442966457, 1.9847358167745466, 3.718455785993782, 0 
0.9714285714285715, 0.7142857142857143, 1.5, 0.5277865138203396, 0.14671297903461028, 0.2065781159609855, -2.3700376567662556, 0.05049018965441992, 1.0319089579800194, 3.452436804400692, 0.755691212500366, 0.15049767156205596, 0.07823119130646758, 0.015579924631111738, 1.1385282819851938, 1.6216755435793584, 2.906057900939403, 1 
0.9714285714285715, 0.7142857142857143, 2.0, 1.5613835510418488e-05, 0.13989590894956472, 0.19351131678945885, -2.000000000581122, -0.7142857134353553, 0.7142857143826613, 2.0000000015284276, 0.5212355400932521, 0.27405940468998, 0.1341634958396636, 0.07054155937710363, 0.5742923179926511, 1.2606890432548135, 2.000000000815405, 0 
0.9714285714285715, 1.4285714285714286, 0.0, 0.8364313370221983, 0.27628946224288436, 0.20093160249305886, -2.652856807721525, 0.6471274951706482, 2.07138575886399, 5.371370061756165, 1.0, 0.0, 0.0, 0.0, 1.5805804840674287, 2.293460599249865, 4.0015783606174615, 0 
0.9714285714285715, 1.4285714285714286, 0.5, 0.8345868521987498, 0.2766640635242573, 0.20108616652703196, -2.652851747976605, 0.6400739179493644, 2.0664629130612773, 5.359388578987243, 0.9985426754151155, 0.0013777414935688026, 7.94734376621466e-05, 1.0965365366900803e-07, 1.577106153401804, 2.290872864735538, 3.995548862218136, 0 
0.9714285714285715, 1.4285714285714286, 1.0, 0.7671908490155103, 0.28387858752902423, 0.20409740416916713, -2.645819938672749, 0.3895375463552783, 1.8975231576044609, 4.932880642632488, 0.9441029774793247, 0.04537120993444438, 0.010043163459395033, 0.0004826491268343995, 1.449829344380531, 2.199261306922836, 3.7773871419259573, 0 
0.9714285714285715, 1.4285714285714286, 1.5, 0.47631258553793376, 0.2951115942299793, 0.20978956394237888, -2.475842258141262, -0.538822546630436, 1.4203888427244116, 3.3574085542352363, 0.7300175817795506, 0.20068211608649886, 0.05435742495287709, 0.014942877181073955, 0.872835058811541, 1.8620845344313681, 2.8971221856031275, 1 
0.9714285714285715, 1.4285714285714286, 2.0, 7.442542401903856e-06, 0.2764447382706555, 0.18623406220218122, -2.0000000003192637, -1.4285714281588948, 1.4285714283741295, 2.0000000005344996, 0.48381519911709314, 0.3635761360481616, 0.0871313978560058, 0.06547726697873893, 0.25296776732877546, 1.6146445011887727, 2.0000000002729337, 0 
0.9714285714285715, 2.142857142857143, 0.0, 0.7994215350249382, 0.4230082549298755, 0.20981067397439326, -2.9022124007969454, 0.20739448138217895, 2.275867562331605, 5.3854744445107245, 1.0, 0.0, 0.0, 0.0, 1.4738793085457673, 2.50983516817667, 4.124780753376563, 0 
0.9714285714285715, 2.142857142857143, 0.5, 0.7967242362844548, 0.4234523556859304, 0.20987029918367472, -2.9022016842553713, 0.1969353691182215, 2.2695975789073373, 5.368734632280937, 0.9979390563148863, 0.0020287464741091557, 3.213188891907363e-05, 6.532208148236636e-08, 1.4688628874065388, 2.5065025252569093, 4.116318521748232, 0 
0.9714285714285715, 2.142857142857143, 1.0, 0.7166058872554086, 0.4320238556308274, 0.2109822747079419, -2.892229159767881, -0.10404126744934182, 2.099448801171635, 4.887636693490182, 0.9356769451481918, 0.05757465079739557, 0.006357227228258556, 0.0003911768261520104, 1.3214744942603773, 2.4116523398739336, 3.8681990961167423, 0 
0.9714285714285715, 2.142857142857143, 1.5, 0.36882643173167007, 0.44641235609515156, 0.21424214833036528, -2.647706836493851, -1.2074502839464685, 1.7360354095800612, 3.1762919621274426, 0.6862369790559673, 0.26271032086280527, 0.036919068824360204, 0.014133631256867382, 0.6631506454349302, 2.092004086066288, 2.876531407699819, 1 
0.9714285714285715, 2.142857142857143, 2.0, 2.1895189540970233e-06, 0.40594456923839506, 0.1736475861992248, -2.1428571429788907, -1.9999999998683584, 1.999999999886992, 2.142857142997523, 0.4598996077297267, 0.428195407103379, 0.05794994670804118, 0.05395503845885303, 0.06289045238504157, 1.9712331273401023, 2.1428571429003864, 0 
0.9714285714285715, 2.857142857142857, 0.0, 0.7311277477580933, 0.5760189964920176, 0.2179328580416217, -3.258658692158434, -0.29121688805745194, 2.3683168469628453, 5.335758651063833, 1.0, 0.0, 0.0, 0.0, 1.3786149900094171, 2.710585090037793, 4.272816220451934, 0 
0.9714285714285715, 2.857142857142857, 0.5, 0.727339302338463, 0.5764787766437927, 0.2179348644439261, -3.2586395195517968, -0.30528799087939423, 2.360918123986975, 5.314269652659379, 0.9972731271649535, 0.002713723356265935, 1.3113794262884702e-05, 3.568451692027799e-08, 1.3734346112826936, 2.7066307129510085, 4.261965892197222, 0 
0.9714285714285715, 2.857142857142857, 1.0, 0.628473335995208, 0.5852818371117984, 0.2178415280753287, -3.244925048804267, -0.6568004161056382, 2.1915749255840553, 4.779699558282686, 0.9260606649443832, 0.06960351804597976, 0.004032714695989572, 0.0003031023136410348, 1.1874374756896824, 2.6094803893746583, 3.9854627799221296, 1 
0.9714285714285715, 2.857142857142857, 1.5, 0.029756146831756477, 0.6011718061305011, 0.18907849130800342, -2.859992282115763, -1.995086067327094, 1.9985265886434456, 2.8634328034321115, 0.616131690761834, 0.34614459112757157, 0.02415395521924998, 0.013569762891344001, 0.3607664547014139, 2.2810502613437045, 2.860997784033111, 0 
0.9714285714285715, 2.857142857142857, 2.0, 3.709142975908417e-07, 0.5245127185552624, 0.1560053227391635, -2.8571428571433026, -1.9999999999992313, 1.9999999999997646, 2.857142857143839, 0.5564723851867833, 0.36250784614791653, 0.04906010203394733, 0.03195966663135262, 0.37690871904112316, 2.30126768113546, 2.8571428571432693, 0 
0.9714285714285715, 3.5714285714285716, 0.0, 0.6147420296502671, 0.7343409092750494, 0.22461316546945523, -3.7263614261097016, -0.8671076366600406, 2.335549230103473, 5.194803019553128, 1.0, 0.0, 0.0, 0.0, 1.283775815605462, 2.886617247287701, 4.437720138027537, 0 
0.9714285714285715, 3.5714285714285716, 0.5, 0.6093215712142174, 0.7347878763201106, 0.22458658765928066, -3.726331601457951, -0.884650396555806, 2.3273103306125993, 5.168991535514742, 0.9966039346825339, 0.003390546182313516, 5.500422177217415e-06, 1.871298593660272e-08, 1.2749284106582017, 2.8820905391014002, 4.424814651173102, 0 
0.9714285714285715, 3.5714285714285716, 1.0, 0.47543863455744345, 0.7432260385955827, 0.22388511717522702, -3.7083768342166348, -1.283022512250756, 2.161356733715319, 4.586711055681204, 0.9161535023221222, 0.08103082255186873, 0.0025868744260651487, 0.00022880069993854504, 1.0688770358659268, 2.7806786108281254, 4.126365675395632, 1 
0.9714285714285715, 3.5714285714285716, 1.5, 6.287103490057825e-08, 0.7165244865351564, 0.1435095625932836, -3.571428571428574, -1.9999999999999842, 2.0000000000000036, 3.571428571428598, 0.7227030989903568, 0.2535039586114777, 0.01761432994296785, 0.0061786124551966295, 0.6618751357402096, 2.60674663527644, 3.571428571428584, 0 
0.9714285714285715, 3.5714285714285716, 2.0, 3.990691819453227e-09, 0.6288093160086287, 0.1346222205840767, -3.5714285714285725, -1.9999999999999993, 1.9999999999999973, 3.5714285714285734, 0.6470001521438379, 0.29489879920447803, 0.03991021251647508, 0.01819083613520926, 0.6929637509300042, 2.633000586494109, 3.5714285714285676, 0 
0.9714285714285715, 4.285714285714286, 0.0, 0.404907913280954, 0.8968949471626679, 0.1859613635037769, -4.308722995535321, -1.5338463576122916, 2.1709108399067194, 4.94578747782975, 1.0, 0.0, 0.0, 0.0, 1.1806811700118092, 3.0331901423543868, 4.6152519048450324, 1 
0.9714285714285715, 4.285714285714286, 0.5, 0.3953943335942649, 0.8973167590141936, 0.1839170682965672, -4.308681001068465, -1.5545963588087046, 2.162076025929658, 4.916160668189424, 0.995960456473701, 0.00403714706279909, 2.3867885977606858e-06, 9.674898751591389e-09, 1.170137182276308, 3.027899157608591, 4.6007539601065375, 1 
0.9714285714285715, 4.285714285714286, 1.0, 0.04188340669965109, 0.9051177187906941, 0.14590592589275608, -4.286252660194237, -1.9947517620389887, 2.001568158814585, 4.293069056969829, 0.9064857154225113, 0.09165892711581766, 0.001684981278595093, 0.000170376183075626, 0.9349268662580623, 2.912752584216845, 4.2894568319577395, 0 
0.9714285714285715, 4.285714285714286, 1.5, 2.7438332137221227e-06, 0.8061854669780492, 0.10846964246835934, -4.285714285716624, -1.999999999977362, 2.000000000006746, 4.28571428574601, 0.8088534748246182, 0.1762332246631722, 0.012245292669850284, 0.002668007842359752, 0.9780971486710148, 2.94064784192238, 4.285714285725877, 0 
0.9714285714285715, 4.285714285714286, 2.0, 1.0362609921795774e-07, 0.7168301765325148, 0.11161705060355995, -4.285714285714294, -1.9999999999999678, 2.0000000000000084, 4.2857142857143335, 0.7268341669973654, 0.23179218194256093, 0.03136966059522932, 0.010003990464845798, 1.013814099107574, 2.9677931504651758, 4.285714285714282, 0 
0.9714285714285715, 5.0, 0.0, -5.099430194540013e-07, 0.9999999999947307, 0.1443470739648878, -4.999999999998451, -1.9999999999717493, 2.0000000000129905, 5.000000000039698, 1.0, 0.0, 0.0, 0.0, 1.2440397246433734, 3.24403972463678, 5.000000000015765, 0 
0.9714285714285715, 5.0, 0.5, 5.236821783152963e-07, 0.9975265453152066, 0.14029370082141815, -4.999999999999962, -1.9999999999992666, 2.000000000000336, 5.000000000001032, 0.9975265473713985, 0.002472621100575893, 8.294719722070492e-07, 2.0560554565890985e-09, 1.245271767400478, 3.2447192063699615, 5.000000000000402, 0 
0.9714285714285715, 5.0, 1.0, 1.118836370792996e-05, 0.9516630755852342, 0.06516349951235612, -4.999999999981795, -1.9999999996667892, 2.0000000001532054, 5.000000000468222, 0.9517062830407673, 0.04738266576495054, 0.0008678437958926383, 4.32073983851223e-05, 1.2679267627898383, 3.2575027131529906, 5.000000000161784, 0 
0.9714285714285715, 5.0, 1.5, -4.323649727112043e-08, 0.8714811186328126, 0.09141391231666886, -5.0, -1.9999999999999427, 2.0000000000000266, 5.000000000000077, 0.8725916082081925, 0.11809243244674263, 0.008205469769695396, 0.0011104895753711523, 1.305638571810447, 3.280977688208854, 5.000000000000035, 0 
0.9714285714285715, 5.0, 2.0, -2.6231165708226807e-08, 0.7882622454422857, 0.10000489647367931, -4.9999999999999964, -1.9999999999999951, 2.0000000000000027, 5.000000000000006, 0.7936095444910354, 0.17707822475760704, 0.02396493170260734, 0.005347299048748948, 1.3407952116060058, 3.3063518494524073, 5.000000000000014, 0 
1.2285714285714286, 0.0, 0.0, 0.9134384924140577, 0.0, 0.17001680908047498, -2.864119601327874, 2.0501628087320207, 2.0501691701524654, 6.964451580212366, 1.0, 0.0, 0.0, 0.0, 2.4057326342656467, 2.4057332396049027, 4.914285693827274, 0 
1.2285714285714286, 0.0, 0.5, 0.9133216518067055, 0.0, 0.1700447681734208, -2.8641195733279776, 2.0496410215940557, 2.049642053301319, 6.963402648223349, 0.9998921162131461, 5.394049413591757e-05, 5.3940382834433244e-05, 2.9098848333650453e-09, 2.4054626720740413, 2.405462770724944, 4.91375645306795, 0 
1.2285714285714286, 0.0, 1.0, 0.8961799456955829, 0.0, 0.17155649108550527, -2.8635108822161586, 1.9734246279280931, 1.973427404972761, 6.810362915117005, 0.9843241184134824, 0.0078069918351697225, 0.0078069701548347786, 6.191959651912808e-05, 2.3662218630772776, 2.3662222239956696, 4.836944164364638, 0 
1.2285714285714286, 0.0, 1.5, 0.8033630917401242, 0.0, 0.17491577913803258, -2.8398264042520847, 1.585820843377439, 1.5858211061449439, 6.011468353774475, 0.9030394572201785, 0.047244429355256794, 0.04724442107905698, 0.0024716923455043297, 2.155594677321929, 2.1555947404679223, 4.425647317465211, 0 
1.2285714285714286, 0.0, 2.0, 0.5567556686320945, 0.0, 0.17835289547133282, -2.6274434177320414, 0.7616569676803042, 0.7616579586992852, 4.15075834411163, 0.7137236205447655, 0.13109806207509397, 0.13109799711477613, 0.02408032026536448, 1.6191059190794033, 1.61910632546825, 3.38910305619947, 1 
1.2285714285714286, 0.7142857142857143, 0.0, 0.9075553595534384, 0.12144057791462498, 0.1706730326562979, -2.9074617680891492, 1.7341477978883941, 2.3135367070410524, 6.955146273018593, 1.0, 0.0, 0.0, 0.0, 2.2668767823576306, 2.556619799871265, 4.929581278176984, 0 
1.2285714285714286, 0.7142857142857143, 0.5, 0.9074177480683844, 0.12146054869530057, 0.17069952555062534, -2.9074617293570113, 1.733498039955046, 2.312959067348926, 6.953918836660984, 0.9998777053693733, 9.308087298250398e-05, 2.9211038318385298e-05, 2.719321505819786e-09, 2.266550124965836, 2.556325329098316, 4.928967519295578, 0 
1.2285714285714286, 0.7142857142857143, 1.0, 0.889583347224511, 0.12254035077536092, 0.17209500702258804, -2.906803389717391, 1.6500081343369613, 2.238953792674536, 6.795765316728883, 0.9838833421828382, 0.010326318301997544, 0.0057301983887163895, 6.0141126451232344e-05, 2.224098187416352, 2.518387721486433, 4.849493913919765, 0 
1.2285714285714286, 0.7142857142857143, 1.5, 0.7950062656734066, 0.12493984224145184, 0.17526376293625373, -2.882112642368512, 1.2308953268205383, 1.8751050601258883, 5.988113029314939, 0.9016439120592566, 0.058102828927655975, 0.03781633672688663, 0.0024369222861990807, 1.9998527522569673, 2.3209563442894696, 4.432865063332596, 0 
1.2285714285714286, 0.7142857142857143, 2.0, 0.5434443183229172, 0.1273949253366663, 0.17857057214360544, -2.6602565765571375, 0.3037580499515621, 1.1475864375970994, 4.111601064105798, 0.7092145110700228, 0.16112020831987922, 0.10566107101312876, 0.0240042095969692, 1.4188017934331212, 1.8355215834564274, 3.3818468690006895, 1 
1.2285714285714286, 1.4285714285714286, 0.0, 0.8891383043253256, 0.2438186180804256, 0.17246969920005095, -3.03783146750811, 1.3688547219170422, 2.5162170199654086, 6.92290320939057, 1.0, 0.0, 0.0, 0.0, 2.1411922617177597, 2.7152096893784456, 4.974007353012316, 0 
1.2285714285714286, 1.4285714285714286, 0.5, 0.8889441812407268, 0.24385646507232192, 0.17249230600625695, -3.037831391422139, 1.367908878075915, 2.51546661524469, 6.92120688474275, 0.9998359992190217, 0.00014898803560041171, 1.5010508618784746e-05, 2.236753021718178e-09, 2.140721452301561, 2.7148205114815878, 4.97315650246986, 0 
1.2285714285714286, 1.4285714285714286, 1.0, 0.8690924153540344, 0.2458500100322686, 0.1735906277143962, -3.0370223749597116, 1.272003273339056, 2.4398630050970165, 6.748888653395781, 0.9826221125689174, 0.013212970692164315, 0.004109655658311573, 5.526108060625369e-05, 2.092324796173168, 2.675479079421551, 4.8863104660374415, 0 
1.2285714285714286, 1.4285714285714286, 1.5, 0.769129537249428, 0.2503768041946482, 0.17625132608549754, -3.0093275087132003, 0.8133458041994294, 2.0937502572850644, 5.9164235701977, 0.8975756065766928, 0.07019299241144616, 0.029893632986528484, 0.002337768025333087, 1.8485926437228866, 2.483417124171598, 4.454548094822968, 0 
1.2285714285714286, 1.4285714285714286, 2.0, 0.5011629591794693, 0.25510081734800777, 0.17919863601987424, -2.757726206313313, -0.22944615918636463, 1.4637393478836747, 3.992019395010622, 0.6954810254129858, 0.1964609542565493, 0.08425694103037133, 0.023801079300093134, 1.207574163361631, 2.0277860278009676, 3.3594814278955702, 1 
1.2285714285714286, 2.142857142857143, 0.0, 0.8559436425599888, 0.36782586248612636, 0.17499526268200197, -3.2561648568897272, 0.9526119334797376, 2.647787989636977, 6.856564780006443, 1.0, 0.0, 0.0, 0.0, 2.0267088781328764, 2.8751798629693206, 5.0438931141539465, 0 
1.2285714285714286, 2.142857142857143, 0.5, 0.8556583236784823, 0.3678781287042391, 0.1750125329462684, -3.2561646979131043, 0.9512107621600717, 2.646789257937478, 6.8541647180106535, 0.9997710157716178, 0.00022152393168392698, 7.458644056366689e-06, 1.6526465864006795e-09, 2.02601922896407, 2.874655043638796, 5.042685499094761, 0 
1.2285714285714286, 2.142857142857143, 1.0, 0.8325723937697348, 0.3705269617959269, 0.1757451034676421, -3.2551025416394626, 0.8388892911989888, 2.5675795096366727, 6.661571342475125, 0.9806983385010833, 0.016350738677283573, 0.0029025302509817223, 4.839257065454891e-05, 1.9699490673511575, 2.8328241355454606, 4.945274032326392, 0 
1.2285714285714286, 2.142857142857143, 1.5, 0.7231025464365549, 0.37672745093501975, 0.1777336161579716, -3.2224673768851533, 0.33393550956191304, 2.235632900096409, 5.792035786543476, 0.8911592831911436, 0.08322834066983391, 0.02342466817305241, 0.002187707965969149, 1.7042113000571466, 2.6436056330378066, 4.490967216506697, 0 
1.2285714285714286, 2.142857142857143, 2.0, 0.42050074227851836, 0.3833929767936295, 0.1801678371361126, -2.9160400643463738, -0.8446472086911835, 1.7135955050388134, 3.7849883606940025, 0.6716685475074802, 0.23842828138847624, 0.06635022827738314, 0.023552942826660157, 0.9578524456737231, 2.211518383330843, 3.3209514869729295, 1 
1.2285714285714286, 2.857142857142857, 0.0, 0.8042095681796259, 0.4938118504832856, 0.17780853698305946, -3.563770437223496, 0.480226537507505, 2.6981026362897365, 6.742099611020738, 1.0, 0.0, 0.0, 0.0, 1.9194713161229293, 3.0298387214872586, 5.134852899556508, 0 
1.2285714285714286, 2.857142857142857, 0.5, 0.8037984964617079, 0.49387436928127676, 0.17782097225895704, -3.563770131452401, 0.4782526401857574, 2.696828158134981, 6.738850929773141, 0.9996880269615737, 0.0003083245595653802, 3.6473539412036506e-06, 1.124919742130603e-09, 1.9185082646544094, 3.0291627627076454, 5.133212904714273, 0 
1.2285714285714286, 2.857142857142857, 1.0, 0.7761923727104783, 0.4969144435574716, 0.17821830501749644, -3.5623578715075377, 0.34719177114280614, 2.6135405461756824, 6.523090188826026, 0.9783107073002465, 0.01961466838953569, 0.0020338466440047226, 4.077766621548317e-05, 1.8538302121794548, 2.984642142359905, 5.023810846163091, 0 
1.2285714285714286, 2.857142857142857, 1.5, 0.6514681378884262, 0.5042819701346076, 0.1795260273544581, -3.522960625782293, -0.2087035846642142, 2.2943791951103822, 5.60863623622846, 0.8828361386543627, 0.09689567806275734, 0.01826365578996277, 0.0020045274929168786, 1.5664108387782876, 2.7971410275205435, 4.542924948504275, 1 
1.2285714285714286, 2.857142857142857, 2.0, 0.2670951488786335, 0.5124834418281686, 0.17179143745047704, -3.1242252036183125, -1.5565629138413242, 1.9071471650234373, 3.4748094548004245, 0.6351781059446585, 0.29005608373697994, 0.05132711946558649, 0.023438690852775192, 0.7075644580066923, 2.3831574599416285, 3.270287080283975, 1 
1.2285714285714286, 3.5714285714285716, 0.0, 0.7279195732163222, 0.6218380581762113, 0.18058384520371104, -3.9620975275174475, -0.05495257900584576, 2.658869941071293, 6.566014889582897, 1.0, 0.0, 0.0, 0.0, 1.81479266741089, 3.173282487495152, 5.242971565227335, 0 
1.2285714285714286, 3.5714285714285716, 0.5, 0.7273329862392139, 0.6219080890741777, 0.18059215425466446, -3.9620969906191545, -0.05759109910871138, 2.6573134686507163, 6.561819360161165, 0.9995923262828834, 0.0004058935845007934, 1.7794100603242933e-06, 7.225456905692538e-10, 1.8135214991364272, 3.1724497690313793, 5.240861909031163, 0 
1.2285714285714286, 3.5714285714285716, 1.0, 0.6933073781212632, 0.6251245403923504, 0.18073336522202638, -3.9602500783799277, -0.20821196376531412, 2.5703868419347575, 6.322424956549363, 0.975645773564224, 0.02289827245341463, 0.0014225665408154242, 3.338744154623158e-05, 1.7402481717116132, 3.12520351285685, 5.1195692309866, 0 
1.2285714285714286, 3.5714285714285716, 1.5, 0.5425981802890528, 0.6331932042985313, 0.18145498887467726, -3.9124480061825007, -0.8173685882670754, 2.264197132938923, 5.3592765508543465, 0.8730787587401178, 0.11090117499182628, 0.014214496752187368, 0.0018055695158703492, 1.3913609000412348, 2.937272570607158, 4.6120292660885465, 1 
1.2285714285714286, 3.5714285714285716, 2.0, 3.6695430307700713e-07, 0.6288093160085967, 0.14304271429303997, -3.5714285714289487, -1.9999999999992004, 1.9999999999999525, 3.5714285714297063, 0.6470001521439623, 0.2948987992043615, 0.03991021251647614, 0.018190836135199034, 0.6657246720770537, 2.5906399433991285, 3.571428571429226, 0 
1.2285714285714286, 4.285714285714286, 0.0, 0.6159589501163191, 0.7517887722028728, 0.18314094954868923, -4.4525694505322395, -0.6595220849813841, 2.5240287608499536, 6.317076126400809, 1.0, 0.0, 0.0, 0.0, 1.7080131203725482, 3.3008718859163753, 5.365239426712351, 0 
1.2285714285714286, 4.285714285714286, 0.5, 0.6151063199737206, 0.7518631610736546, 0.18314518638122917, -4.45256859659806, -0.6628642260654317, 2.52221265457743, 6.311917025110057, 0.999488523564455, 0.0005106018916781613, 8.740973267656934e-07, 4.4654414536517284e-10, 1.7064893646841932, 3.299872325023502, 5.362662337338793, 0 
1.2285714285714286, 4.285714285714286, 1.0, 0.570538839958923, 0.7551049653032236, 0.1831137221740826, -4.4502205238322805, -0.8327997517505348, 2.432471342582199, 6.049892114663942, 0.9728527788607141, 0.02612289132628123, 0.0009975439190257587, 2.6785893977112798e-05, 1.5962547383934143, 3.249285761046572, 5.230703126054557, 1 
1.2285714285714286, 4.285714285714286, 1.5, 0.36215385241217474, 0.763503382812718, 0.16680154003394096, -4.392578991230435, -1.4956979474422647, 2.1402331190000123, 5.037114162788188, 0.862316217076979, 0.12500678494114767, 0.011071939903431258, 0.001605058078440361, 1.2572648681454717, 3.0535535857734675, 4.70039196559711, 1 
1.2285714285714286, 4.285714285714286, 2.0, 1.2889441223623262e-07, 0.7168301765325115, 0.11161705060350198, -4.285714285714311, -1.9999999999999183, 2.0000000000000178, 4.28571428571441, 0.7268341669973716, 0.2317921819425551, 0.031369660595229165, 0.010003990464845413, 0.9764299615333318, 2.9191909226535357, 4.285714285714334, 0 
1.2285714285714286, 5.0, 0.0, 0.4397069029619249, 0.8834679861029102, 0.18435089946005243, -5.036493388155144, -1.3392981493345766, 2.2894367667096667, 5.986632005530242, 1.0, 0.0, 0.0, 0.0, 1.5946938042311158, 3.409263961078929, 5.499436588457496, 1 
1.2285714285714286, 5.0, 0.5, 0.43829193202918393, 0.8835440696187908, 0.18435327196319076, -5.036492130592819, -1.3433566333409053, 2.2873900230919926, 5.980525520343906, 0.9993802464710216, 0.0006193184615219904, 4.347980123920642e-07, 2.6944542586101734e-10, 1.5925778719116446, 3.408068186403771, 5.496423103105574, 1 
1.2285714285714286, 5.0, 1.0, 0.36757937310935135, 0.8867155720696113, 0.18425484947294277, -5.033594896765626, -1.5317318131216202, 2.1957235397530424, 5.69758662339705, 0.9700374416120674, 0.029238068815196888, 0.0007032915390016859, 2.1198033738063066e-05, 1.4941735131830878, 3.352515225570539, 5.35573398864611, 1 
1.2285714285714286, 5.0, 1.5, 4.1726441214772793e-07, 0.8714811186327327, 0.15116883014802054, -5.000000000000096, -1.9999999999991507, 2.0000000000003073, 5.000000000001254, 0.8725916082082521, 0.11809243244668077, 0.008205469769693894, 0.0011104895753702856, 1.250105236807521, 3.2195978339331663, 5.000000000000614, 0 
1.2285714285714286, 5.0, 2.0, 7.346154794091479e-07, 0.7882622454421709, 0.10000489647352326, -5.000000000000228, -1.9999999999980491, 2.000000000000708, 5.00000000000288, 0.7936095444912062, 0.17707822475745238, 0.02396493170260127, 0.005347299048741796, 1.2952240703204598, 3.2526277103495254, 5.000000000001089, 0 
1.4857142857142858, 0.0, 0.0, 0.9416696898204053, 0.0, 0.14927328405957135, -3.307967032962049, 2.634882240215926, 2.6348976278839755, 8.57774690106195, 1.0, 0.0, 0.0, 0.0, 2.929058684217577, 2.929059678711034, 5.942857122939488, 0 
1.4857142857142858, 0.0, 0.5, 0.9416550859533275, 0.0, 0.14927587021699024, -3.307967032401933, 2.6348052578806485, 2.6348111589086582, 8.577583449191234, 0.9999862216720035, 6.889180923809143e-06, 6.889099617789742e-06, 4.746090760105039e-11, 2.9290174669913633, 2.929017848808736, 5.9427752577716415, 0 
1.4857142857142858, 0.0, 1.0, 0.9359255971736179, 0.0, 0.14967734156465126, -3.3078801552467, 2.6028381247919676, 2.6028475459698783, 8.513565826008554, 0.9946015032045429, 0.0026956082580285963, 0.0026955828623432486, 7.305675087481181e-06, 2.9127616797133498, 2.9127624287406237, 5.910730287563827, 0 
1.4857142857142858, 0.0, 1.5, 0.8944225205935298, 0.0, 0.151028076218879, -3.3021200992638273, 2.3771073590763843, 2.377128704709373, 8.056356163049589, 0.9561329759228497, 0.021687701758265038, 0.021687393135312896, 0.000491929183572957, 2.7952509630296842, 2.795254078981627, 5.679238209523441, 0 
1.4857142857142858, 0.0, 2.0, 0.7839297348172163, 0.0, 0.1527007699947031, -3.2438572242992985, 1.8260749675824894, 1.8260831026826039, 6.896015294564391, 0.8585081465268407, 0.06804913879940916, 0.06804886200669368, 0.005393852667058606, 2.4851676835201433, 2.4851697940432533, 5.069936356962946, 0 
1.4857142857142858, 0.7142857142857143, 0.0, 0.9365817855454641, 0.10662377432826525, 0.14945394384677835, -3.346039073995427, 2.3665000104200247, 2.846487753337064, 8.55902683775251, 1.0, 0.0, 0.0, 0.0, 2.8108140438836995, 3.050829560827432, 5.951484049749217, 0 
1.4857142857142858, 0.7142857142857143, 0.5, 0.9365654840946547, 0.10662562158356445, 0.14945631157147207, -3.3460390732985843, 2.366405619627415, 2.8464006788727008, 8.558845371798697, 0.9999848985701844, 1.0920110295305275e-05, 4.181273863228934e-06, 4.566066130260946e-11, 2.8107665026932707, 3.0507853481086706, 5.951393110751771, 0 
1.4857142857142858, 0.7142857142857143, 1.0, 0.9306642028545237, 0.10691238683189376, 0.14984196092802846, -3.345947419624751, 2.33233212586792, 2.814989547354183, 8.493269092846852, 0.9944935613423789, 0.0034006074536917117, 0.002098654986739948, 7.176217190387803e-06, 2.793560021908345, 3.0348600277317663, 5.918547824244282, 0 
1.4857142857142858, 0.7142857142857143, 1.5, 0.888574568668277, 0.1078771972991993, 0.1511482506009567, -3.3400390226976913, 2.0948993452806484, 2.5973712527063557, 8.032309620684694, 0.9557484056992575, 0.02551336567946318, 0.01825102399052441, 0.00048720463075658876, 2.6708731250146203, 2.9219024860432525, 5.684987451246703, 0 
1.4857142857142858, 0.7142857142857143, 2.0, 0.7768760632683387, 0.10907197856764508, 0.1527820748025352, -3.2807223573467477, 1.511822837907143, 2.074907872872793, 6.86745306812667, 0.8576133397026771, 0.07809146338787747, 0.05892928877379609, 0.005365908135650031, 2.3466373035285812, 2.6275109881132446, 5.072484947144709, 0 
1.4857142857142858, 1.4285714285714286, 0.0, 0.9210301174923355, 0.2135056340668262, 0.14997116718115175, -3.460348375417023, 2.04294924788502, 2.998355531665071, 8.501653154967121, 1.0, 0.0, 0.0, 0.0, 2.6966865432534846, 3.174546065130734, 5.97703117821134, 0 
1.4857142857142858, 1.4285714285714286, 0.5, 0.9210105244170439, 0.2135090165306744, 0.14997336761075297, -3.4603483742402465, 2.0428334396225964, 2.998256854837598, 8.501438668700445, 0.9999809491417712, 1.6595438678475252e-05, 2.455378805089195e-06, 4.0748864693129543e-11, 2.696623881865091, 3.174491189370877, 5.976914713265899, 0 
1.4857142857142858, 1.4285714285714286, 1.0, 0.9145959870898631, 0.21405994418289778, 0.15031534039380218, -3.460242050679038, 2.0050265816788837, 2.966089146235127, 8.43135777859305, 0.994177668666585, 0.004206568782856412, 0.0016089547344356131, 6.807816120013553e-06, 2.677588308089522, 3.1580038159318513, 5.941761351680769, 0 
1.4857142857142858, 1.4285714285714286, 1.5, 0.870725848485495, 0.21592607228708102, 0.15149725111420623, -3.4538893673190634, 1.752165647624209, 2.753491742953882, 7.959546757897161, 0.9546158289410481, 0.029683924685362018, 0.015226767711040055, 0.00047347866254994356, 2.547161875233549, 3.046367386151022, 5.7022134406270535, 0 
1.4857142857142858, 1.4285714285714286, 2.0, 0.7552678603002708, 0.21826010686076458, 0.153019623696433, -3.39140878282926, 1.1332685562819202, 2.2567127147738075, 6.781390053884988, 0.8549556244418733, 0.08900663315591577, 0.050753918032396955, 0.005283824369813364, 2.204220344069885, 2.7608850846904245, 5.080343166769248, 0 
1.4857142857142858, 2.142857142857143, 0.0, 0.8941352740964031, 0.32086829887276774, 0.15075976398021235, -3.6511616967120952, 1.6644764847208742, 3.086706394815902, 8.402344576248868, 1.0, 0.0, 0.0, 0.0, 2.5862805855260964, 3.29784215432854, 6.018592420607555, 0 
1.4857142857142858, 2.142857142857143, 0.5, 0.8941068562194147, 0.32087328959892586, 0.15076232315228705, -3.651161694443687, 1.664307664609213, 3.086573210546074, 8.40204256959898, 0.9999744386714584, 2.415632566753142e-05, 1.404968926722663e-06, 3.393975449188955e-11, 2.586192205470617, 3.2977691170119847, 6.018432432415849, 0 
1.4857142857142858, 2.142857142857143, 1.0, 0.8868420207116782, 0.3216485873944683, 0.15104265929186728, -3.651030122648571, 1.6212810795883348, 3.0527093232273756, 8.325020525464286, 0.9936759016726588, 0.005099282770458256, 0.0012185622168273571, 6.2533400543773165e-06, 2.5646454288455054, 3.28021635138375, 5.979719732460441, 0 
1.4857142857142858, 2.142857142857143, 1.5, 0.8399071618826615, 0.32430184174806537, 0.1520434547449611, -3.6439404855175597, 1.349551685153699, 2.8428014703037907, 7.836293640975043, 0.952794983974823, 0.034137789701266325, 0.012615233811224974, 0.0004519925126844333, 2.4250368755097576, 3.1686083547193116, 5.7308720525904775, 0 
1.4857142857142858, 2.142857142857143, 2.0, 0.7176472286021642, 0.3276714409911208, 0.1533973117384592, -3.576190799896863, 0.6910760742665297, 2.3695996200716496, 6.636866494235043, 0.8506161859576172, 0.10071830637638075, 0.04351326358091557, 0.005152244085086374, 2.0618485431668376, 2.8902453731900284, 5.094217461268576, 0 
1.4857142857142858, 2.857142857142857, 0.0, 0.85431518805773, 0.42887672546712957, 0.1517351146953999, -3.9188854414595937, 1.230033408066961, 3.10738726717852, 8.256306116705085, 1.0, 0.0, 0.0, 0.0, 2.4783763050154284, 3.417877173901026, 6.0749021692467275, 0 
1.4857142857142858, 2.857142857142857, 0.5, 0.8542720546540696, 0.42888376389108446, 0.15173762685386344, -3.9188854371123463, 1.2297806537291613, 3.1072020496845614, 8.255868140526072, 0.9999654889663696, 3.372177815368424e-05, 7.89228867550128e-07, 2.6615119299285908e-11, 2.4782512396371876, 3.417779824191254, 6.074681596954372, 0 
1.4857142857142858, 2.857142857142857, 1.0, 0.8458020376269333, 0.4298351717427082, 0.15194998381705058, -3.9187173120860037, 1.180322000521796, 3.0710856013540084, 8.170124913961816, 0.9930196119185485, 0.006060007886070109, 0.0009147975459730479, 5.582649402103577e-06, 2.4536367501027425, 3.3988816355052744, 6.031510880263641, 0 
1.4857142857142858, 2.857142857142857, 1.5, 0.7942822150553341, 0.43313100763702544, 0.1527421762461249, -3.9106062031762905, 0.886891072610404, 2.8623638224715218, 7.659861098258215, 0.9503741796953004, 0.03880403605359477, 0.010397261248520289, 0.000424523002587862, 2.303659021032398, 3.2865481589237002, 5.7709433382452815, 0 
1.4857142857142858, 2.857142857142857, 2.0, 0.6610272091719092, 0.437399123629992, 0.15389160556334852, -3.835483591837228, 0.18533025662019484, 2.4114426011868204, 6.432256449644245, 0.8447141798668067, 0.11313608625144089, 0.03717123557507476, 0.00497849830667858, 1.9189748987911919, 3.0141120829183854, 5.115335363159785, 0 
1.4857142857142858, 3.5714285714285716, 0.0, 0.7990081147335982, 0.5376327484376248, 0.15281183849736246, -4.264021059628695, 0.7376392268412659, 3.0563637794818512, 8.058024065951809, 1.0, 0.0, 0.0, 0.0, 2.3711811829650817, 3.531666068561666, 6.144577595893316, 0 
1.4857142857142858, 3.5714285714285716, 0.5, 0.7989468340113426, 0.5376413279615879, 0.1528138506440972, -4.264021051757618, 0.7372934945660635, 3.056127564404328, 8.057442110728008, 0.9999542830158984, 4.5278655810379576e-05, 4.3830845014105296e-07, 1.9846924794263014e-11, 2.3710110967374156, 3.5315411517165582, 6.144285071917891, 0 
1.4857142857142858, 3.5714285714285716, 1.0, 0.7888423663570884, 0.5387199928473977, 0.1529606970882657, -4.263804791386639, 0.6805375021677074, 3.0175377556526204, 7.961880049206959, 0.9922438656823137, 0.007068346774498004, 0.0006829226763372694, 4.864866857303023e-06, 2.342894112410553, 3.5111459163916887, 6.096139061453113, 0 
1.4857142857142858, 3.5714285714285716, 1.5, 0.7306491366570277, 0.5425049506711009, 0.15354461063838476, -4.254402930508679, 0.36334515862639255, 2.809238197570098, 7.426986286705175, 0.94745769596252, 0.04360987265699904, 0.008539378265480645, 0.0003930531149986951, 2.181450753992814, 3.3974316966356763, 5.822477907415894, 0 
1.4857142857142858, 3.5714285714285716, 2.0, 0.5795028285432692, 0.5475165917959044, 0.1544753611074823, -4.169817414987382, -0.3843382710314716, 2.380089524867129, 6.1655686688230364, 0.8373983229539822, 0.12616117786909034, 0.03166925641052922, 0.004771242766401117, 1.7748977000579282, 3.1291293766695967, 5.145567582447304, 1 
1.4857142857142858, 4.285714285714286, 0.0, 0.7239767557751947, 0.6471793518919331, 0.1539177309859376, -4.687120796860496, 0.18483094072304374, 2.930072125670616, 7.802023863254162, 1.0, 0.0, 0.0, 0.0, 2.262573104167658, 3.636348536534685, 6.226308065525427, 0 
1.4857142857142858, 4.285714285714286, 0.5, 0.7238901003333665, 0.6471892648112233, 0.15391952152907282, -4.687120783420408, 0.1843761731272183, 2.929781269474003, 7.801278226021634, 0.999941056818189, 5.87010550313869e-05, 2.421125707138575e-07, 1.4213101102666944e-11, 2.2623495042438893, 3.636192562973435, 6.225933896518001, 0 
1.4857142857142858, 4.285714285714286, 1.0, 0.7115107708337287, 0.6483504532973735, 0.15400967573367397, -4.686845196917919, 0.11980794492735389, 2.888749084175115, 7.695402226020381, 0.9913827199307098, 0.008104727339699231, 0.0005083964991906843, 4.156230407855136e-06, 2.230402040728784, 3.614153838658677, 6.172655528741624, 0 
1.4857142857142858, 4.285714285714286, 1.5, 0.6431530399321636, 0.6524804514061465, 0.15440160467639455, -4.675905254276234, -0.2224293534443117, 2.6806674453587505, 7.134143346190677, 0.9441531164743089, 0.04848742174092363, 0.0069999748268943065, 0.00035948695787279953, 2.0565278856153975, 3.4979744180620993, 5.885597852317306, 0 
1.4857142857142858, 4.285714285714286, 2.0, 0.459489361606497, 0.6580782109263953, 0.15511921725766742, -4.579784527901584, -1.0187311636244794, 2.2734494057201324, 5.834502769997247, 0.8288277285442668, 0.13969837652768863, 0.026934159755778172, 0.0045397351722634115, 1.5506454224298567, 3.2291614635429156, 5.187372712509475, 1 
1.4857142857142858, 5.0, 0.0, 0.6213651280430003, 0.7575152212746785, 0.15447021713584358, -5.188751096124455, -0.43102931743111483, 2.7255345016811856, 7.483256280374518, 1.0, 0.0, 0.0, 0.0, 2.1502559408905286, 3.7293580004536087, 6.318934114554907, 0 
1.4857142857142858, 5.0, 0.5, 0.6212396734260212, 0.7575263587174063, 0.15447193146865615, -5.188751074762084, -0.4316079349715148, 2.7251866841831633, 7.482329823973721, 0.9999260817042794, 7.378462358234888e-05, 1.3366229041005677e-07, 9.862950837577561e-12, 2.149970623940429, 3.7291665989225558, 6.318471487504205, 0 
1.4857142857142858, 5.0, 1.0, 0.6053371765516159, 0.7587338153240748, 0.1545367068373818, -5.188405760324385, -0.5042281793603824, 2.6818877291209624, 7.366065310084963, 0.9904659900480297, 0.009152233505297539, 0.0003782810050130795, 3.495441664110501e-06, 2.1139460524660243, 3.7052300443079136, 6.260202281980762, 0 
1.4857142857142858, 5.0, 1.5, 0.5192335814903989, 0.7630786716373789, 0.15483750832372525, -5.175711760312005, -0.8720231336168309, 2.474238291522211, 6.777926918217386, 0.9405643648808685, 0.0533756330630343, 0.005734573512340257, 0.00032542854375142974, 1.92785811479355, 3.5846117882617947, 5.960481833590567, 1 
1.4857142857142858, 5.0, 2.0, 0.24976446867699986, 0.7691154735925722, 0.1554521677326476, -5.066014000249073, -1.718897374963639, 2.0896264115704257, 5.436743036855855, 0.8191650334397711, 0.15365767783121437, 0.022884626738843596, 0.00429266199017194, 1.4337869413199213, 3.304192326445937, 5.243609642368472, 1 
1.742857142857143, 0.0, 0.0, 0.9579643443262923, 0.0, 0.13165700643981143, -3.7725995316146075, 3.198823656969473, 3.198826261320015, 10.170249449904105, 1.0, 0.0, 0.0, 0.0, 3.449666990354246, 3.4496671121840987, 6.9714282355763215, 0 
1.742857142857143, 0.0, 0.5, 0.9579627565458579, 0.0, 0.13165741590262553, -3.772599531600435, 3.198813779972972, 3.1988149307316807, 10.170228242305097, 0.9999982390936545, 8.804537969355303e-07, 8.804517705581132e-07, 7.751984694583906e-13, 3.449660900414265, 3.4496609542591323, 6.971416097167584, 0 
1.742857142857143, 0.0, 1.0, 0.9559815922063016, 0.0, 0.13176819751378896, -3.7725869504361054, 3.185595186023295, 3.185598994877274, 10.143781131336684, 0.9981010654291965, 0.0009490179201951692, 0.0009490143055313719, 9.02345076731837e-07, 3.442975521789217, 3.442975723747774, 6.958183997939745, 0 
1.742857142857143, 0.0, 1.5, 0.9361229949302623, 0.0, 0.13232705281598392, -3.771076385798455, 3.054622238956033, 3.0546236993148432, 9.88032232406934, 0.9792054758324168, 0.010342646189186426, 0.010342636119875003, 0.00010924185851843987, 3.376024701758929, 3.376024837163038, 6.825699450708748, 0 
1.742857142857143, 0.0, 2.0, 0.8772285585283416, 0.0, 0.1331736819821242, -3.7519048311459904, 2.6823599246379124, 2.6823631128208283, 9.116627868604736, 0.9244321806912813, 0.03704181139814917, 0.0370417523501611, 0.0014842555604085252, 3.178040558493017, 3.1780411053133824, 6.434265613911218, 0 
1.742857142857143, 0.7142857142857143, 0.0, 0.9538284729592927, 0.0940407188855796, 0.1317171890765152, -3.806182954556968, 2.966522371991128, 3.3760049543620236, 10.148710280910116, 1.0, 0.0, 0.0, 0.0, 3.34715115579327, 3.551903282729685, 6.976759517198655, 0 
1.742857142857143, 0.7142857142857143, 0.5, 0.9538249261895793, 0.09404101135901824, 0.13171745384942732, -3.806182954555183, 2.9664980956924087, 3.3759820619164485, 10.148663112164051, 0.9999981122125584, 1.3101564658748837e-06, 5.776302258105848e-07, 7.567874038842471e-13, 3.3471437612483412, 3.551896275733377, 6.976745330533887, 0 
1.742857142857143, 0.7142857142857143, 1.0, 0.9517979096253966, 0.09412014108127782, 0.13182593041919738, -3.8061698673523816, 2.9526374848145487, 3.3629139331058804, 10.121721285272825, 0.998072189469653, 0.0011583751097464874, 0.0007685434394441374, 8.919811616874052e-07, 3.340165370631541, 3.5453024237227213, 6.963264063931196, 0 
1.742857142857143, 0.7142857142857143, 1.5, 0.9317197506985391, 0.09451932343998852, 0.13237370837976986, -3.804632185603337, 2.816811176655999, 3.2350977746980734, 9.85654113695741, 0.9790755140716675, 0.011849826173842535, 0.008966141850757451, 0.00010851790373108365, 3.2710335477863155, 3.480129620266652, 6.82986744536577, 0 
1.742857142857143, 0.7142857142857143, 2.0, 0.8723669981171026, 0.09512405855866014, 0.13320758065083807, -3.785249688201027, 2.430814789241868, 2.874610918602178, 9.090675396045071, 0.9241426145975863, 0.04129882981601377, 0.03308023920159193, 0.0014783163848087109, 3.0668868002530303, 3.288672409109421, 6.437114425438569, 0 
1.742857142857143, 1.4285714285714286, 0.0, 0.941271208428156, 0.1881674129664503, 0.13189317432646028, -3.906964050295581, 2.679874355073825, 3.496752017127772, 10.083590422497185, 1.0, 0.0, 0.0, 0.0, 3.2446565759032855, 3.653174246681825, 6.992665911762754, 0 
1.742857142857143, 1.4285714285714286, 0.5, 0.9412685972001523, 0.1881677912134676, 0.13189300135030443, -3.9069640502730634, 2.6798562196837374, 3.496735882790391, 10.083556152747194, 0.9999977290984673, 1.9000263360334373e-06, 3.708744886766237e-07, 7.046728960912766e-13, 3.2446478886523167, 3.653166374195195, 6.992649518286796, 0 
1.742857142857143, 1.4285714285714286, 1.0, 0.9391046559285045, 0.18832275774171053, 0.1319949956042888, -3.906949410467421, 2.6648421038436396, 3.4833831352400515, 10.055174649551105, 0.9979867188546798, 0.00139647115942778, 0.0006159480969199363, 8.618889778816522e-07, 3.2370956399411446, 3.6463731649823865, 6.978436673632944, 0 
1.742857142857143, 1.4285714285714286, 1.5, 0.918360489134099, 0.1891052976853855, 0.13251091040265656, -3.905330206755937, 2.5224048614853016, 3.3572003120190255, 9.78493538026027, 0.9786901021763965, 0.013477994722828469, 0.007725511503433637, 0.00010639159734310015, 3.1645923145466464, 3.581527007638755, 6.842362042210694, 0 
1.742857142857143, 1.4285714285714286, 2.0, 0.8576006299410229, 0.19029654378691155, 0.13330771925557244, -3.8853157833502148, 2.120631489993155, 3.006706712177724, 9.012653985521087, 0.9232809979388462, 0.04583096669237006, 0.02942728720774256, 0.0014607481610427245, 2.9521168612294493, 3.3935230643311445, 6.445725511525516, 0 
1.742857142857143, 2.142857142857143, 0.0, 0.9198549891984422, 0.28245953935195145, 0.13217176560514113, -4.075032992803026, 2.339261392414977, 3.5594957813401504, 9.97379016655815, 1.0, 0.0, 0.0, 0.0, 3.142105598735043, 3.7524578499632817, 7.01891332562025, 0 
1.742857142857143, 2.142857142857143, 0.5, 0.91985393582838, 0.282459584716596, 0.13217193484683634, -4.075032992790369, 2.3392540507565984, 3.5594896131064573, 9.97377665665343, 0.9999970832628451, 2.6829945875505027e-06, 2.3374194517048133e-07, 6.271302029498862e-13, 3.1420952513178126, 3.7524488322143768, 7.01889392508466, 0 
1.742857142857143, 2.142857142857143, 1.0, 0.9174589428578227, 0.2826844205159761, 0.13226377000424183, -4.075015660506404, 2.322579012921116, 3.545487915263733, 9.943082588691249, 0.9978479710619516, 0.001661974340981423, 0.0004892397395752204, 8.148574906627447e-07, 3.1337328858084943, 3.7452643545103865, 7.003510067309176, 0 
1.742857142857143, 2.142857142857143, 1.5, 0.8955765945263197, 0.2838206240152122, 0.13273085025808337, -4.073260187462495, 2.171822223992288, 3.419663905889554, 9.664746317344317, 0.9780621880809618, 0.01521352721905687, 0.00662129205983736, 0.0001029926401462354, 3.057106793055362, 3.6800642921281357, 6.863159267730069, 0 
1.742857142857143, 2.142857142857143, 2.0, 0.832353408594872, 0.2855636574951922, 0.1334696531983426, -4.052195891146875, 1.7522546848075364, 3.077636058594717, 8.882086634549127, 0.9218680524073174, 0.050611398369816034, 0.026088278876216803, 0.0014322703466500834, 2.8354777810301757, 3.4946165062687573, 6.460294178325205, 0 
1.742857142857143, 2.857142857142857, 0.0, 0.8887889101963105, 0.37698422097379475, 0.13253508892452176, -4.310532830233922, 1.944601145785063, 3.5624490645197824, 9.817583040538771, 1.0, 0.0, 0.0, 0.0, 3.0390708280031355, 3.848462445810204, 7.055151390793875, 0 
1.742857142857143, 2.857142857142857, 0.5, 0.8887847293061863, 0.3769848409946624, 0.13253572441815567, -4.31053283017312, 1.9445722740085551, 3.562426125756396, 9.817531229938075, 0.999996166128216, 3.688782713628114e-06, 1.4508852758781716e-07, 5.352021044079385e-13, 3.0390553676199503, 3.848449584030129, 7.055123318607809, 0 
1.742857142857143, 2.857142857142857, 1.0, 0.8860610288877705, 0.37727100060491314, 0.13261513148623916, -4.310511536948767, 1.9257851460900526, 3.5475123352513074, 9.783809018290125, 0.9976610000590587, 0.0019525122100697932, 0.00038573281708979997, 7.54913778475725e-07, 3.029666040836757, 3.840733279142811, 7.038197324130473, 0 
1.742857142857143, 2.857142857142857, 1.5, 0.862510510111496, 0.37872079805407605, 0.13302148533656938, -4.30856480305218, 1.7651511956856127, 3.4210644823967575, 9.494780481134555, 0.9772117702286103, 0.017039929515933517, 0.0056497833193361454, 9.851693611842445e-05, 2.948241230173702, 3.774693321898091, 6.892229564887258, 0 
1.742857142857143, 2.857142857142857, 2.0, 0.7955461279885463, 0.380967476927401, 0.13368653851664972, -4.286038302499678, 1.3258991093786514, 3.0862737074455424, 8.698211119323881, 0.9199363809108766, 0.05560848572303461, 0.023061129890537112, 0.0013940034755503517, 2.716731988286123, 3.591166853617963, 6.4811459162581295, 0 
1.742857142857143, 3.5714285714285716, 0.0, 0.8468060988383113, 0.47179538067269683, 0.13296264585918452, -4.613650026342649, 1.495366979840883, 3.503708987109517, 9.612725993293047, 1.0, 0.0, 0.0, 0.0, 2.9348252821569276, 3.9397103221756695, 7.10095246849807, 0 
1.742857142857143, 3.5714285714285716, 0.5, 0.8467996828303747, 0.47179633388538983, 0.13296296008212308, -4.6136500262352484, 1.495323756342937, 3.503676457752951, 9.61265024033114, 0.9999949700504024, 4.940951691990426e-06, 8.899746080175332e-08, 4.3973436637297063e-13, 2.9348039691443146, 3.9396933702217636, 7.100914655830154, 0 
1.742857142857143, 3.5714285714285716, 1.0, 0.843632976534174, 0.4721346083534606, 0.13302915041308747, -4.61362337411437, 1.4740194754872091, 3.487661958209996, 9.575304807811593, 0.9974320187653306, 0.0022649238662293967, 0.0003023707584812085, 6.866099487980125e-07, 2.9241889187292123, 3.9313402043145236, 7.082154221407772, 0 
1.742857142857143, 3.5714285714285716, 1.5, 0.8177674613074551, 0.47385131735316843, 0.13336873649229836, -4.611430909535567, 1.302186734327768, 3.3599116504925908, 9.273529294355924, 0.9761641059990415, 0.018938917862534693, 0.004803776312239685, 9.319982618535928e-05, 2.837304937488778, 3.864055717959178, 6.929551657463818, 0 
1.742857142857143, 3.5714285714285716, 2.0, 0.7453539820967774, 0.4765444268046918, 0.13394989578323457, -4.587038683345842, 0.8415611008241927, 3.031433879322046, 8.460033663492098, 0.9175280908670329, 0.06078744701726913, 0.02033710224977087, 0.001347359865924667, 2.5950098570669797, 3.6817583907454736, 6.508732635038621, 0 
1.742857142857143, 4.285714285714286, 0.0, 0.7919316738464761, 0.5669308579154869, 0.1334326847651432, -4.9846035422106105, 0.9907435167772568, 3.3814281790572336, 9.3567752380451, 1.0, 0.0, 0.0, 0.0, 2.8284082122374747, 4.024630672663627, 7.1558618720415605, 0 
1.742857142857143, 4.285714285714286, 0.5, 0.7919230030598375, 0.5669319268262668, 0.1334329553275717, -4.984603542028084, 0.9906876665647101, 3.381388288783176, 9.35667949737597, 0.9999934904457832, 6.455429961888746e-06, 5.412388933531906e-08, 3.4939525127650073e-13, 2.8283802090084196, 4.024609314310451, 7.155813207531488, 0 
1.742857142857143, 4.285714285714286, 1.0, 0.7881676098412077, 0.567312644052181, 0.1334856405099846, -4.9845700261156285, 0.9665403333962542, 3.36416812984638, 9.315278489358269, 0.9971677844165295, 0.002595576592492644, 0.0002360246309725377, 6.143600073908229e-07, 2.816361658227222, 4.015532426746152, 7.135013805161872, 0 
1.742857142857143, 4.285714285714286, 1.5, 0.759099231202816, 0.5692475644716452, 0.13375764331929377, -4.98207843464856, 0.7824525982788394, 3.234705140200214, 8.99923617312762, 0.9749471831802954, 0.020891922683887888, 0.004073601843249863, 8.729229256963814e-05, 2.7233602166467907, 3.9465678580565284, 6.975112063175571, 0 
1.742857142857143, 4.285714285714286, 2.0, 0.6786659618251362, 0.5723244709034504, 0.13425003464445764, -4.955429804696833, 0.2990366467957739, 2.9119161248784113, 8.166382576371012, 0.9146917991303044, 0.06611224314319239, 0.017902031753648448, 0.0012939259728573958, 2.4691079580265773, 3.764435972381667, 6.543614928494439, 0 
1.742857142857143, 5.0, 0.0, 0.720955532910383, 0.6624135017657585, 0.13367570139038024, -5.423633903095666, 0.4297053743282201, 3.19388202070943, 9.047221298133323, 1.0, 0.0, 0.0, 0.0, 2.71867813437165, 4.101638674138044, 7.21942706867494, 0 
1.742857142857143, 5.0, 0.5, 0.7209432135835954, 0.6624148414962066, 0.13367608053791563, -5.423633902765717, 0.4296316293675084, 3.193831930627612, 9.04709746276086, 0.9999917275085674, 8.239760032040814e-06, 3.2731106591237115e-08, 2.696986949750749e-13, 2.7186415108856763, 4.101611782562688, 7.219365027916462, 0 
1.742857142857143, 5.0, 1.0, 0.7163827356142564, 0.6628283805105815, 0.1337220310417607, -5.4235919559997585, 0.4023967346059862, 3.1753698547742784, 9.001358545380027, 0.9968750689351784, 0.0029406679943900236, 0.00018372111405849106, 5.419563763216271e-07, 2.7050589968289254, 4.091722985967559, 7.1964103006056845, 0 
1.742857142857143, 5.0, 1.5, 0.6827067531974514, 0.6649336649521596, 0.13396054067272015, -5.420750216780451, 0.20528587519801791, 3.044016886239981, 8.670052978218443, 0.9735900696273686, 0.022880833933559035, 0.0034480617904250836, 8.10346486479294e-05, 2.6052670033788194, 4.020514207930453, 7.02890859963176, 0 
1.742857142857143, 5.0, 2.0, 0.5897277693056047, 0.6683301905824884, 0.13440800755065324, -5.391471859903236, -0.30203813728195594, 2.726553492173954, 7.815987214795236, 0.9114801174641823, 0.07154688145980727, 0.01573766847849973, 0.0012353325975091398, 2.337585501860955, 3.8367951965408, 6.586432584355463, 0 
2.0, 0.0, 0.0, 0.9682468902089452, 0.0, 0.11719521116655632, -4.2499999999949765, 3.7500044390881495, 3.7500118841080403, 11.75001632319116, 1.0, 0.0, 0.0, 0.0, 3.968627123891976, 3.968627387699281, 8.000000510098602, 0 
2.0, 0.0, 0.5, 0.9682464556286553, 0.0, 0.1171951667046348, -4.249999999996525, 3.749999080879315, 3.7500105098246617, 11.75000959070051, 0.9999997749318541, 1.125353562589155e-07, 1.1253278396744171e-07, 1.2663919784828374e-14, 3.968626090430139, 3.968626495423804, 7.999998611697326, 0 
2.0, 0.0, 1.0, 0.9675493884624119, 0.0, 0.11722678984544828, -4.2499981811765934, 3.744597937161209, 3.744616615762318, 11.73921273410012, 0.9993257867438419, 0.00033705293628685936, 0.0003370466406683065, 1.1367920392911333e-07, 3.9659079689917647, 3.965908678942585, 7.994605389092289, 0 
2.0, 0.0, 1.5, 0.9577690339259768, 0.0, 0.11746230204051965, -4.2495886684427076, 3.6692859699607823, 3.6692862088192086, 11.588160847222701, 0.989884884539385, 0.0050447035916676205, 0.0050447027883543764, 2.5709080593900478e-05, 3.927739721907025, 3.927739736559956, 7.918873490048468, 0 
2.0, 0.0, 2.0, 0.924291009445507, 0.0, 0.11790153714650674, -4.242776352855321, 3.417249985996357, 3.417260975142045, 11.077287313993734, 0.9579554937582732, 0.020796571679282054, 0.020796457411317984, 0.0004514771511282159, 3.7972382246233756, 3.7972395009734057, 7.660032112444207, 0 
2.0, 0.7142857142857143, 0.0, 0.9648949046028265, 0.0837108651189688, 0.11721837445212549, -4.279895761917848, 3.5456061737032534, 3.902571241735484, 11.728073177356602, 1.0, 0.0, 0.0, 0.0, 3.87833753856342, 4.056825745071415, 8.003519928286797, 0 
2.0, 0.7142857142857143, 0.5, 0.9648953615974244, 0.08371083336045343, 0.11721835720431159, -4.279895761919958, 3.545609780193557, 3.9025746904645504, 11.728080232578078, 0.9999997623402479, 1.5953359309424317e-07, 7.812613957558056e-08, 1.2463746723205366e-14, 3.87833676983752, 4.0568250072263545, 8.00351838311524, 0 
2.0, 0.7142857142857143, 1.0, 0.9641853159168713, 0.08373342131817735, 0.11724953733610813, -4.279893887122101, 3.5400085368724614, 3.897218050575094, 11.717120474569674, 0.9993176797832454, 0.0004013868120206917, 0.00028082061007577965, 1.1279465149908055e-07, 3.875526252426276, 4.054133733564006, 7.998045902907598, 0 
2.0, 0.7142857142857143, 1.5, 0.9543179179141069, 0.0839016443146569, 0.11748215713869258, -4.279478866251223, 3.4625695245437718, 3.823211983071561, 11.56526037386657, 0.9898361631551742, 0.005675586146765889, 0.004462662397866618, 2.5588300191305424e-05, 3.836394574898559, 4.016706327139916, 7.92189413598627, 0 
2.0, 0.7142857142857143, 2.0, 0.9206376001509835, 0.08421538367607624, 0.11791697336844983, -4.272613631843542, 3.2038675616274204, 3.576721164867072, 11.053202358338051, 0.9578410330201201, 0.022792721012760545, 0.01891611926122172, 0.00045012670589575, 3.702868388591904, 3.8892864151901043, 7.662387276414892, 0 
2.0, 1.4285714285714286, 0.0, 0.9547583225867633, 0.16745482064589357, 0.11728668100425794, -4.369594875403175, 3.289817093107235, 4.002690543282288, 11.662102511792693, 1.0, 0.0, 0.0, 0.0, 3.7861184288414087, 4.1425974878842515, 8.01405886353015, 0 
2.0, 1.4285714285714286, 0.5, 0.9547584611113811, 0.16745479600615942, 0.11728673814088705, -4.369594875403075, 3.2898181982130597, 4.002691554297405, 11.662104627913548, 0.9999997241613461, 2.2239151593521094e-07, 5.344711721114188e-08, 1.1886188697622828e-14, 3.786117412222811, 4.142596543881174, 8.01405688449562, 0 
2.0, 1.4285714285714286, 1.0, 0.9540114769576266, 0.16749933905158304, 0.11731679297781002, -4.369592829086414, 3.2838610379093254, 3.99724214743012, 11.650696014425844, 0.9992935362960504, 0.00047406762372299697, 0.0002322858831640575, 1.101970668840194e-07, 3.7831244273158258, 4.139837593660936, 8.008350486856774, 0 
2.0, 1.4285714285714286, 1.5, 0.9438801242865957, 0.16783165305527512, 0.11754096241289179, -4.369161206065535, 3.2034704837589714, 3.9238070284272655, 11.496438718251765, 0.9896910615105148, 0.006353283137370801, 0.003930424147719203, 2.523120439453845e-05, 3.7424683207999663, 4.102480195854119, 7.930955537022887, 0 
2.0, 1.4285714285714286, 2.0, 0.9095829014041674, 0.16845281909778548, 0.11796284625087375, -4.362137283448787, 2.936928280166158, 3.681800156048513, 10.980865719663473, 0.9574996101361689, 0.02489812581287871, 0.017156148013735845, 0.00044611603721657274, 3.604759104679235, 3.9765679451905758, 7.669477458395987, 0 
2.0, 2.142857142857143, 0.0, 0.9375858747433424, 0.251263266553623, 0.11739710588244724, -4.519132304941888, 2.9829149892593447, 4.0496231908865665, 11.551670485087808, 1.0, 0.0, 0.0, 0.0, 3.691957546660929, 4.2254423419964935, 8.031561237515861, 0 
2.0, 2.142857142857143, 0.5, 0.9375855227661529, 0.2512633164188635, 0.11739702986864846, -4.519132304941357, 2.9829121739529585, 4.049620726052489, 11.551665204946802, 0.999999659265292, 3.0465394881618225e-07, 3.6080748271944596e-08, 1.0992146182696342e-14, 3.691956050209647, 4.225440999175863, 8.03155842369265, 0 
2.0, 2.142857142857143, 1.0, 0.9367748501127928, 0.25132883985790594, 0.1174257250044021, -4.519129961488566, 2.976430313089106, 4.043946645350794, 11.539506919928462, 0.9992538749577666, 0.0005551308656162341, 0.00019088812960786752, 1.0604701696008789e-07, 3.688702133163453, 4.222546725066166, 8.025470208697357, 0 
2.0, 2.142857142857143, 1.5, 0.9261939931490436, 0.2518173049045023, 0.11763647341024595, -4.518670480188467, 2.892258489362133, 3.970424014201304, 11.381352983751903, 0.9894527265621951, 0.007074754022531247, 0.003447866587153918, 2.465282812587711e-05, 3.646144401031243, 4.184910908269047, 7.946057380331216, 0 
2.0, 2.142857142857143, 2.0, 0.8908320395645212, 0.25273373546303873, 0.11803742205616828, -4.511382289093599, 2.6167057025689338, 3.731948079149943, 10.86003607081248, 0.9569369911734242, 0.027104331620561643, 0.015519113064551563, 0.00043956414146222944, 3.503749913498669, 4.059989600192884, 7.681376234167382, 0 
2.0, 2.857142857142857, 0.0, 0.9129276152786037, 0.3351649719065325, 0.11754557771280051, -4.7285646558392305, 2.6249821784985823, 4.04251246740766, 11.396059301745487, 1.0, 0.0, 0.0, 0.0, 3.595675392440681, 4.304712576602057, 8.055939241319082, 0 
2.0, 2.857142857142857, 0.5, 0.9129278791664525, 0.3351648386756572, 0.11754560876568718, -4.728564655833951, 2.624984275170628, 4.042514225314291, 11.39606315631887, 0.9999995659223112, 4.1000425629815033e-07, 2.4073403468466755e-08, 9.87020217008857e-15, 3.595673918384004, 4.304711284360425, 8.055936402710122, 0 
2.0, 2.857142857142857, 1.0, 0.9120239593357455, 0.33525037477215747, 0.11757196103453675, -4.72856187387317, 2.6178050398677772, 4.036496579351823, 11.382863493092758, 0.99919951639929, 0.0006444149430113072, 0.00015596806902798229, 1.0058867389812468e-07, 3.5920818197467628, 4.301624474987888, 8.049329304253925, 0 
2.0, 2.857142857142857, 1.5, 0.9007907865322132, 0.33588375792705505, 0.11776550493012107, -4.728063066843289, 2.529059814025895, 3.962332514784701, 11.219455395653895, 0.9891261639322021, 0.007836089879404479, 0.0030138696052297055, 2.387658316255384e-05, 3.547268915416222, 4.263431886276448, 7.967201298393229, 0 
2.0, 2.857142857142857, 2.0, 0.8638544571901318, 0.33707770774945445, 0.11813918387801264, -4.720406355995566, 2.2433816478556166, 3.7265745378064103, 10.690362541657606, 0.9561628573472777, 0.02940116353233021, 0.014005327662063196, 0.00043065145832853614, 3.3997460621128455, 4.13910748245885, 7.69821052542386, 0 
2.0, 3.5714285714285716, 0.0, 0.8800814260148239, 0.4191855204290523, 0.11772622784739634, -4.997967867372019, 2.2159187415044803, 3.9804277898261575, 11.194314398702664, 1.0, 0.0, 0.0, 0.0, 3.4969377862354882, 4.37963605000179, 8.087079822705407, 0 
2.0, 3.5714285714285716, 0.5, 0.880080762125865, 0.4191856146555595, 0.11772641039808272, -4.99796786737063, 2.2159135579367786, 3.980423624975684, 11.194305050283111, 0.999999441969229, 5.421281585081337e-07, 1.5902594853161862e-08, 8.621249274167626e-15, 3.4969351721851916, 4.379633856142583, 8.087075071585005, 0 
2.0, 3.5714285714285716, 1.0, 0.8790548637507086, 0.41928878419295845, 0.11775009285409672, -4.99796448665664, 2.207907062161268, 3.973992565708957, 11.179864114526879, 0.9991315261026893, 0.0007415704431239109, 0.0001268093343903373, 9.411979488116385e-08, 3.492932236318997, 4.376308066364382, 8.07983235583448, 0 
2.0, 3.5714285714285716, 1.5, 0.8669332767604562, 0.420053740518961, 0.1179233031605502, -4.997414553556135, 2.113849705473203, 3.8987367453648534, 11.010001004394189, 0.9887178195974824, 0.008632776092190307, 0.002626471838752634, 2.293247157781136e-05, 3.445507964361698, 4.337312368874219, 7.994390142988266, 0 
2.0, 3.5714285714285716, 2.0, 0.8277970507380622, 0.42150399814591394, 0.11826511600071751, -4.98928473774977, 1.816981273550605, 3.6650023841344685, 10.471268395434825, 0.955188833579204, 0.031778057846010656, 0.012613472534511283, 0.00041963604027782337, 3.292345166231626, 4.213183882299644, 7.7201370318111415, 0 
2.0, 4.285714285714286, 0.0, 0.8379983074926594, 0.503345297402813, 0.11793271945427855, -5.3274343339663615, 1.7554975625715212, 3.862431744312995, 10.945363640850879, 1.0, 0.0, 0.0, 0.0, 3.3952754165872436, 4.449346785338124, 8.124858123476585, 0 
2.0, 4.285714285714286, 0.5, 0.8379973784813992, 0.5033454249586325, 0.11793275162299369, -5.327434333964165, 1.7554905281098805, 3.862426322623708, 10.945351184697762, 0.9999992851332764, 7.044486202881625e-07, 1.0418090945168547e-08, 7.339015038778098e-15, 3.3952719547166135, 4.449343975775781, 8.124851948327763, 0 
2.0, 4.285714285714286, 1.0, 0.8368103943690373, 0.5034647931351528, 0.11795402759582453, -5.327430172520506, 1.7465075221316047, 3.85550556686204, 10.929443261514152, 0.9990511440474538, 0.0008460881555124134, 0.00010268083747971791, 8.695955247868447e-08, 3.3907854812852407, 4.445735925014314, 8.116870936268677, 0 
2.0, 4.285714285714286, 1.5, 0.8235089504556989, 0.5043456195849839, 0.11810517347142926, -5.326817324728663, 1.6465016304334454, 3.77883430141962, 10.75215325658174, 0.988235445696361, 0.00945970947095778, 0.002282991301189563, 2.185353149194018e-05, 3.3403945789479805, 4.405698552884946, 8.027636707688997, 0 
2.0, 4.285714285714286, 2.0, 0.7813505897956434, 0.5060278734647652, 0.11841137900059243, -5.318112437640737, 1.33749042183441, 3.54657953155761, 10.202182391032748, 0.954030197796458, 0.03422286182261022, 0.011340147896373828, 0.0004067924845586141, 3.1809916930730666, 4.281280533701399, 7.747368570030229, 0 
2.0, 5.0, 0.0, 0.7850893832173796, 0.5876608339351646, 0.11804175114529221, -5.717069720663519, 1.2433456216129364, 3.687577095512389, 10.647992437788844, 1.0, 0.0, 0.0, 0.0, 3.2900956604467755, 4.512910644337291, 8.169137449138972, 0 
2.0, 5.0, 0.5, 0.7850881573420605, 0.587660974116979, 0.11804176882168509, -5.717069720659511, 1.2433367722917532, 3.6875705460983417, 10.647977039049623, 0.9999990931684674, 9.000514642702374e-07, 6.780049457883371e-09, 6.102398976240165e-15, 3.290091215517604, 4.512907147428298, 8.169129660186647, 0 
2.0, 5.0, 1.0, 0.7836908412021124, 0.5877945379012792, 0.11806164267257699, -5.717064578290625, 1.2332566670195144, 3.6801140096689173, 10.630435254979052, 0.9989597187713595, 0.0009573303162613241, 8.287149436236224e-05, 7.941801097300037e-08, 3.2850526121835117, 4.508976884422373, 8.160329943401793, 0 
2.0, 5.0, 1.5, 0.7688093133181383, 0.5887754169067171, 0.11820171625042643, -5.71637680882772, 1.1267465026081607, 3.601795579355974, 10.444918890791858, 0.9876872705138487, 0.01031174887040082, 0.001980305635913858, 2.067497983806072e-05, 3.231336040798849, 4.4676405359053675, 8.066949586959822, 0 
2.0, 5.0, 2.0, 0.722443141355712, 0.5906631110039031, 0.1184893325547931, -5.70699719341491, 0.8047722987763336, 3.370620441161592, 9.882389933352824, 0.9527032885368385, 0.03672356930848568, 0.010180709388528915, 0.0003924327661484061, 3.0649935282398575, 4.34229795267109, 7.780137745498707, 0 
