J, B, T, O, m, chi, E0, E1, E2, p0, p1, p2, w1, w2, boundary 
0.2, 0.0, 0.0, -7.1782895387183436e-06, 0.0, 3.616567108647344e-12, -1.999999999954899, 0.9999958875654517, 1.0000041125585746, 1.0, 0.0, 0.0, 1.9321842283344015, 1.9321829039843774, 0 
0.2, 0.0, 0.5, -6.952147425923856e-06, 0.0, 0.01350112808280817, -1.9999999999583271, 0.9999960468678595, 1.0000039532467444, 0.9950669512572874, 0.00246654387263396, 0.0024665048700815433, 1.9326947521003215, 1.9326934834244194, 0 
0.2, 0.0, 1.0, -4.763296251048129e-06, 0.0, 0.09613928107606905, -1.9999999999792932, 0.99999721345899, 1.000002786597953, 0.9094429985130613, 0.04527862691515753, 0.04527837457178084, 1.9415348823974743, 1.941534076006101, 0 
0.2, 0.0, 1.5, 1.8850206514269726e-06, 0.0, 0.14389599167093867, -1.9999999999093405, 0.999994169348416, 1.000005830900902, 0.7869860421641324, 0.10650739293017582, 0.10650656490569266, 1.9541089033303156, 1.954107526946709, 0 
0.2, 0.0, 2.0, 1.1559300255267158e-06, 0.0, 0.154508552876462, -1.9999999999701314, 0.999996653321994, 1.0000033467601437, 0.6914384540371236, 0.15428103114864103, 0.15428051481423521, 1.9638633374004166, 1.963862697709211, 0 
0.2, 0.7142857142857143, 0.0, -7.725777283165296e-06, 2.5832622204623886e-12, 4.816140907477681e-13, -1.9999999999429454, 0.28571428578099195, 1.714285714379178, 1.0, 0.0, 0.0, 2.408374042350798, 1.4559930899688154, 0 
0.2, 0.7142857142857143, 0.5, -7.98103296806279e-06, 0.00964366291629155, 0.028862087046304042, -1.999999999945521, 0.2857142857779799, 1.7142857143749572, 0.9891811196281833, 0.010231271642950492, 0.00058760872886312, 2.409159109668452, 1.457519940044836, 0 
0.2, 0.7142857142857143, 1.0, -4.813445492061522e-06, 0.06867091505433504, 0.11238332829345658, -1.9999999999798042, 0.2857142857378999, 1.7142857143187986, 0.8880409192359396, 0.09031499790911178, 0.02164408285495048, 2.417559923155559, 1.4703177232879352, 0 
0.2, 0.7142857142857143, 1.5, 1.8839919286109441e-06, 0.10278285119352762, 0.14896051032749408, -1.9999999999132163, 0.28571428581574937, 1.7142857144278763, 0.768082698500278, 0.1673500763472325, 0.0645672251524911, 2.4287121510075624, 1.483802703748917, 0 
0.2, 0.7142857142857143, 2.0, 1.1227184326773835e-06, 0.11036325205461572, 0.15500945663957197, -1.999999999971401, 0.2857142857477222, 1.7142857143325627, 0.6779547935754616, 0.21620422923991053, 0.10584097718462797, 2.4376665883472617, 1.493148700010802, 0 
0.2, 1.4285714285714286, 0.0, -2.002363175120899e-06, 6.880201296396688e-13, 4.223348698912126e-11, -1.9999999999951967, -0.4285714285643931, 2.4285714285790285, 1.0, 0.0, 0.0, 2.8845645185397366, 0.9798026137778211, 0 
0.2, 1.4285714285714286, 0.5, -1.0610655614000346e-05, 0.04123155292329149, 0.10005217630770234, -1.9999999998889448, -0.42857142840875856, 2.4285714287471025, 0.9584955418821594, 0.0413680055135453, 0.0001364526042946004, 2.887444130265671, 0.9852793546548528, 0 
0.2, 1.4285714285714286, 1.0, -5.091560438523425e-06, 0.16054761184779512, 0.15677546941561757, -1.999999999977206, -0.4285714285380444, 2.4285714286074835, 0.8198873786830659, 0.1703301165815221, 0.009782504735409307, 2.8976512638987453, 1.0031809479673168, 0 
0.2, 1.4285714285714286, 1.5, 1.7621123111606304e-06, 0.21280072903927727, 0.16134198871643102, -1.9999999999237263, -0.42857142845970997, 2.4285714286920808, 0.7127648966175427, 0.2500179162093107, 0.0372171871731449, 2.906855050029793, 1.0159030954621175, 0 
0.2, 1.4285714285714286, 2.0, 1.0088279927530973e-06, 0.22144208091367423, 0.15569729044987482, -1.9999999999750537, -0.4285714285348871, 2.4285714286108924, 0.6389672133819978, 0.29123743376554784, 0.0697953528524546, 2.914094838929395, 1.02381088861084, 0 
0.2, 2.142857142857143, 0.0, -9.789661169713295e-06, 6.291681506206419e-11, 0.20175208807266704, -1.9999999999062301, -1.1428571426542835, 3.14285714303596, 1.0, 0.0, 0.0, 3.360754994742643, 0.5036121376056305, 0 
0.2, 2.142857142857143, 0.5, -2.4803377329797087e-06, 0.1525753433558663, 0.2714706254212802, -1.9999999999920604, -1.1428571428399654, 3.142857142872284, 0.8473668373913009, 0.15260425298047792, 2.890962822304181e-05, 3.3713161214565286, 0.5242307794779733, 0 
0.2, 2.142857142857143, 1.0, -5.145341865740112e-06, 0.29263587136236013, 0.211091497888132, -1.9999999999812845, -1.1428571428166578, 3.142857142892834, 0.699196150890818, 0.29671986023344704, 0.0040839888757332665, 0.5440464593388333, 3.381766577788739, 0 
0.2, 2.142857142857143, 1.5, 1.6530580257768232e-06, 0.3332714065027148, 0.17359522343522477, -1.9999999999476508, -1.1428571427438898, 3.142857142956978, 0.6261147335451459, 0.35357833647464715, 0.020306929980207566, 0.5528927276089012, 3.3878525156068093, 0 
0.2, 2.142857142857143, 2.0, 9.917325372043754e-07, 0.33278795269729405, 0.15454024982575715, -1.9999999999828995, -1.1428571428201464, 3.142857142889757, 0.5787488030676592, 0.3770195748138718, 0.044231622118469344, 0.557725242645655, 3.3926878307376556, 0 
0.2, 2.857142857142857, 0.0, 0.4340266129520757, 0.2882172686759266, 0.699999999944188, -2.026902891158687, -1.68714201688217, 3.940103615537439, 1.0, 0.0, 0.0, 3.9140702449855267, 0.18831076392545737, 1 
0.2, 2.857142857142857, 0.5, -4.186571650085907e-06, 0.4290467320965489, 0.42393935586072445, -2.000000000036791, -1.857142857045467, 3.857142857178129, 0.5709439316909038, 0.42905140016970034, 4.668139396855988e-06, 0.08561285085860934, 3.8664651390007823, 0 
0.2, 2.857142857142857, 1.0, -4.601049588104306e-06, 0.4621068945451266, 0.24194045945434847, -2.0000000000294675, -1.8571428570648512, 3.8571428571711097, 0.5348344921245539, 0.4636362011970597, 0.0015293066783863246, 0.09040855841892521, 3.8690220410389307, 0 
0.2, 2.857142857142857, 1.5, 1.5118824964693332e-06, 0.4607939053753127, 0.1769429050083328, -2.000000000080126, -1.8571428569307498, 3.857142857219676, 0.5183221184900957, 0.4712358934189703, 0.010441988090934476, 0.09204558699193605, 3.8707402209026798, 0 
0.2, 2.857142857142857, 2.0, 1.4802354386056482e-05, 0.4422138663790416, 0.14933756113674743, -2.0000000001795004, -1.857142856667684, 3.857142857314948, 0.5038960858540281, 0.46915889022365537, 0.02694502392231636, 0.09288489931790159, 3.872823966424184, 0 
0.2, 3.5714285714285716, 0.0, -1.0130268759888869e-06, 0.9999999999831855, 0.4982479119057752, -2.5714285714207468, -1.9999999999732683, 4.571428571448223, 1.0, 0.0, 0.0, 4.694350739074245, 0.3133983581244841, 1 
0.2, 3.5714285714285716, 0.5, -2.5160802910408525e-06, 0.7582029945854727, 0.349967229103231, -2.5714285714235836, -1.9999999999829507, 4.571428571441107, 0.7582034683734178, 0.24179605784422772, 4.737823551000089e-07, 0.3460402633001889, 4.710922806716334, 0 
0.2, 3.5714285714285716, 1.0, -3.698502097850242e-06, 0.6382650991542865, 0.22473455667104772, -2.571428571421424, -1.9999999999755849, 4.571428571446516, 0.6387700406945303, 0.36072501776960614, 0.0005049415358625214, 0.36214751740684403, 4.719085125760333, 0 
0.2, 3.5714285714285716, 1.5, 1.3218787795966273e-06, 0.5860469850860474, 0.1661359005339883, -2.571428571406852, -1.9999999999257876, 4.571428571483137, 0.5911004860841785, 0.4038460129268063, 0.005053500989015843, 0.36828839880599235, 4.722624164967356, 0 
0.2, 3.5714285714285716, 2.0, 1.3035366986755004e-05, 0.5461273257497904, 0.13886998573470813, -2.571428571375458, -1.9999999998185325, 4.571428571561996, 0.5619262531022671, 0.42227481956212937, 0.01579892733560367, 0.37151151911750496, 4.72532070442462, 0 
0.2, 4.285714285714286, 0.0, -8.524220607427735e-06, 0.9999999999698913, 1.119337955657329e-11, -3.285714285598125, -1.9999999998107314, 5.28571428588514, 1.0, 0.0, 0.0, 5.646928638279242, 0.7897857811388512, 0 
0.2, 4.285714285714286, 0.5, -5.933514656318578e-06, 0.9289999165297361, 0.1566675540029901, -3.28571428566928, -1.999999999926669, 5.285714285780475, 0.9289999498799457, 0.07100001677991176, 3.3340140781961604e-08, 5.651774889413284, 0.7993256767418605, 0 
0.2, 4.285714285714286, 1.0, 1.8229390517985744e-06, 0.7831562612180519, 0.1697197405958509, -3.2857142856361965, -1.9999999998727584, 5.285714285829144, 0.7833046518928055, 0.21654695744423266, 0.00014839066296253373, 5.661698372010823, 0.8189169646207047, 0 
0.2, 4.285714285714286, 1.5, 9.49141052679557e-07, 0.6981309061381531, 0.1424794701298663, -3.28571428569061, -1.9999999999614242, 5.2857142857491075, 0.7004413158527797, 0.2972482744351988, 0.002310409712020778, 0.8299370044079039, 5.66746328298169, 0 
0.2, 4.285714285714286, 2.0, 1.1596438284293409e-05, 0.6405995602857675, 0.1235122994002109, -3.28571428564633, -1.9999999998892748, 5.28571428581424, 0.6495396860042923, 0.3415201882830348, 0.008940125712672563, 0.8363581043219196, 5.671353628147936, 0 
0.2, 5.0, 0.0, -2.5796764808265325e-06, 0.999999999999176, 4.09985601024232e-11, -3.99999999999166, -1.9999999999886784, 6.000000000010862, 1.0, 0.0, 0.0, 6.599434987667474, 1.2661016543341859, 0 
0.2, 5.0, 0.5, 1.8764823847907427e-06, 0.9820137860183157, 0.07421941728401138, -3.999999999905409, -1.999999999871663, 6.000000000123146, 0.9820137880514271, 0.01798620992449396, 2.0240812764112143e-09, 6.6006577499551975, 1.2685109017528624, 0 
0.2, 5.0, 1.0, 1.397255223863667e-06, 0.8807218714340735, 0.13659185430243026, -3.999999999958486, -1.9999999999436728, 6.000000000054055, 0.8807618579637492, 0.11919815550976352, 3.9986526488528385e-05, 6.607534467497205, 1.2820833598947454, 0 
0.2, 5.0, 1.5, 1.4621166388353868e-05, 0.7895890852715707, 0.1280414507867846, -3.9999999998852753, -1.999999999844344, 6.000000000149354, 0.7905952234830378, 0.20839863831240557, 0.0010061382045590862, 6.613707454070696, 1.2941267778928462, 0 
0.2, 5.0, 2.0, 9.674226419870147e-06, 0.7225734677500917, 0.11476347045005388, -3.9999999999464513, -1.999999999927347, 6.000000000069715, 0.7274751568023534, 0.2676231541480008, 0.004901689049646026, 6.618237414089759, 1.3023546681260942, 0 
0.4571428571428572, 0.0, 0.0, -4.132734178512153e-06, 0.0, 1.7920189274906808e-11, -1.9999999999773599, 0.9999946523671547, 1.0000053477353208, 1.0, 0.0, 0.0, 1.8413266402509336, 1.8413225097473482, 0 
0.4571428571428572, 0.0, 0.5, -3.906990522488017e-06, 0.0, 0.01350112809219843, -1.9999999999780498, 0.9999947344526458, 1.0000052656467078, 0.995066951257287, 0.0024665503468045695, 0.0024664983959109443, 1.8425509142472816, 1.84254686273966, 0 
0.4571428571428572, 0.0, 1.0, -1.272460926944213e-06, 0.0, 0.09613928107598778, -1.9999999999970905, 0.9999980830883907, 1.0000019169247758, 0.9094429985128928, 0.04527858753873523, 0.04527841394837162, 1.863672080874661, 1.8636707599526448, 0 
0.4571428571428572, 0.0, 1.5, 4.5786302291897e-08, 0.0, 0.1438959916710103, -1.9999999999983058, 0.9999985372278666, 1.0000014627798, 0.7869860421617577, 0.10650708278302043, 0.10650687505522172, 1.89347124386661, 1.8934704293425944, 0 
0.4571428571428572, 0.0, 2.0, 4.2667865265918516e-06, 0.0, 0.1545085528764801, -1.9999999999917548, 0.9999967728757122, 1.0000032271616064, 0.6914384540370606, 0.15428102192452378, 0.15428052403841536, 1.9164008904218683, 1.9163994455891238, 0 
0.4571428571428572, 0.7142857142857143, 0.0, -7.463366415504839e-06, 1.2800135196362006e-11, 1.4486414589879337e-11, -1.999999999919098, 0.28571428584299974, 1.7142857145470083, 1.0, 0.0, 0.0, 2.317515051224414, 1.3651340988106813, 0 
0.4571428571428572, 0.7142857142857143, 0.5, -6.912357702897495e-06, 0.00964366292299888, 0.028862087041041797, -1.9999999999336193, 0.28571428581989944, 1.7142857145001118, 0.9891811196289275, 0.010231271642343944, 0.0005876087287304652, 2.3193910821368804, 1.3691216676704403, 0 
0.4571428571428572, 0.7142857142857143, 1.0, -1.5537082423616544e-06, 0.06867091505427698, 0.1123833282934967, -1.9999999999960383, 0.28571428572059, 1.7142857142985117, 0.888040919235774, 0.09031499790919209, 0.02164408285503416, 2.3394301487415956, 1.400933696452552, 0 
0.4571428571428572, 0.7142857142857143, 1.5, -2.2925182846330228e-08, 0.10278285119357879, 0.1489605103276294, -1.9999999999984863, 0.28571428571669244, 1.7142857142906034, 0.7680826984973753, 0.1673500763481383, 0.06456722515448557, 2.3658711427715033, 1.4327410529358253, 0 
0.4571428571428572, 0.7142857142857143, 2.0, 3.792639476798195e-06, 0.11036325205462866, 0.15500945663961777, -1.9999999999935885, 0.2857142857244903, 1.7142857143064305, 0.6779547935752438, 0.216204229239954, 0.10584097718480272, 2.386956346570635, 1.454235775434082, 0 
0.4571428571428572, 1.4285714285714286, 0.0, -2.5914680635966055e-06, 2.069487798554191e-11, 6.199862564782e-10, -1.999999999965144, -0.4285714284694248, 2.428571428690355, 1.0, 0.0, 0.0, 2.793705527400467, 0.8889436226322293, 0 
0.4571428571428572, 1.4285714285714286, 0.5, -1.1090582626174808e-06, 0.041231552915773996, 0.10005217631146568, -1.999999999993419, -0.4285714285521719, 2.42857142859388, 0.9584955418790565, 0.04136800551663305, 0.0001364526043074623, 2.800631745625011, 0.9014102948056937, 0 
0.4571428571428572, 1.4285714285714286, 1.0, -2.1375644622953245e-06, 0.16054761184785243, 0.15677546941578624, -1.9999999999935145, -0.42857142855245234, 2.4285714285935525, 0.8198873786833525, 0.17033011658125788, 0.009782504735389469, 2.8250225182806252, 0.9426425850279321, 0 
0.4571428571428572, 1.4285714285714286, 1.5, 1.5335477414361246e-08, 0.21280072903947056, 0.1613419887166907, -1.9999999999990208, -0.428571428568563, 2.4285714285747675, 0.712764896612814, 0.2500179162132455, 0.037217187173940534, 2.8468083421704815, 0.9725235457766483, 0 
0.4571428571428572, 1.4285714285714286, 2.0, 2.5336388613968197e-06, 0.22144208091373968, 0.15569729044996047, -1.999999999997414, -0.4285714285638627, 2.4285714285802467, 0.6389672133811974, 0.2912374337661464, 0.06979535285265631, 2.863823687169113, 0.9913133824241144, 0 
0.4571428571428572, 2.142857142857143, 0.0, 3.1971750005894286e-05, 8.984947873080763e-10, 0.28682329316413196, -1.9999999999339864, -1.142857141233251, 3.142857144137774, 1.0, 0.0, 0.0, 3.2698960044027, 0.4127531475609177, 0 
0.4571428571428572, 2.142857142857143, 0.5, 1.8750112500842431e-06, 0.15257534336794984, 0.271470625427402, -1.9999999999957412, -1.1428571427523473, 3.1428571429397905, 0.8473668374149158, 0.15260425295686558, 2.8909628219731485e-05, 3.2953007841539406, 0.46081468054846164, 0 
0.4571428571428572, 2.142857142857143, 1.0, -2.841802005495837e-06, 0.29263587136254304, 0.21109149788792536, -1.9999999999980649, -1.1428571428095258, 3.1428571428946936, 0.6991961508958336, 0.2967198602284803, 0.004083988875686437, 0.5071491737172175, 3.3201584318478754, 0 
0.4571428571428572, 2.142857142857143, 1.5, -3.373236982787326e-08, 0.3332714065031369, 0.17359522343552364, -1.9999999999998979, -1.1428571428546577, 3.1428571428591003, 0.6261147335361216, 0.35357833648334547, 0.020306929980532625, 0.5279361728710641, 3.3344858022598585, 0 
0.4571428571428572, 2.142857142857143, 2.0, 6.225133162797089e-07, 0.33278795269742933, 0.15454024982646417, -1.999999999999898, -1.1428571428546646, 3.1428571428590977, 0.5787488030655726, 0.37701957481581516, 0.04423162211861201, 0.5393276095664256, 3.3457948993299094, 0 
0.4571428571428572, 2.857142857142857, 0.0, 0.5401355157514173, 0.4097475616837406, 0.5812249919451119, -2.1533354350477185, -1.2286748292174572, 4.182211772444765, 1.0, 0.0, 0.0, 4.094096487454204, 0.555025753313505, 0 
0.4571428571428572, 2.857142857142857, 0.5, 5.969967866950319e-06, 0.42904673209777694, 0.4239393558362534, -2.0000000001872924, -1.8571428568712742, 3.8571428572020077, 0.5709439318499822, 0.42905140001062286, 4.6681393965285795e-06, 0.0727302646147998, 3.8165173494839517, 0 
0.4571428571428572, 2.857142857142857, 1.0, -2.4231079324556657e-06, 0.4621068945448887, 0.24194045945430895, -2.0000000000913483, -1.8571428570103983, 3.857142857171707, 0.534834492153452, 0.46363620116817444, 0.0015293066783734076, 0.08394531149427953, 3.822509681965162, 0 
0.4571428571428572, 2.857142857142857, 1.5, 2.311873648516187e-08, 0.4607939053759329, 0.17694290500849566, -2.0000000000018447, -1.8571428571401791, 3.8571428571434447, 0.5183221184426883, 0.47123589346625594, 0.010441988091055033, 0.08777768756975916, 3.8265079016202646, 0 
0.4571428571428572, 2.857142857142857, 2.0, -1.1675181279736284e-06, 0.44221386638011706, 0.14933756113722915, -2.0000000000121925, -1.857142857125175, 3.8571428571467137, 0.5038960857778965, 0.46915889029933694, 0.026945023922765942, 0.08974536811992397, 3.831337131026363, 0 
0.4571428571428572, 3.5714285714285716, 0.0, 0.3822180413210039, 0.8303214179629405, 0.41317670680881696, -2.5901173874299617, -1.7397119190966999, 4.730534741044253, 1.0, 0.0, 0.0, 4.736166600701158, 0.4598760464470496, 0 
0.4571428571428572, 3.5714285714285716, 0.5, 1.4716701317343716e-06, 0.7582029945625977, 0.3499672291065226, -2.5714285714592826, -1.9999999997825757, 4.571428571553106, 0.7582034684599779, 0.24179605775766877, 4.737823550141444e-07, 0.29967265657695785, 4.644042176773403, 0 
0.4571428571428572, 3.5714285714285716, 1.0, -1.0210388908153758e-06, 0.638265099154413, 0.2247345566730134, -2.5714285714300367, -1.9999999999896338, 4.571428571434511, 0.6387700406932774, 0.3607250177708596, 0.0005049415358632438, 0.3371536736598036, 4.663217437986405, 0 
0.4571428571428572, 3.5714285714285716, 1.5, -2.3232392526744192e-08, 0.5860469850867022, 0.1661359005335163, -2.571428571428593, -1.9999999999998475, 4.5714285714286635, 0.5911004860757867, 0.40384601293515865, 0.005053500989054375, 0.3514584747313538, 4.6714847268663116, 0 
0.4571428571428572, 3.5714285714285716, 2.0, -1.1903207817969387e-06, 0.5461273257506138, 0.1388699857341311, -2.5714285714324743, -1.9999999999723683, 4.5714285714444, 0.5619262530905108, 0.42227481957373697, 0.015798927335751677, 0.3589766032150945, 4.677756005894533, 0 
0.4571428571428572, 4.285714285714286, 0.0, -1.7102697345608138e-06, 0.9999999999820506, 0.1187750074197897, -3.285714285698272, -1.9999999999404043, 5.285714285762904, 1.0, 0.0, 0.0, 5.5581972565564755, 0.7010543994183561, 0 
0.4571428571428572, 4.285714285714286, 0.5, -4.457530566504815e-07, 0.9289999165356664, 0.1566675540218557, -3.2857142857136195, -1.9999999999975118, 5.285714285716319, 0.9289999498764541, 0.07100001678340834, 3.334014078315771e-08, 5.569630946148491, 0.7231015698466108, 0 
0.4571428571428572, 4.285714285714286, 1.0, 4.5562198093123145e-08, 0.7831562612206221, 0.16971974059689873, -3.285714285709702, -1.9999999999829414, 5.285714285728206, 0.7833046518865798, 0.21654695745045394, 0.000148390662965425, 5.592939960120143, 0.7684312695096074, 0 
0.4571428571428572, 4.285714285714286, 1.5, 4.4251096911708185e-06, 0.698130906138099, 0.142479470130937, -3.2857142857082255, -1.9999999999774383, 5.285714285732684, 0.7004413158530046, 0.2972482744349768, 0.0023104097120196826, 0.7939726289067249, 5.6064151815937056, 0 
0.4571428571428572, 4.285714285714286, 2.0, -1.6283654147758496e-06, 0.6405995602860186, 0.1235122993993554, -3.285714285702781, -1.9999999999571831, 5.285714285749215, 0.6495396860029964, 0.3415201882843099, 0.008940125712693054, 0.8088801459208264, 5.6154758634244475, 0 
0.4571428571428572, 5.0, 0.0, 3.678398792054542e-07, 0.9999999999912115, 1.2825251971548822e-11, -3.999999999972065, -1.9999999999403248, 6.000000000054788, 1.0, 0.0, 0.0, 6.511267085563749, 1.1779337522317428, 0 
0.4571428571428572, 5.0, 0.5, 2.62808232495137e-07, 0.9820137860223915, 0.0742194172814152, -3.9999999999857168, -1.9999999999694826, 6.000000000028022, 0.9820137880508156, 0.0179862099251127, 2.0240812764699317e-09, 6.514135909713239, 1.1834783725145352, 0 
0.4571428571428572, 5.0, 1.0, 1.8702512307562378e-07, 0.8807218714356969, 0.13659185430110474, -3.9999999999999276, -1.9999999999998397, 6.000000000000151, 0.880761857962204, 0.11919815551130963, 3.998652648895658e-05, 6.530239277473882, 1.214743349851374, 0 
0.4571428571428572, 5.0, 1.5, -1.1080119132012099e-06, 0.789589085273755, 0.1280414507899184, -3.9999999999970814, -1.9999999999937539, 6.000000000005732, 0.790595223478891, 0.20839863831653682, 0.0010061382045751495, 6.544649630013215, 1.2425349521276732, 0 
0.4571428571428572, 5.0, 2.0, -2.2641769478817797e-06, 0.722573467749693, 0.11476347044914414, -3.999999999973585, -1.999999999943571, 6.000000000051807, 0.7274751568034333, 0.26762315414693816, 0.004901689049630692, 6.555194669612292, 1.2615581456395946, 0 
0.7142857142857144, 0.0, 0.0, -1.4327563602992578e-07, 0.0, 2.8927893863843493e-12, -1.9999999999445743, 0.9999855834132624, 1.0000144171132799, 1.0, 0.0, 0.0, 1.7457522978537245, 1.7457339460973287, 0 
0.7142857142857144, 0.0, 0.5, -6.532615503404495e-07, 0.0, 0.013501128081991588, -1.999999999947349, 0.9999859490131631, 1.0000140514870124, 0.9950669512572815, 0.0024665936867943727, 0.00246645505592112, 1.7477692600749315, 1.7477514510064458, 0 
0.7142857142857144, 0.0, 1.0, 1.8269445474293044e-08, 0.0, 0.09613928107605706, -1.9999999999989786, 0.999998042281642, 1.0000019577280683, 0.9094429985129003, 0.04527858938632211, 0.04527841210077818, 1.7824113220562685, 1.7824091180813213, 0 
0.7142857142857144, 0.0, 1.5, -3.8400492921734556e-06, 0.0, 0.14389599167087477, -1.9999999999826192, 0.9999919268690374, 1.0000080732960774, 0.7869860421664544, 0.10650755215249415, 0.10650640568105127, 1.8308298669568148, 1.8308226024791012, 0 
0.7142857142857144, 0.0, 2.0, 5.273386564603558e-06, 0.0, 0.15450855287623796, -1.9999999999912614, 0.9999942754701066, 1.0000057246129122, 0.6914384540388495, 0.1542812145762258, 0.15428033138492475, 1.8677336348207405, 1.867729525837341, 0 
0.7142857142857144, 0.7142857142857143, 0.0, 1.9689409596207243e-06, 2.0662781331316783e-12, 3.659289496122956e-10, -1.9999999999960651, 0.2857142857259415, 1.7142857143187729, 1.0, 0.0, 0.0, 2.221933598094577, 1.2695526456986932, 0 
0.7142857142857144, 0.7142857142857143, 0.5, 1.814855458365993e-06, 0.009643662915708277, 0.028862087045797957, -1.9999999999966298, 0.2857142857242575, 1.7142857143139967, 0.9891811196281157, 0.01023127164300327, 0.0005876087288746577, 2.225012551185319, 1.2769930615102558, 0 
0.7142857142857144, 0.7142857142857143, 1.0, 2.964377014600631e-08, 0.06867091505432647, 0.11238332829415972, -1.9999999999983373, 0.2857142857192038, 1.7142857142996633, 0.8880409192359124, 0.09031499790912373, 0.021644082854962853, 2.2578258563248093, 1.331747955245279, 0 
0.7142857142857144, 0.7142857142857143, 1.5, -3.7029214813678334e-06, 0.10278285119348197, 0.14896051032741947, -1.999999999986258, 0.2857142857549637, 1.7142857144010817, 0.7680826985028555, 0.16735007634642676, 0.06456722515071708, 2.3008086204858897, 1.3826782922694265, 0 
0.7142857142857144, 0.7142857142857143, 2.0, 5.836070760545538e-06, 0.11036325205445568, 0.15500945663911272, -1.9999999999909222, 0.2857142857411613, 1.7142857143619354, 0.6779547935781657, 0.21620422923937185, 0.10584097718246264, 2.3348146758661326, 1.4161994962149824, 0 
0.7142857142857144, 1.4285714285714286, 0.0, 3.498254774117059e-05, 5.227556423032794e-10, 0.15758409214590705, -1.9999999998948936, -0.42857142677013865, 2.4285714308002038, 1.0, 0.0, 0.0, 2.698124075870744, 0.7933621705663634, 0 
0.7142857142857144, 1.4285714285714286, 0.5, 5.640006783766474e-06, 0.04123155292256851, 0.1528946196358892, -1.9999999999970344, -0.42857142852059216, 2.4285714286343283, 0.9584955418818646, 0.04136800551384235, 0.0001364526042958369, 2.709571846844316, 0.8129222912987714, 0 
0.7142857142857144, 1.4285714285714286, 1.0, -2.3748518378762797e-07, 0.1605476118487996, 0.15677546941756604, -1.9999999999972733, -0.42857142852467944, 2.428571428629273, 0.8198873786880736, 0.17033011657686792, 0.009782504735059592, 2.7495729962878275, 0.8781161659279845, 0 
0.7142857142857144, 1.4285714285714286, 1.5, -3.493927995376393e-06, 0.2128007290391707, 0.16134198871647953, -1.9999999999966562, -0.4285714285141143, 2.428571428642344, 0.7127648966201552, 0.25001791620713926, 0.03721718717270585, 2.7849125537214228, 0.9261114522637293, 0 
0.7142857142857144, 1.4285714285714286, 2.0, 7.587059968980133e-06, 0.2214420809130182, 0.15569729045005645, -1.9999999999951787, -0.42857142848875784, 2.4285714286737194, 0.6389672133900124, 0.291237433759553, 0.06979535285043521, 2.8122932318048814, 0.9566103891232053, 0 
0.7142857142857144, 2.142857142857143, 0.0, 0.5626655672145959, 0.22512013163907638, 0.29520943483933326, -2.0954103432826656, -0.31779104358120663, 3.770021718643263, 1.0, 0.0, 0.0, 3.7386230412108907, 1.0735775045047236, 1 
0.7142857142857144, 2.142857142857143, 0.5, 0.4965369054504307, 0.22806454810983573, 0.2710424492252545, -2.0921085233805616, -0.48546264015759594, 3.6342070712806605, 0.9613216015977843, 0.038668187733811005, 1.0210668404590355e-05, 3.642495885795521, 0.9554063923761412, 1 
0.7142857142857144, 2.142857142857143, 1.0, -1.4901575531668437e-06, 0.29263587136513514, 0.21109149788534434, -2.000000000071762, -1.1428571425439964, 3.142857143085477, 0.6991961509669661, 0.29671986015801166, 0.0040839888750217835, 0.46820629599280394, 3.2568116897375723, 0 
0.7142857142857144, 2.142857142857143, 1.5, -3.2664199922297885e-06, 0.33327140650273845, 0.17359522343571263, -2.0000000000107447, -1.1428571428102499, 3.1428571428913337, 0.6261147335446416, 0.35357833647513237, 0.02030692998022574, 0.5016257075446554, 3.2799044188866957, 0 
0.7142857142857144, 2.142857142857143, 2.0, 8.904720455307503e-07, 0.3327879526973935, 0.15454024982688216, -2.0000000000013074, -1.1428571428514274, 3.1428571428613106, 0.5787488030661256, 0.3770195748152995, 0.044231622118574156, 0.5199964155230475, 3.2980039193623933, 0 
0.7142857142857144, 2.857142857142857, 0.0, 0.6105396113384749, 0.421727764578946, 0.3035879425050017, -2.3243930340788017, -0.6377810432453355, 4.55971100872276, 1.0, 0.0, 0.0, 4.417640739347264, 1.0510974670150537, 0 
0.7142857142857144, 2.857142857142857, 0.5, 0.5467165946887298, 0.4284350518157892, 0.31126351595936463, -2.3199231579677875, -0.8218622316061165, 4.422782999885505, 0.9523973554388586, 0.04760131967662211, 1.3248845203017159e-06, 4.3245232283553285, 0.9276062244819311, 1 
0.7142857142857144, 2.857142857142857, 1.0, -1.2734740999480881e-06, 0.46210689454214865, 0.24194045945249207, -2.0000000006957515, -1.857142856277455, 3.857142857285532, 0.5348344924856597, 0.46363620083611573, 0.0015293066782249322, 0.07717781207306586, 3.7753402717260647, 0 
0.7142857142857144, 2.857142857142857, 1.5, 1.0315330017603196e-06, 0.46079390537590303, 0.1769429050087428, -2.000000000008165, -1.8571428571327002, 3.8571428571445274, 0.518322118444962, 0.47123589346398803, 0.010441988091049301, 0.08331447539220348, 3.7817037064746706, 0 
0.7142857142857144, 2.857142857142857, 2.0, 1.5728158237787408e-06, 0.4422138663799927, 0.14933756113714267, -2.000000000045414, -1.8571428570863688, 3.857142857152169, 0.503896085786673, 0.46915889029061236, 0.026945023922714185, 0.08646989146563941, 3.789357389821215, 0 
0.7142857142857144, 3.5714285714285716, 0.0, 0.5403373743715482, 0.6588171923605074, 0.40479056454066026, -2.7074103812677763, -1.1469762385767253, 5.105661341649709, 1.0, 0.0, 0.0, 5.015696651146222, 0.9351094897776243, 0 
0.7142857142857144, 3.5714285714285716, 0.5, 0.4437205031196075, 0.672726713766071, 0.3503954052954902, -2.698874528213781, -1.3906591391620917, 4.933339548735604, 0.9319113756717101, 0.06808840549283453, 2.1883546011348853e-07, 4.898390972833256, 0.7681424591802908, 1 
0.7142857142857144, 3.5714285714285716, 1.0, -2.4517269474576004e-07, 0.6382650991544095, 0.22473455667524453, -2.5714285714318454, -1.9999999999913374, 4.571428571432772, 0.638770040693301, 0.36072501777083504, 0.0005049415358632273, 0.311191291941688, 4.606388481598918, 0 
0.7142857142857144, 3.5714285714285716, 1.5, 7.027204926571208e-07, 0.5860469850866568, 0.1661359005328543, -2.57142857142963, -1.9999999999972036, 4.571428571429928, 0.5911004860763776, 0.40384601293457134, 0.005053500989051671, 0.3339797023390339, 4.619599753733573, 0 
0.7142857142857144, 3.5714285714285716, 2.0, 2.531557372472451e-06, 0.5461273257504544, 0.13886998573420592, -2.5714285714423384, -1.9999999999635683, 4.571428571446209, 0.5619262530927768, 0.42227481957149904, 0.015798927335723183, 0.34597256536017573, 4.629574969566492, 0 
0.7142857142857144, 4.285714285714286, 0.0, 1.541025232235896e-05, 0.9999999996370321, 0.23882796531347186, -3.285714285691962, -1.9999999990963395, 5.285714286395967, 1.0, 0.0, 0.0, 5.46687564636909, 0.6097327894366371, 0 
0.7142857142857144, 4.285714285714286, 0.5, 4.1254088595323056e-06, 0.9289999165236323, 0.21650095057663907, -3.2857142857128743, -1.999999999942998, 5.285714285757294, 0.928999949883536, 0.07100001677631444, 3.334014078072931e-08, 5.485347161209461, 0.6446115002567975, 0 
0.7142857142857144, 4.285714285714286, 1.0, -1.1947622610685849e-06, 0.7831562612210694, 0.16971974059672404, -3.285714285714133, -1.999999999993737, 5.285714285719013, 0.7833046518855009, 0.21654695745153396, 0.00014839066296592725, 5.5228198648388025, 0.7163668840990355, 0 
0.7142857142857144, 4.285714285714286, 1.5, 4.9800521358497245e-06, 0.6981309061371235, 0.14247947013074178, -3.2857142857131567, -1.9999999999541223, 5.285714285748892, 0.7004413158569494, 0.29724827443105334, 0.0023104097120001366, 0.7568507021657616, 5.544368809174491, 0 
0.7142857142857144, 4.285714285714286, 2.0, 3.392260866610947e-06, 0.6405995602860012, 0.1235122993996804, -3.285714285713471, -1.9999999999670812, 5.285714285739112, 0.6495396860030859, 0.3415201882842217, 0.008940125712691663, 0.7805169965843263, 5.558802711456342, 0 
0.7142857142857144, 5.0, 0.0, -5.5994685486685514e-06, 0.9999999999511815, 4.398091224544487e-10, -3.999999999939732, -1.9999999997634397, 6.000000000209434, 1.0, 0.0, 0.0, 6.421029208512744, 1.087695875192157, 0 
0.7142857142857144, 5.0, 0.5, -2.7023918076715398e-06, 0.9820137860184125, 0.07421941729269221, -3.9999999999886087, -1.9999999999552809, 6.000000000039584, 0.9820137880514124, 0.01798620992450873, 2.024081276412649e-09, 6.425635763248124, 1.0964282812536836, 0 
0.7142857142857144, 5.0, 1.0, 9.405874640810172e-07, 0.8807218714354439, 0.13659185430012427, -3.9999999999991847, -1.9999999999967781, 6.000000000002851, 0.8807618579624495, 0.11919815551106651, 3.9986526488889465e-05, 6.451439725128956, 1.1457011130710746, 0 
0.7142857142857144, 5.0, 1.5, 1.8062396283267276e-06, 0.7895890852734307, 0.12804145079083018, -3.999999999996964, -1.9999999999880622, 6.0000000000105675, 0.7905952234795052, 0.20839863831592423, 0.001006138204572766, 6.474452910255681, 1.1895614211971701, 0 
0.7142857142857144, 5.0, 2.0, 3.822235507234552e-06, 0.7225734677499979, 0.11476347044959535, -3.999999999992596, -1.999999999970933, 6.000000000025731, 0.727475156802607, 0.2676231541477517, 0.004901689049642438, 6.491242669300428, 1.219635536173541, 0 
0.9714285714285715, 0.0, 0.0, 0.5865454221731272, 0.0, 0.0945131913668173, -2.045818783182745, 1.3957425330059354, 2.655311849804035, 1.0, 0.0, 0.0, 3.0277857946992524, 2.033493790752255, 1 
0.9714285714285715, 0.0, 0.5, 0.584146415891999, 0.0, 0.09520035961510924, -2.0458148119541635, 1.3888627690610504, 2.6458198891405744, 0.9988779936510779, 0.0010379810005582957, 8.40253483594954e-05, 3.0209915743277644, 2.0283593321164837, 1 
0.9714285714285715, 0.0, 1.0, 9.201989952463071e-06, 0.0, 0.0961392810765013, -1.9999999999960216, 0.9999857560849001, 1.0000142443288502, 0.9094429985210964, 0.04527914569193888, 0.04527785578696421, 1.697274313356718, 1.6972514104432905, 0 
0.9714285714285715, 0.0, 1.5, 6.524626566174643e-07, 0.0, 0.1438959916709427, -1.9999999999993292, 0.9999941523142173, 1.0000058477555158, 0.7869860421641461, 0.10650739413330011, 0.10650656370255357, 1.7659645228934477, 1.7659571038306139, 0 
0.9714285714285715, 0.0, 2.0, 1.1064100920019514e-06, 0.0, 0.1545085528765191, -1.9999999999999418, 0.9999982729342521, 1.0000017270718302, 0.6914384540364663, 0.15428090620852075, 0.154280639755013, 1.8177612761896973, 1.8177595439140155, 0 
0.9714285714285715, 0.7142857142857143, 0.0, 0.6078530556519002, 0.0675094224048695, 0.10856082260913515, -2.0691601201092027, 1.2043570002830473, 3.0183762935892697, 1.0, 0.0, 0.0, 3.260134331812703, 1.9716642807637133, 1 
0.9714285714285715, 0.7142857142857143, 0.5, 0.6048030459904896, 0.06800025686793518, 0.10912922575096919, -2.069152567016263, 1.1943338832890242, 3.0068319566245987, 0.9984998255928553, 0.001461233698052755, 3.894070910163932e-05, 3.2517974716046036, 1.9644562615126004, 1 
0.9714285714285715, 0.7142857142857143, 1.0, 2.278786077120755e-06, 0.06867091505464379, 0.11238332830057457, -2.0000000000004214, 0.2857142857229978, 1.7142857143197467, 0.8880409192368113, 0.09031499790868426, 0.02164408285450496, 2.1722369867770137, 1.2645231761894775, 0 
0.9714285714285715, 0.7142857142857143, 1.5, 6.725207918377245e-07, 0.1027828511935305, 0.14896051032753352, -2.000000000000643, 0.28571428572754437, 1.7142857143375112, 0.7680826985001141, 0.16735007634728366, 0.06456722515260381, 2.2332703623899883, 1.334460815833931, 0 
0.9714285714285715, 0.7142857142857143, 2.0, 1.196711514951063e-06, 0.1103632520546565, 0.155009456639628, -2.0000000000000693, 0.28571428571574625, 1.7142857142914183, 0.6779547935747714, 0.21620422924004798, 0.10584097718518046, 2.281112742459808, 1.37943488988224, 0 
0.9714285714285715, 1.4285714285714286, 0.0, 0.647193285766538, 0.15508688944162163, 0.14016143266212802, -2.1471929147627606, 0.8720647088562459, 3.7164814911015958, 1.0, 0.0, 0.0, 3.7548808268155813, 1.872564448121554, 1 
0.9714285714285715, 1.4285714285714286, 0.5, 0.6428383320689096, 0.15589889392995598, 0.14059806753658896, -2.14717231251807, 0.8554089986092464, 3.7003646081581483, 0.9975317840954933, 0.002459901699902455, 8.314204600168097e-06, 3.7434433090657193, 1.8590477952714788, 1 
0.9714285714285715, 1.4285714285714286, 1.0, 6.812682763539203e-07, 0.16054761185796368, 0.1571973629268165, -2.000000000053453, -0.4285714282758438, 2.428571428954977, 0.8198873787337307, 0.17033011653439983, 0.009782504731868574, 2.67094490221668, 0.809364490405476, 0 
0.9714285714285715, 1.4285714285714286, 1.5, 5.448934688870376e-07, 0.2128007290393336, 0.16134198871665645, -2.0000000000039333, -0.4285714285496952, 2.4285714285996285, 0.7127648966161666, 0.2500179162104578, 0.03721718717337687, 2.7209847561237828, 0.8765381289472108, 0 
0.9714285714285715, 1.4285714285714286, 2.0, 1.1356473642078247e-06, 0.2214420809137543, 0.15569729044929628, -2.0000000000005334, -0.42857142856847197, 2.428571428575264, 0.6389672133810169, 0.2912374337662811, 0.06979535285270162, 2.7594033271519183, 0.9196105400530268, 0 
0.9714285714285715, 2.142857142857143, 0.0, 0.6730625784231111, 0.2677400404936238, 0.17505914665952751, -2.2967145022304503, 0.5013351538961709, 4.435799518438123, 1.0, 0.0, 0.0, 4.317771735485255, 1.7739381474540805, 0 
0.9714285714285715, 2.142857142857143, 0.5, 0.6670862865176537, 0.2688546390630623, 0.17558239336409845, -2.2966659299021304, 0.47640062866227667, 4.414003837580195, 0.9961111801188394, 0.003887342494698329, 1.4773864609987385e-06, 4.3026510876818485, 1.756896965309532, 0 
0.9714285714285715, 2.142857142857143, 1.0, 0.49512581652391463, 0.29323857637866735, 0.19567301289589628, -2.2565446050733104, -0.1753646465902077, 3.860779938157701, 0.8873214986519806, 0.11072253800703143, 0.001955963340986585, 3.8907562710940105, 1.2851801227897564, 1 
0.9714285714285715, 2.142857142857143, 1.5, 4.0384990465663776e-07, 0.3332714065030397, 0.17359522342758799, -2.0000000000046634, -1.1428571428459517, 3.142857142864842, 0.6261147335381991, 0.35357833648134324, 0.020306929980457765, 0.473855777200728, 3.224018944628134, 0 
0.9714285714285715, 2.142857142857143, 2.0, 3.8033639689134162e-06, 0.33278795269650835, 0.15454024982545098, -2.0000000000357505, -1.1428571427713414, 3.1428571429161627, 0.578748803079764, 0.3770195748025942, 0.044231622117641645, 0.4996644025286923, 3.24925968258859, 0 
0.9714285714285715, 2.857142857142857, 0.0, 0.6683897203735009, 0.4051713846695181, 0.21072940086938455, -2.5355631794797295, 0.06582212040604933, 5.073621194240173, 1.0, 0.0, 0.0, 4.8817267498196175, 1.6581966102085532, 0 
0.9714285714285715, 2.857142857142857, 0.5, 0.6600597830052242, 0.40673088445009664, 0.21166524496806063, -2.5354587441678738, 0.030336833638303848, 5.044505955185611, 0.994127278120104, 0.005872462719694536, 2.5916020020982746e-07, 4.861874346321836, 1.6344739473370644, 0 
0.9714285714285715, 2.857142857142857, 1.0, 0.4396859374588817, 0.4400804874235298, 0.24151856592758505, -2.4594346263082953, -0.8101710548224687, 4.396404726025885, 0.8380510868073929, 0.16106620472215755, 0.0008827084704501577, 4.372791831480194, 1.0284863938669528, 1 
0.9714285714285715, 2.857142857142857, 1.5, -6.927493849408399e-06, 0.4607939053644593, 0.1769429050085655, -2.0000000024671793, -1.8571428542850028, 3.8571428575355036, 0.5183221193193625, 0.4712358925918127, 0.010441988088825046, 0.07864224312340576, 3.7363040874846747, 0 
0.9714285714285715, 2.857142857142857, 2.0, 2.7831960331792205e-06, 0.44221386637868426, 0.14933756113805421, -2.0000000003995146, -1.8571428566800796, 3.857142857206442, 0.5038960858793264, 0.4691588901985067, 0.026945023922166855, 0.08304945574890778, 3.746866237768066, 0 
0.9714285714285715, 3.5714285714285716, 0.0, 0.6176124330194324, 0.5687820417356018, 0.25384183017216383, -2.881716726307789, -0.47259504132985775, 5.5775870212322936, 1.0, 0.0, 0.0, 5.418066743290655, 1.5019369560636422, 0 
0.9714285714285715, 3.5714285714285716, 0.5, 0.6048977335605987, 0.571233560446006, 0.2566002109893688, -2.881490556491425, -0.5233934345972637, 5.537565098510502, 0.9911301573174243, 0.008869794439845329, 4.824272856142385e-08, 5.390963195383196, 1.4679008218395917, 0 
0.9714285714285715, 3.5714285714285716, 1.0, 9.605395573827668e-06, 0.6382650991323603, 0.24015304165756032, -2.571428571764318, -1.9999999993629138, 4.571428571701485, 0.638770040914906, 0.36072501754936004, 0.0005049415357348401, 0.2842013727792194, 4.548544531926435, 0 
0.9714285714285715, 3.5714285714285716, 1.5, 3.730596978991624e-08, 0.5860469850867047, 0.16613590054187685, -2.5714285714285814, -1.999999999999986, 4.571428571428578, 0.591100486075763, 0.40384601293518296, 0.0050535009890545, 0.3158140302124288, 4.566934114019667, 0 
0.9714285714285715, 3.5714285714285716, 2.0, -1.1088509354722659e-07, 0.5461273257508715, 0.1388699857355436, -2.5714285714290077, -1.99999999999917, 4.5714285714289264, 0.5619262530868357, 0.42227481957736596, 0.01579892733579797, 0.3324729251332304, 4.580751928276518, 0 
0.9714285714285715, 4.285714285714286, 0.0, 0.4838527193548635, 0.7678025706297521, 0.3018525707677558, -3.356303521749479, -1.169736340219547, 5.890582655757214, 1.0, 0.0, 0.0, 5.896129513599323, 1.2667793393211835, 1 
0.9714285714285715, 4.285714285714286, 0.5, 0.45741583360297705, 0.7733026144349092, 0.2875461578111535, -3.355696030199722, -1.2519939582893596, 5.827198084197047, 0.9853333446914285, 0.014666644899241398, 1.0409328071499364e-08, 5.852553947212299, 1.2091032051441764, 1 
0.9714285714285715, 4.285714285714286, 1.0, 1.2296539463600092e-06, 0.7831562612200446, 0.16971974061157316, -3.2857142857171047, -1.9999999999820532, 5.285714285726998, 0.7833046518879901, 0.2165469574490485, 0.00014839066296477296, 5.451252196984674, 0.6626369850425949, 0 
0.9714285714285715, 4.285714285714286, 1.5, 8.784417251240086e-07, 0.6981309061385691, 0.14247947012555745, -3.285714285714673, -1.9999999999975193, 5.285714285716038, 0.7004413158510998, 0.29724827443687024, 0.00231040971202911, 0.7185144169951665, 5.481272178551074, 0 
0.9714285714285715, 4.285714285714286, 2.0, -2.9512097787484624e-07, 0.6405995602866037, 0.12351229939983445, -3.2857142857149224, -1.9999999999959412, 5.285714285717166, 0.6495396859999868, 0.34152018828727254, 0.00894012571274062, 0.7512271019943152, 5.501298168037201, 0 
0.9714285714285715, 5.0, 0.0, 5.783192616098124e-06, 0.9999999999752529, 0.3250764010837011, -3.9999999999920943, -1.9999999999027274, 6.000000000083531, 1.0, 0.0, 0.0, 6.32856833244986, 0.9952349991263789, 0 
0.9714285714285715, 5.0, 0.5, 3.5448822270897954e-06, 0.982013785890511, 0.29219564003784254, -3.999999999948329, -1.999999999364409, 6.000000000545759, 0.98201378807086, 0.017986209905058802, 2.0240812745667157e-09, 6.335014909324857, 1.0072197062254296, 0 
0.9714285714285715, 5.0, 1.0, -5.471852309426245e-07, 0.8807218714346077, 0.13659185430038837, -3.9999999999991216, -1.9999999999891378, 6.000000000009333, 0.8807618579632442, 0.11919815551027084, 3.998652648866888e-05, 6.371043693155447, 1.07486844299177, 0 
0.9714285714285715, 5.0, 1.5, 4.643093397460667e-06, 0.7895890852660725, 0.1280414507785048, -3.999999999988009, -1.9999999998524514, 6.000000000126693, 0.7905952234934728, 0.2083986383020095, 0.001006138204518656, 6.403058207716845, 1.1351474516715192, 0 
0.9714285714285715, 5.0, 2.0, -2.8521140280883674e-07, 0.722573467750635, 0.11476347044964386, -3.999999999999624, -1.999999999995285, 6.0000000000040385, 0.7274751568008949, 0.26762315414944, 0.004901689049666843, 6.426340177208908, 1.1765427136735693, 0 
1.2285714285714286, 0.0, 0.0, 0.7306842293083412, 0.0, 0.1135071430960905, -2.280140974539829, 2.349017211610618, 3.866725317121064, 1.0, 0.0, 0.0, 4.033403526684653, 2.9090297152692757, 0 
1.2285714285714286, 0.0, 0.5, 0.7305287147280324, 0.0, 0.11357152363774772, -2.280140934958463, 2.3482313665069343, 3.865836017215012, 0.9998999558955816, 9.545604749815167e-05, 4.5880569155989e-06, 4.032792836639173, 2.9084786195521892, 0 
1.2285714285714286, 0.0, 1.0, 0.7098951889379367, 0.0, 0.11837023327620427, -2.2794423580133305, 2.245382492925084, 3.7489004123216585, 0.986927069263595, 0.010694946010781504, 0.00237798472562284, 3.9520196395691545, 2.8353685511822233, 1 
1.2285714285714286, 0.0, 1.5, 0.5663516909973961, 0.0, 0.13481081731889966, -2.2406357779333543, 1.6117492442905337, 2.993309611188421, 0.9031861965574833, 0.0692464616473312, 0.027567341795184882, 3.40217247093626, 2.3520425242701246, 1 
1.2285714285714286, 0.0, 2.0, 1.0205242218486968e-06, 0.0, 0.15450855287640528, -2.0000000000025153, 0.9999954962375319, 1.000004503798005, 0.6914384540378501, 0.15428112040442285, 0.1542804255577266, 1.7663790492660687, 1.7663731699494258, 0 
1.2285714285714286, 0.7142857142857143, 0.0, 0.7324476278330546, 0.08107653078292179, 0.11796096540630518, -2.308893070316035, 2.166810703205549, 4.096695912467411, 1.0, 0.0, 0.0, 4.180745712101572, 2.8351192410292203, 0 
1.2285714285714286, 0.7142857142857143, 0.5, 0.732240670909826, 0.08112251688410552, 0.11803001568846753, -2.308892997380546, 2.1657262787268876, 4.095543529187605, 0.9998674452029082, 0.00012981877535670315, 2.7360217279876297e-06, 4.179949373674485, 2.8343690715322714, 0 
1.2285714285714286, 0.7142857142857143, 1.0, 0.7095762193871427, 0.08455016662586019, 0.12247903620941292, -2.308024154485093, 2.048677734524494, 3.9708484234389463, 0.9855167321160987, 0.01263491755563516, 0.0018483503282669107, 4.093085821577516, 2.752346923996773, 1 
1.2285714285714286, 0.7142857142857143, 1.5, 0.5591536647363419, 0.09629344094207119, 0.14896051032761642, -2.2635619586184674, 1.3548309517123742, 3.2134332950742315, 0.8964035823480112, 0.08032884710284899, 0.023267570549139107, 3.5330614670713456, 2.2324495557221624, 1 
1.2285714285714286, 0.7142857142857143, 2.0, 9.30322608553166e-07, 0.1103632520545752, 0.155009456639596, -2.0000000000030007, 0.2857142857194056, 1.7142857143133483, 0.6779547935761469, 0.21620422923977414, 0.10584097718407952, 2.2257011204381665, 1.3443944761481887, 0 
1.2285714285714286, 1.4285714285714286, 0.0, 0.7348282851007198, 0.16851566486615027, 0.1299618600742672, -2.3974975526523434, 1.7841807608215223, 4.593686964961246, 1.0, 0.0, 0.0, 4.533031944521468, 2.6818676330186775, 0 
1.2285714285714286, 1.4285714285714286, 0.5, 0.7344676490707512, 0.1686143081263822, 0.13004558764709384, -2.397497320285805, 1.7822037824389556, 4.591763554938948, 0.999765021360232, 0.00023412925771865037, 8.493820458835702e-07, 4.53169779457696, 2.6805242932028257, 0 
1.2285714285714286, 1.4285714285714286, 1.0, 0.7062359264826714, 0.17497005172773275, 0.13384063087856993, -2.3960490636383747, 1.6294439568284098, 4.443247040859732, 0.9814260447518748, 0.01752298839059707, 0.0010509668575278777, 4.427703633620127, 2.575636994473181, 1 
1.2285714285714286, 1.4285714285714286, 1.5, 6.204733365432709e-07, 0.21280072903945205, 0.16588457589035568, -2.000000000001419, -0.4285714285677417, 2.4285714285764026, 0.712764896613267, 0.2500179162128678, 0.037217187173864116, 2.654809655749455, 0.8236501063127297, 0 
1.2285714285714286, 1.4285714285714286, 2.0, 6.572897025065221e-07, 0.2214420809137086, 0.15569729044988073, -2.0000000000022613, -0.42857142856555813, 2.4285714285793505, 0.6389672133815782, 0.29123743376586103, 0.06979535285256004, 2.705039779406555, 0.8802171528381489, 0 
1.2285714285714286, 2.142857142857143, 0.0, 0.7310069673649917, 0.26673633088901777, 0.14687172304917595, -2.55221243032031, 1.336217077879824, 5.155087287754821, 1.0, 0.0, 0.0, 4.9769589685209334, 2.514146471159503, 0 
1.2285714285714286, 2.142857142857143, 0.5, 0.7303817006175413, 0.2669019278085253, 0.1469851370779934, -2.5522116866351094, 1.3326836580172994, 5.151871381290549, 0.9995776734005142, 0.0004221233005911704, 2.032988949976313e-07, 4.974744583187928, 2.5113583407156654, 0 
1.2285714285714286, 2.142857142857143, 1.0, 0.6937356743329246, 0.2757510678809601, 0.15058750822935996, -2.5495864367663597, 1.1295039777613396, 4.967741531628731, 0.9748588667069461, 0.02461121648991597, 0.0005299168031374218, 4.845866168938485, 2.3684371526709973, 0 
1.2285714285714286, 2.142857142857143, 1.5, 1.067371722631783e-06, 0.3332714064997222, 0.17359522342664596, -2.000000000169733, -1.1428571425510619, 3.1428571430583876, 0.6261147336091232, 0.3535783364129741, 0.02030692997790314, 0.44450863368061994, 3.166728290997435, 0 
1.2285714285714286, 2.142857142857143, 2.0, 1.5914694427519838e-07, 0.33278795269726197, 0.15454024982652148, -2.0000000000085687, -1.1428571428416892, 3.142857142867302, 0.5787488030681501, 0.3770195748134138, 0.044231622118435794, 0.4782576381021142, 3.1995010118497405, 0 
1.2285714285714286, 2.857142857142857, 0.0, 0.7129553372868074, 0.3783324120792588, 0.16715365957534423, -2.7817374129067702, 0.8387792119284068, 5.689894136586368, 1.0, 0.0, 0.0, 5.453215876228504, 2.3397838864387626, 0 
1.2285714285714286, 2.857142857142857, 0.5, 0.7119114512645776, 0.3785930753806585, 0.16733144543685782, -2.7817352853277346, 0.8329074499183529, 5.684802991852313, 0.9992754423599705, 0.0007245134073244503, 4.4232705651636295e-08, 5.4497242311358605, 2.3358331156130565, 0 
1.2285714285714286, 2.857142857142857, 1.0, 0.6634043622266257, 0.3900950634839613, 0.1720159550785835, -2.7769741348571606, 0.5658945789884784, 5.455300441656731, 0.9656225102592613, 0.034120701010837175, 0.00025678872990211367, 5.289098310641133, 2.153369968532085, 0 
1.2285714285714286, 2.857142857142857, 1.5, 9.291883818256512e-06, 0.460793905363232, 0.1769429049861037, -2.0000000027913587, -1.8571428540400488, 3.857142857516984, 0.5183221194131398, 0.4712358924982736, 0.01044198808858646, 0.07374596284560851, 3.6902837972717593, 0 
1.2285714285714286, 2.857142857142857, 2.0, 9.014661215212404e-08, 0.44221386638016785, 0.1493375611357048, -2.000000000000196, -1.857142857142638, 3.857142857142888, 0.5038960857743068, 0.4691588903029054, 0.026945023922787158, 0.07947423132442936, 3.703843959775372, 0 
1.2285714285714286, 3.5714285714285716, 0.0, 0.6713529777284917, 0.5055272731395095, 0.1918592814664755, -3.096388981486807, 0.27282026934414716, 6.145981454960301, 1.0, 0.0, 0.0, 5.928598572806482, 2.1456695854387977, 0 
1.2285714285714286, 3.5714285714285716, 0.5, 0.6696011088737642, 0.5059468498611793, 0.192213675601835, -3.096383296297768, 0.2633926410658897, 6.138085166722456, 0.9987943667617832, 0.0012056237208064122, 9.517408071223648e-09, 5.923195511316118, 2.139337211694736, 0 
1.2285714285714286, 3.5714285714285716, 1.0, 0.6020278903039166, 0.5214881465646508, 0.20190387684381, -3.08760952663885, -0.088391170587946, 5.847685423950569, 0.9524193590188923, 0.04745524635549276, 0.00012539462561705222, 5.718769238076549, 1.8977219582152596, 1 
1.2285714285714286, 3.5714285714285716, 1.5, -8.462790963147289e-06, 0.5860469850512989, 0.16613590054221736, -2.5714285725201997, -1.9999999982658054, 4.571428572104932, 0.5911004865289873, 0.40384601248403873, 0.005053500986972952, 0.2969202399806153, 4.513449773539468, 0 
1.2285714285714286, 3.5714285714285716, 2.0, 4.811611337305599e-06, 0.5461273257482688, 0.1388699857345681, -2.5714285715472447, -1.999999999811474, 4.571428571502105, 0.5619262531239827, 0.42227481954068724, 0.015798927335330303, 0.3184491393941719, 4.531259346118797, 0 
1.2285714285714286, 4.285714285714286, 0.0, 0.591017156261606, 0.6524170998885095, 0.22931730066361153, -3.5085566957899132, -0.39493201488644286, 6.478337693090478, 1.0, 0.0, 0.0, 6.375975803087488, 1.9084727706489597, 0 
1.2285714285714286, 4.285714285714286, 0.5, 0.5877796431098065, 0.6531840405261371, 0.2306148922015402, -3.508540958325233, -0.41040448001096586, 6.465663145674576, 0.9979671302819849, 0.0020328675521387543, 2.1658712168600527e-09, 6.367258892121894, 1.8978935171813138, 0 
1.2285714285714286, 4.285714285714286, 1.0, 0.4762979686439466, 0.6785291732608327, 0.2514636074076704, -3.4900023937700118, -0.9063961391085811, 6.068662698200196, 0.9297380043222805, 0.07019636829569903, 6.562738201912853e-05, 6.081567339371187, 1.5456896815066852, 1 
1.2285714285714286, 4.285714285714286, 1.5, 8.630971329051212e-07, 0.6981309061378282, 0.14247947015585202, -3.2857142857198647, -1.999999999981247, 5.285714285726917, 0.7004413158540973, 0.29724827443388896, 0.002310409712014244, 0.6789022914801968, 5.417068585627677, 0 
1.2285714285714286, 4.285714285714286, 2.0, -4.807233723431508e-08, 0.6405995602866937, 0.12351229940080208, -3.285714285714435, -1.999999999999506, 5.285714285714619, 0.649539685999529, 0.3415201882877239, 0.008940125712747887, 0.7209659800419145, 5.44292339761065, 0 
1.2285714285714286, 5.0, 0.0, 0.42560086243072603, 0.8331234169446688, 0.2529888438786231, -4.036063159865946, -1.2386637411745396, 6.609949043096127, 1.0, 0.0, 0.0, 6.745230231575055, 1.5715526103013908, 1 
1.2285714285714286, 5.0, 0.5, 0.4164345878623993, 0.8353966958633796, 0.2550977174721395, -4.036001119768322, -1.2700376500408996, 6.584375208491271, 0.9960572519730908, 0.003942747433242575, 5.936666213336546e-10, 6.727104322860797, 1.548822099039449, 1 
1.2285714285714286, 5.0, 1.0, 2.5590073107171354e-06, 0.8807218714327514, 0.2830697774406861, -4.0000000000015765, -1.9999999999747797, 6.00000000002109, 0.8807618579650071, 0.11919815550850535, 3.9986526488180634e-05, 6.2889492389150705, 1.0021472869467634, 0 
1.2285714285714286, 5.0, 1.5, 1.7987059777280039e-10, 0.7895890852739447, 0.12804145079056298, -3.9999999999999987, -1.9999999999999978, 6.000000000000004, 0.7905952234785213, 0.20839863831690153, 0.0010061382045765642, 6.330401119190556, 1.0792291605062445, 0 
1.2285714285714286, 5.0, 2.0, -7.875746174043765e-07, 0.7225734677494147, 0.1147634704478093, -4.000000000002219, -1.9999999999646, 6.000000000029621, 0.7274751568041855, 0.2676231541461973, 0.004901689049619957, 6.360442723912816, 1.1322324689335184, 0 
1.4857142857142858, 0.0, 0.0, 0.7830697078012218, 0.0, 0.11261945573932657, -2.5774904488689296, 3.206536664510352, 4.837169022769503, 1.0, 0.0, 0.0, 4.895436678519967, 3.7204043279879255, 0 
1.4857142857142858, 0.0, 0.5, 0.7830560572356948, 0.0, 0.11262559871333784, -2.577490448422089, 3.2064426197513987, 4.837068092823502, 0.9999901717757738, 9.465320004598663e-06, 3.629042140060862e-07, 4.895367764822353, 3.7203393174807013, 0 
1.4857142857142858, 0.0, 1.0, 0.7775604012119178, 0.0, 0.11407552225064269, -2.5774191142685314, 3.169554158927163, 4.797452229015276, 0.9961952949328099, 0.0031802825480010937, 0.0006244225191862916, 4.868468662020644, 3.6948771813173136, 0 
1.4857142857142858, 0.0, 1.5, 0.7327033231147181, 0.0, 0.1211674693845103, -2.571612194878076, 2.8765684836354017, 4.480710988504208, 0.9656786051952998, 0.025551872960912363, 0.008769521843786892, 4.649687615349779, 3.488106959610578, 0 
1.4857142857142858, 0.0, 2.0, 0.5708433546620207, 0.0, 0.15450855287624773, -2.480200770411864, 1.9477854058538542, 3.437249213090394, 0.861216282383478, 0.0940994859528648, 0.04468423166365726, 3.8747279891836195, 2.772129796683009, 1 
1.4857142857142858, 0.7142857142857143, 0.0, 0.7817836546187669, 0.08044246838523327, 0.11469903905049794, -2.6061287536426243, 3.0347016190987604, 5.019694171459423, 1.0, 0.0, 0.0, 5.013877380504618, 3.644656393701672, 0 
1.4857142857142858, 0.7142857142857143, 0.5, 0.781762484491764, 0.08044685622381274, 0.11470632993496009, -2.6061287528437176, 3.034565245093059, 5.019552911478499, 0.9999871568869826, 1.2605203676454173e-05, 2.3790933723427488e-07, 5.013786278867746, 3.6445683001364526, 0 
1.4857142857142858, 0.7142857142857143, 1.0, 0.7757021230939014, 0.0814825158933162, 0.11613081240127415, -2.606041235793695, 2.9932066868331506, 4.976696626247638, 0.9958078370833067, 0.0036851321319015034, 0.0005070307847905429, 4.9845195494921555, 3.6162290889164446, 0 
1.4857142857142858, 0.7142857142857143, 1.5, 0.7287967939332496, 0.08654819241750736, 0.12305457427091826, -2.5995728039386607, 2.681637184820859, 4.652711786929033, 0.9638336852729654, 0.028505928834004098, 0.007660385893032248, 4.759146000517812, 3.3979998713782127, 0 
1.4857142857142858, 0.7142857142857143, 2.0, -4.87393604305755e-07, 0.11036325205446268, 0.15500945663914756, -2.0000000000100098, 0.2857142857215097, 1.7142857143407209, 0.6779547935780479, 0.21620422923939525, 0.1058409771825568, 2.168404863153387, 1.3115550077936318, 0 
1.4857142857142858, 1.4285714285714286, 0.0, 0.7770144838204773, 0.16385577007213992, 0.12064905921540164, -2.6931192722197346, 2.6467728485569864, 5.428360895577746, 1.0, 0.0, 0.0, 5.304463428023759, 3.4741208813001965, 0 
1.4857142857142858, 1.4285714285714286, 0.5, 0.7769811063901974, 0.16386618562137156, 0.1206599292805685, -2.6931192695144714, 2.646538628745558, 5.428131671170753, 0.9999768961134993, 2.3015586430168473e-05, 8.830006567868123e-08, 5.304306141882457, 3.4739625947174124, 0 
1.4857142857142858, 1.4285714285714286, 1.0, 0.7692660914705096, 0.1659011605732488, 0.12204730971497217, -2.6929745143708734, 2.5927168970195087, 5.375467373989798, 0.9946519543696654, 0.005036450005792794, 0.00031159562453969103, 5.268116074316788, 3.4374819011414544, 0 
1.4857142857142858, 1.4285714285714286, 1.5, 0.7162095365298847, 0.17579224895845466, 0.12865485263136822, -2.6843242115101664, 2.2329773987504815, 5.023984135475658, 0.9582579871695928, 0.03612250093903446, 0.005619511891371868, 5.021201602487582, 3.18797379909968, 1 
1.4857142857142858, 1.4285714285714286, 2.0, 1.7282723455417292e-06, 0.22144208091306794, 0.15569729039586605, -2.000000000026205, -0.42857142852483654, 2.4285714286363653, 0.6389672133894005, 0.2912374337600099, 0.0697953528505892, 2.649071419663536, 0.8383241923106295, 0 
1.4857142857142858, 2.142857142857143, 0.0, 0.7662920386519907, 0.2527982672643785, 0.12983872831355392, -2.841529189166753, 2.1722000179258654, 5.903823448264895, 1.0, 0.0, 0.0, 5.68074625220275, 3.274208711374273, 0 
1.4857142857142858, 2.142857142857143, 0.5, 0.7662268026907116, 0.25281818376748205, 0.12985599096108758, -2.841529179178309, 2.171746372109788, 5.903400170364222, 0.9999557662173099, 4.420841787570714e-05, 2.5364813113439876e-08, 5.680457204051631, 3.2739077184862255, 0 
1.4857142857142858, 2.142857142857143, 1.0, 0.7558147547185815, 0.2558358154861336, 0.13129317232742052, -2.8412605645346, 2.0984901682527917, 5.835110387490926, 0.9927263427796241, 0.007104328931782826, 0.00016932828859355533, 5.633393492113271, 3.224847451840472, 0 
1.4857142857142858, 2.142857142857143, 1.5, 0.6922514301251562, 0.27034083903374767, 0.13795975287393036, -2.8282758851117773, 1.6656742935975324, 5.434434911797665, 0.9487300919184017, 0.04742538145869703, 0.0038445266229012722, 5.349358295285532, 2.928456409207132, 1 
1.4857142857142858, 2.142857142857143, 2.0, -5.923604058348796e-06, 0.3327879526199856, 0.1545402498263042, -2.0000000039867576, -1.1428571368182074, 3.142857146686959, 0.578748804259139, 0.37701957370385764, 0.04423162203700297, 0.4556945665927444, 3.1486598166920112, 0 
1.4857142857142858, 2.857142857142857, 0.0, 0.7459422632064008, 0.34933966766293123, 0.14181216871405544, -3.056070573042478, 1.6452658337469042, 6.370980009333134, 1.0, 0.0, 0.0, 6.095176181321308, 3.064474573985931, 0 
1.4857142857142858, 2.857142857142857, 0.5, 0.7458238799714454, 0.349374744137211, 0.1418410874389298, -3.0560705387162432, 1.6444346677764385, 6.370233112860987, 0.999917359815097, 8.26336928722516e-05, 6.492034021673623e-09, 6.094663490507708, 3.0638738410350768, 0 
1.4857142857142858, 2.857142857142857, 1.0, 0.731539050927051, 0.3534628353267067, 0.14356331496187666, -3.0555655255636465, 1.5449940822641621, 6.281046025146987, 0.989967324827065, 0.00994542184824958, 8.725332468513201e-05, 6.03308963702238, 2.9941132112964834, 0 
1.4857142857142858, 2.857142857142857, 1.5, 0.6516909157059879, 0.3728776102069266, 0.15167208041915956, -3.0347139508896457, 1.0114935149933593, 5.809124581765478, 0.9344690777346951, 0.06296045889699646, 0.0025704633683092267, 5.694783462859185, 2.621245945889253, 1 
1.4857142857142858, 2.857142857142857, 2.0, 6.468620250305536e-07, 0.44221386637921684, 0.1493375611911606, -2.0000000002655853, -1.8571428568554742, 3.8571428571742468, 0.5038960858416355, 0.469158890235975, 0.026945023922389504, 0.07573347993004856, 3.660269516662727, 0 
1.4857142857142858, 3.5714285714285716, 0.0, 0.7110274403513198, 0.4553870797130291, 0.15687054176536802, -3.342845305284739, 1.062514429552849, 6.7870284222219075, 1.0, 0.0, 0.0, 6.519974960261606, 2.841745809539276, 0 
1.4857142857142858, 3.5714285714285716, 0.5, 0.710808323116225, 0.45544830868023894, 0.15692350115759748, -3.342845194305269, 1.0610328259223032, 6.78573492655627, 0.9998504522687646, 0.0001495461376995758, 1.593536940042391e-09, 6.519090361470198, 2.8407502222686314, 0 
1.4857142857142858, 3.5714285714285716, 1.0, 0.6908705172381268, 0.4609262654316717, 0.15949291833668755, -3.3419037443549953, 0.9273259861336217, 6.669384825217729, 0.9861568747865875, 0.013798856324274193, 4.42688891393113e-05, 6.438496098496645, 2.74992098027657, 0 
1.4857142857142858, 3.5714285714285716, 1.5, 0.5837819055286524, 0.48701523963254706, 0.1742692120068487, -3.3061080584059117, 0.25030096678674973, 6.093806999994227, 0.9129988675911028, 0.08526766341191798, 0.0017334689969788811, 6.018404664043192, 2.271137476707804, 1 
1.4857142857142858, 3.5714285714285716, 2.0, 2.0826843771652747e-06, 0.546127325750215, 0.13886998573522993, -2.571428571461036, -1.999999999953909, 4.571428571445262, 0.5619262530962211, 0.4222748195681003, 0.015798927335679804, 0.30387038751975404, 4.4810676198931025, 0 
1.4857142857142858, 4.285714285714286, 0.0, 0.6540156601889006, 0.573440441613457, 0.17722075897261527, -3.709465860471075, 0.40545686369772826, 7.116974897026417, 1.0, 0.0, 0.0, 6.93309395772166, 2.5925703085413567, 0 
1.4857142857142858, 4.285714285714286, 0.5, 0.653603578044263, 0.5735511743623503, 0.17734217815030062, -3.7094655132199383, 0.40286806227999217, 7.114760754116753, 0.9997321098628491, 0.0002678897408019144, 3.963511874449276e-10, 6.931568402320318, 2.5908127218014383, 0 
1.4857142857142858, 4.285714285714286, 1.0, 0.6242993951449384, 0.5813098615219746, 0.18274918784689426, -3.7076750412633976, 0.2215506888532041, 6.960464373376538, 0.980697747333569, 0.019279427124483235, 2.2825541946304547e-05, 6.82381176129852, 2.4663038632283767, 0 
1.4857142857142858, 4.285714285714286, 1.5, 0.4539176542158983, 0.6218336273595676, 0.21180169192827225, -3.6340905653732385, -0.719612489555202, 6.19041361912033, 0.8735866279924966, 0.12516362911800064, 0.0012497428895023122, 6.2402104897215, 1.7759329181057382, 1 
1.4857142857142858, 4.285714285714286, 2.0, 3.245091850178315e-07, 0.6405995602866882, 0.12351229940034084, -3.2857142857145245, -1.9999999999994158, 5.285714285714662, 0.6495396859995483, 0.34152018828770325, 0.008940125712747556, 0.6896859034114943, 5.383636409817385, 0 
1.4857142857142858, 5.0, 0.0, 0.5595585577875133, 0.7085595925310509, 0.18916681128463156, -4.1660428747140745, -0.36070650520351166, 7.317865714446663, 1.0, 0.0, 0.0, 7.306946363945404, 2.290861941702661, 0 
1.4857142857142858, 5.0, 0.5, 0.558671867528192, 0.7087942774663827, 0.1893403443456454, -4.166041677797969, -0.36549545492094093, 7.313813387380959, 0.9995003446575096, 0.0004996552357051913, 1.0678433132883198e-10, 7.304111564636076, 2.287518623423598, 0 
1.4857142857142858, 5.0, 1.0, 0.5081119187439983, 0.7219965337843778, 0.19696134116736444, -4.162181618203498, -0.6288968401507281, 7.0925555287719995, 0.9716079074279551, 0.02837951430524271, 1.2578266801622215e-05, 7.146403618308543, 2.1005832702436305, 1 
1.4857142857142858, 5.0, 1.5, 8.75735658590433e-06, 0.7895890852443646, 0.23485764103871573, -4.000000000079026, -1.9999999995697382, 6.000000000351902, 0.7905952235346911, 0.20839863826095137, 0.001006138204359002, 6.256411229897123, 1.021736815486698, 0 
1.4857142857142858, 5.0, 2.0, -3.349249951068745e-07, 0.722573467750702, 0.11476347044961929, -4.00000000000039, -1.9999999999978983, 6.000000000001718, 0.7274751568007116, 0.26762315414961974, 0.004901689049669419, 6.29350223900535, 1.0866541473821398, 0 
1.742857142857143, 0.0, 0.0, 0.8095376355361615, 0.0, 0.10694133296029273, -2.9046938613414097, 4.0296621269196455, 5.728131498334742, 1.0, 0.0, 0.0, 5.717204378065655, 4.512864562837694, 0 
1.742857142857143, 0.0, 0.5, 0.8095362132374033, 0.0, 0.10694191772470292, -2.904693861324939, 4.029650173371116, 5.728118975491784, 0.9999990200472918, 9.482107499305376e-07, 3.1741951062584076e-08, 5.71719638386378, 4.512856860214001, 0 
1.742857142857143, 0.0, 1.0, 0.8079160799748094, 0.0, 0.10738622064178366, -2.9046859825259963, 4.016266441058047, 5.714096042893189, 0.9988337918888005, 0.0009857386372872441, 0.00018046947391462667, 5.707734382371104, 4.503729160861544, 0 
1.742857142857143, 0.0, 1.5, 0.7895048617477819, 0.0, 0.11062645252210727, -2.9034971107176073, 3.865621712229904, 5.556000090337529, 0.9856855193971287, 0.010811295594167814, 0.0035031850087022054, 5.600396707809272, 4.400098308657735, 0 
1.742857142857143, 0.0, 2.0, 0.725594624329165, 0.0, 0.1177771228447862, -2.8839809645817596, 3.363986596857868, 5.025550277984764, 0.9406056753549802, 0.04136934809915667, 0.01802497654586389, 5.229362490975096, 4.043075797523866, 0 
1.742857142857143, 0.7142857142857143, 0.0, 0.8075701458809602, 0.0763866664002091, 0.108112328886446, -2.9319243394269683, 3.8666203228693266, 5.8851347244859324, 1.0, 0.0, 0.0, 5.820142263641785, 4.437232922513706, 0 
1.742857142857143, 0.7142857142857143, 0.5, 0.8075684170661573, 0.07638708408907352, 0.10811308775041849, -2.9319243394176957, 3.866605701363348, 5.885119760440513, 0.9999987338951918, 1.2441458252249652e-06, 2.195898447192987e-08, 5.82013207408506, 4.437222967269379, 0 
1.742857142857143, 0.7142857142857143, 1.0, 0.80578162821298, 0.07670444331555976, 0.10856441389589534, -2.9319147540777357, 3.8517052932323126, 5.869869196688879, 0.9987190096607963, 0.001130718668242166, 0.00015027167095929824, 5.809804922997504, 4.427113340803359, 0 
1.742857142857143, 0.7142857142857143, 1.5, 0.7865258280805967, 0.07901889465864806, 0.11176747130054639, -2.930601922040714, 3.692671543790487, 5.70695813052025, 0.9849843463270274, 0.01190680523445412, 0.003108848438518705, 5.698693526696513, 4.3182096052538235, 0 
1.742857142857143, 0.7142857142857143, 2.0, 0.7208159249188061, 0.08412651631770443, 0.11892822795312612, -2.9097652266731338, 3.1717851198950853, 5.1712549502664285, 0.9386266553058477, 0.04486431123456242, 0.016509033459588564, 5.3216361741208, 3.9491912062582184, 1 
1.742857142857143, 1.4285714285714286, 0.0, 0.8012605046020868, 0.15444618412349428, 0.11155068758959406, -3.014216898250524, 3.48416637395849, 6.243729843277901, 1.0, 0.0, 0.0, 6.0754418965556605, 4.2598781348551364, 0 
1.742857142857143, 1.4285714285714286, 0.5, 0.8012574297692445, 0.15444726821488355, 0.11155189500924279, -3.014216898208581, 3.4841357253406837, 6.243699713108082, 0.999997723123922, 2.2677837522496965e-06, 9.092322148396976e-09, 6.07542341505871, 4.259859562771112, 0 
1.742857142857143, 1.4285714285714286, 1.0, 0.7989713877612397, 0.15509201985127907, 0.11202852777131503, -3.014201155786924, 3.4648411046310708, 6.2247323459968396, 0.9983701990346814, 0.0015327781727675813, 9.70227925501328e-05, 6.062498118166301, 4.246854265172345, 0 
1.742857142857143, 1.4285714285714286, 1.5, 0.7771823885198671, 0.1596678161436377, 0.11516319162357, -3.012481778594137, 3.2828297469103074, 6.045896741873442, 0.9828718309016499, 0.014784870223029186, 0.0023432988753204656, 5.939661835428353, 4.123021168239848, 0 
1.742857142857143, 1.4285714285714286, 2.0, 0.7058827829135907, 0.16989746850446588, 0.12245279135321344, -2.9873596731647396, 2.711820384742815, 5.48602143460646, 0.9325544954657917, 0.0539651010634324, 0.013480403470774631, 5.541162520765991, 3.7205189952037387, 1 
1.742857142857143, 2.142857142857143, 0.0, 0.7894305031420321, 0.23574479152820063, 0.11708949207830545, -3.1533341217223616, 3.0028776487867233, 6.667351126252031, 1.0, 0.0, 0.0, 6.40928976395275, 4.043523320215321, 0 
1.742857142857143, 2.142857142857143, 0.5, 0.7894238276078895, 0.2357469341022775, 0.11709176891400831, -3.153334121601254, 3.0028252045965904, 6.66730138860132, 0.9999955010526289, 4.495996825913709e-06, 2.9505462348999064e-09, 6.4092549788342605, 4.04348743222343, 0 
1.742857142857143, 2.142857142857143, 1.0, 0.7862841915157084, 0.23674519727458124, 0.11762516950588311, -3.1533044624769575, 2.976252234216661, 6.642105239549414, 0.9977717235206033, 0.0021726938854830596, 5.5582593914764364e-05, 6.392016926608273, 4.0256930787299146, 0 
1.742857142857143, 2.142857142857143, 1.5, 0.7602251482572133, 0.24353773983517663, 0.12078270176038272, -3.150788496422537, 2.758423930781299, 6.435989684462237, 0.9793027338715213, 0.019055692406238653, 0.0016415737222395784, 6.2495287940623365, 3.8782457647646797, 0 
1.742857142857143, 2.142857142857143, 2.0, 0.6787921243320937, 0.25905907539372364, 0.12866889269339374, -3.1172874179915486, 2.1088733527199164, 5.826635110960375, 0.9218856220366031, 0.06758193923789134, 0.010532438725505817, 5.810059977525753, 3.4213904364719094, 1 
1.742857142857143, 2.857142857142857, 0.0, 0.7701648526685849, 0.32171688709250207, 0.12461866460955573, -3.352108296437464, 2.4645631929695693, 7.0902469688489305, 1.0, 0.0, 0.0, 6.780785276974412, 3.8126716799949545, 0 
1.742857142857143, 2.857142857142857, 0.5, 0.7701514823244978, 0.321721223806324, 0.12462259583451134, -3.352108295968536, 2.4644490304858406, 7.0901418649601755, 0.9999911317009739, 8.867447939517272e-06, 8.51084931620547e-10, 6.780717581291322, 3.812600621533119, 0 
1.742857142857143, 2.857142857142857, 1.0, 0.7657416862941009, 0.32312797628825496, 0.12527201319446857, -3.3520506724895123, 2.427534409368168, 7.05617220571353, 0.9968895247396135, 0.0030803858782408756, 3.0089382146585802e-05, 6.757402082956043, 3.788092854248219, 0 
1.742857142857143, 2.857142857142857, 1.5, 0.733408206367855, 0.33221453294418446, 0.1287532921008948, -3.3481458205315775, 2.1610143084518634, 6.811899220990734, 0.9741369067825141, 0.024748835460848054, 0.0011142577566373162, 6.58740140073655, 3.609305437892197, 0 
1.742857142857143, 2.857142857142857, 2.0, 0.6352064336447393, 0.3537101723521712, 0.13866538741330123, -3.29949144022591, 1.396266625389934, 6.122546663250497, 0.9053319234864051, 0.08652406730114112, 0.008144009212453738, 6.081510814079531, 3.0086985330188867, 1 
1.742857142857143, 3.5714285714285716, 0.0, 0.7407037273702389, 0.4137714552561374, 0.1343010398543689, -3.614376290734298, 1.8749387414287053, 7.4766655264220345, 1.0, 0.0, 0.0, 7.166745144154329, 3.5702413458472138, 0 
1.742857142857143, 3.5714285714285716, 0.5, 0.7406780635800679, 0.41377921386586514, 0.1343080130997794, -3.614376288977614, 1.8747355703733224, 7.476482894651214, 0.9999829306681135, 1.706909929070679e-05, 2.325919612756108e-10, 7.166620560054869, 3.570099415556792, 0 
1.742857142857143, 3.5714285714285716, 1.0, 0.7344248134683885, 0.41570521612382205, 0.1351978614745313, -3.6142651205042076, 1.8238541421506516, 7.430782768733162, 0.9956553400403052, 0.004328763307342137, 1.5896652354332054e-05, 7.135134800848936, 3.5345204366038434, 0 
1.742857142857143, 3.5714285714285716, 1.5, 0.6929785864264411, 0.42747101426502637, 0.13973350598210701, -3.6079989702267246, 1.4936176452241727, 7.136105542492471, 0.9670130079296277, 0.03223762354599976, 0.0007493685243719153, 6.9282996671415304, 3.305741032021274, 0 
1.742857142857143, 3.5714285714285716, 2.0, 0.5649849999669613, 0.457152485984154, 0.20082257155336566, -3.53005362930769, 0.5503755662187513, 6.317679770143705, 0.8792973014883461, 0.11430936142584401, 0.0063933370858097254, 6.311671102549818, 2.6209930831889725, 1 
1.742857142857143, 4.285714285714286, 0.0, 0.6969298959415928, 0.5135755154558862, 0.1469732149212681, -3.9450490424525544, 1.2250761528647711, 7.799138065449735, 1.0, 0.0, 0.0, 7.549569077385139, 3.309279112400169, 0 
1.742857142857143, 4.285714285714286, 0.5, 0.6968825776746678, 0.513589813948866, 0.14698721248409327, -3.9450490363922754, 1.2247030357737207, 7.798808711508737, 0.9999676706323363, 3.232930465398879e-05, 6.300873012704353e-11, 7.549340568784557, 3.309023891159007, 0 
1.742857142857143, 4.285714285714286, 1.0, 0.6878130111902776, 0.5162677783947283, 0.14843453655390362, -3.9448351006219213, 1.1547925209085268, 7.7371781828555255, 0.9939296130226991, 0.006061993890324515, 8.393086974632915e-06, 7.506629340273211, 3.2613062205599306, 0 
1.742857142857143, 4.285714285714286, 1.5, 0.6320300629505142, 0.5318338272043374, 0.15622139521725645, -3.9343795045156527, 0.7381543338870036, 7.373455329678187, 0.9570205229398491, 0.04247018402464742, 0.0005092930355043583, 7.248025946820837, 2.9712486565454146, 0 
1.742857142857143, 4.285714285714286, 2.0, -1.5687611170416753e-06, 0.6405995602855508, 0.18579468721523512, -3.2857142857318564, -1.999999999964894, 5.28571428573613, 0.6495396860054133, 0.34152018828193254, 0.008940125712654843, 0.6573355336227781, 5.323391686848576, 0 
1.742857142857143, 5.0, 0.0, 0.6317210330219878, 0.623733190857949, 0.1542207455628879, -4.350500643518331, 0.4954260678976024, 8.028222150750395, 1.0, 0.0, 0.0, 7.910301742705962, 3.0150079090985002, 0 
1.742857142857143, 5.0, 0.5, 0.6316220097838346, 0.6237609459859984, 0.1542395848519853, -4.350500622578986, 0.4947320764752305, 8.027616661657355, 0.9999381332067568, 6.186677551898339e-05, 1.7720544607262176e-11, 7.909873606619225, 3.014522456184686, 0 
1.742857142857143, 5.0, 1.0, 0.6176439601261483, 0.6277545540579701, 0.15608148592853857, -4.35007480863912, 0.39689175430900736, 7.942416426522115, 0.9913921725527879, 0.008603280872066348, 4.54657514446909e-06, 7.850179745983614, 2.946774355706672, 0 
1.742857142857143, 5.0, 1.5, 0.5337782713686812, 0.6506444360039642, 0.1663348523194775, -4.330848111929214, -0.15673534434635597, 7.467021529690118, 0.9413957647694648, 0.05824287602914484, 0.00036135920138896785, 7.504371406802785, 2.551100855046008, 1 
1.742857142857143, 5.0, 2.0, 8.692301912498668e-06, 0.7225734677202041, 0.11476347040851473, -4.000000000186012, -1.999999999352126, 6.000000000519579, 0.7274751568828977, 0.2676231540686041, 0.004901689048499055, 6.225466628562883, 1.039753231410413, 0 
2.0, 0.0, 0.0, 0.8249767699251019, 0.0, 0.10019936173873131, -3.2487245966431577, 4.835609439200162, 6.580144707045659, 1.0, 0.0, 0.0, 6.520900271313074, 5.296953620328679, 0 
2.0, 0.0, 0.5, 0.824976937714098, 0.0, 0.10019940934746116, -3.2487245966410256, 4.83560964477934, 6.580144919580979, 0.9999999020291701, 9.506845928561919e-08, 2.9023672773452586e-09, 6.520899484630768, 5.296952866866103, 0 
2.0, 0.0, 1.0, 0.8244799459977247, 0.0, 0.10033644347052877, -3.2487237144006182, 4.830780564745157, 6.57515280859473, 0.9996361645514036, 0.000309711858697815, 5.4123589899391945e-05, 6.517548985336266, 5.293687316944382, 0 
2.0, 0.0, 1.5, 0.8163667760334246, 0.0, 0.10183563495245704, -3.2484587520924646, 4.7521189253497305, 6.493796253391316, 0.9937025955826416, 0.004795699173040263, 0.0015017052443146337, 6.462726994259493, 5.240202018085993, 0 
2.0, 0.0, 2.0, 0.7845290375562989, 0.0, 0.10576755925017936, -3.2428838055025713, 4.449081989782883, 6.179631553751589, 0.9705356528977092, 0.020735873941053983, 0.008728473161237097, 6.24791776523375, 5.030736886706802, 0 
2.0, 0.7142857142857143, 0.0, 0.8229474706449358, 0.07157097267052237, 0.1009379108994331, -3.2742540696803815, 4.679941890229571, 6.721222254372726, 1.0, 0.0, 0.0, 6.614112209817384, 5.222068667191889, 0 
2.0, 0.7142857142857143, 0.5, 0.8229474979625403, 0.07157100667675798, 0.10093800099246039, -3.2742540696803304, 4.6799417073469955, 6.721222068459702, 0.9999998745888218, 1.2333129101319416e-07, 2.079886729491519e-09, 6.614111173817412, 5.2220676557173125, 0 
2.0, 0.7142857142857143, 1.0, 0.8224019487777908, 0.07166888819323483, 0.10108015543083675, -3.274253002793505, 4.674602568674044, 6.715794363259549, 0.9996012390467593, 0.00035292520337200644, 4.5835749867556616e-05, 6.6104530224072615, 5.218465032733353, 0 
2.0, 0.7142857142857143, 1.5, 0.8139160820839455, 0.07273973925175503, 0.10257824926651211, -3.2739617529317098, 4.591838551790685, 6.631635993698594, 0.9934086325514365, 0.00524499989970045, 0.0013463675488644797, 6.553552143006341, 5.162362476743573, 0 
2.0, 0.7142857142857143, 2.0, 0.7812551815684806, 0.07554825660727098, 0.10650666990858623, -3.2680533952131063, 4.279116672458646, 6.313252734630032, 0.9696719586002366, 0.02227294678728326, 0.008055094612481143, 6.3349995359197875, 4.946845609810618, 0 
2.0, 1.4285714285714286, 0.0, 0.8166427723748506, 0.14419701557061873, 0.10313367743314154, -3.3512203050908442, 4.306072928329371, 7.0480191364823845, 1.0, 0.0, 0.0, 6.846706465838776, 5.042158055397687, 0 
2.0, 1.4285714285714286, 0.5, 0.816642544182234, 0.14419714427494343, 0.1031338837619625, -3.3512203050916884, 4.306067094282399, 7.048013382064266, 0.9999997757334356, 2.2333900388661416e-07, 9.275563221705016e-10, 6.846704203562321, 5.042155786441258, 0 
2.0, 1.4285714285714286, 1.0, 0.8159444943323707, 0.1444002220440525, 0.10329193800223128, -3.351218563044637, 4.2991855371421615, 7.04122584289195, 0.9994937413399467, 0.0004756108942700285, 3.064776578204764e-05, 6.842103007768421, 5.037532502179885, 0 
2.0, 1.4285714285714286, 1.5, 0.806335515650925, 0.1465403560950173, 0.10479730464810243, -3.3508409402394217, 4.204809052911444, 6.948155347051773, 0.9925211631278615, 0.006443992748159216, 0.0010348441239788793, 6.778816509189832, 4.973851042503686, 0 
2.0, 1.4285714285714286, 2.0, 0.7711622361149424, 0.15215238558369462, 0.10874347232109723, -3.3438689145177394, 3.865928345638758, 6.614234750170933, 0.9670517871023694, 0.026294332412535527, 0.0066538804850938, 6.547936650036343, 4.741197321409976, 0 
2.0, 2.142857142857143, 0.0, 0.8054040722185758, 0.2189047975750103, 0.10674543120097645, -3.4807457625273113, 3.826642529871238, 7.43821036426478, 1.0, 0.0, 0.0, 7.152164784137242, 4.817096851762147, 0 
2.0, 2.142857142857143, 0.5, 0.805402173521668, 0.21890512633670442, 0.10674572685536596, -3.480745762519255, 3.8266289558927475, 7.438197345827982, 0.9999995500010734, 4.49670885721611e-07, 3.280396381940044e-10, 7.1521601099709144, 4.817092105915543, 0 
2.0, 2.142857142857143, 1.0, 0.8044363968298309, 0.2192287996249938, 0.10693291027499478, -3.4807424518001713, 3.817105429427832, 7.429064070325936, 0.9993052107797088, 0.0006765238121551067, 1.826540813402578e-05, 7.145937408557977, 4.810716477602749, 0 
2.0, 2.142857142857143, 1.5, 0.7929258287096278, 0.22245017446332993, 0.10848551337569108, -3.4801951266204596, 3.7041544615509507, 7.320817420422999, 0.9910192404210602, 0.008241377952492678, 0.0007393816264460963, 7.071927979611633, 4.734765841202533, 0 
2.0, 2.142857142857143, 2.0, 0.7533869364237389, 0.23089607420883845, 0.11256048500386817, -3.471224452779163, 3.3243707081874114, 6.957956041899195, 0.9625718253308153, 0.032194998249384744, 0.005233176419799711, 6.81901136233069, 4.474495517772402, 0 
2.0, 2.857142857142857, 0.0, 0.7881180599197237, 0.2966904887148708, 0.11176399287113459, -3.6646742510149966, 3.2865687863681106, 7.831676925298545, 1.0, 0.0, 0.0, 7.493411492673514, 4.573575046706139, 0 
2.0, 2.857142857142857, 0.5, 0.7881171337813724, 0.2966910397826091, 0.1117643915075841, -3.6646742510124146, 3.286551458341995, 7.831660698707851, 0.9999990831661646, 9.167304683468475e-07, 1.0337367125832616e-10, 7.493402958378847, 4.573566200459222, 0 
2.0, 2.857142857142857, 1.0, 0.7867387553845324, 0.2971615224369022, 0.11199977336505655, -3.6646676591025114, 3.2731071499333315, 7.819072454834995, 0.9990202381396812, 0.0009694757939280072, 1.0286066391544204e-05, 7.484796894040759, 4.56460305345339, 0 
2.0, 2.857142857142857, 1.5, 0.7724565206088989, 0.30151966091743315, 0.11369612321502127, -3.66382481701329, 3.1345651008650544, 7.6895285985884705, 0.9888530563310937, 0.01063643953033392, 0.0005105041385720085, 7.39574011078496, 4.471697531896796, 0 
2.0, 2.857142857142857, 2.0, 0.7262890475509367, 0.31295307844636344, 0.11819331320186843, -3.651515114034153, 2.697931766664311, 7.2835478731668974, 0.9559979892569103, 0.03996613095892933, 0.00403587978416071, 7.110077350165346, 4.1726472667067664, 0 
2.0, 3.5714285714285716, 0.0, 0.7631388388625561, 0.378567644533774, 0.1183005327730029, -3.905562563400296, 2.696868679092888, 8.197264959263181, 1.0, 0.0, 0.0, 7.850292655321786, 4.318093874551785, 0 
2.0, 3.5714285714285716, 0.5, 0.7631358809639279, 0.3785685427761103, 0.11830120990190356, -3.9055625633744553, 2.696843147308877, 8.197241520488495, 0.9999981582540953, 1.8417151696491937e-06, 3.0735277725667614e-11, 7.850276756504542, 4.3180771823445765, 0 
2.0, 3.5714285714285716, 1.0, 0.7611534234788248, 0.3792284758607889, 0.11861856211115293, -3.905549428380136, 2.6779341056533337, 8.179886282488408, 0.9986132615522796, 0.001381105194309735, 5.63325341366215e-06, 7.838360936667829, 4.305563504451164, 0 
2.0, 3.5714285714285716, 1.5, 0.7429919038114648, 0.38487320762764604, 0.1206601366549981, -3.9042126289044097, 2.506118616569197, 8.022537642800376, 0.9859167425723747, 0.013735967366206532, 0.00034729006141801574, 7.72951328032734, 4.191312010659067, 0 
2.0, 3.5714285714285716, 2.0, 0.6869670840326965, 0.39974366449722193, 0.12628441739691407, -3.886439458870172, 1.9928773809977076, 7.556647890557237, 0.9468276354326436, 0.05007183355618808, 0.00310053101116933, 7.397708562563025, 3.8525274354176693, 0 
2.0, 4.285714285714286, 0.0, 0.7280400982530867, 0.46569124981916066, 0.12674881512089886, -4.206731317733523, 2.0545928430367257, 8.512647322181701, 1.0, 0.0, 0.0, 8.20841999136374, 4.047855160741192, 0 
2.0, 4.285714285714286, 0.5, 0.72803602705139, 0.4656927682138999, 0.12675045314792951, -4.206731317657155, 2.0545488986827474, 8.512607612365485, 0.999996356484766, 3.6435062800673394e-06, 8.956142523558518e-12, 8.208390105345217, 4.04782152700316, 0 
2.0, 4.285714285714286, 1.0, 0.7251496761852008, 0.46661661116712067, 0.12722195230367192, -4.2067053465900015, 2.0280998185924974, 8.488715511127914, 0.9980407699332269, 0.0019561709429321266, 3.0591238406430883e-06, 8.191897269539401, 4.029356129353709, 0 
2.0, 4.285714285714286, 1.5, 0.7014348110136538, 0.4738912847102876, 0.13005911846291313, -4.2045422124101, 1.8133268286485904, 8.295341345030627, 0.9819911340999353, 0.01777280688114648, 0.00023605901891849454, 8.057037685135139, 3.8801869142377696, 0 
2.0, 4.285714285714286, 2.0, 0.6298576678612601, 0.49335938901338355, 0.1388539547199212, -4.177443227915592, 1.1935762975393938, 7.744515542152081, 0.9339127715393114, 0.06368017430817124, 0.0024070541525165715, 7.658077412539706, 3.4418213333607692, 1 
2.0, 5.0, 0.0, 0.6789657095700966, 0.5596373804207724, 0.1315245828422564, -4.572452305969568, 1.348428509882212, 8.755956790197535, 1.0, 0.0, 0.0, 8.553696155520273, 3.7540861092917024, 0 
2.0, 5.0, 0.5, 0.6789550262964525, 0.5596406187017239, 0.1315269906829536, -4.572452305650549, 1.3483363463398967, 8.755874437572404, 0.9999928011130577, 7.198884295602458e-06, 2.6494721475932288e-12, 8.553637135748463, 3.75402075242557, 0 
2.0, 5.0, 1.0, 0.6746290527306347, 0.5609741220088916, 0.13210051517847934, -4.572400504525367, 1.311191886435865, 8.722701516602745, 0.9972212966661077, 0.0027770252946964814, 1.6780391946692424e-06, 8.530550919371258, 3.7284648929348294, 0 
2.0, 5.0, 1.5, 0.6422462942226157, 0.5706719482889505, 0.1354929290101281, -4.568784527516364, 1.0383769506656857, 8.480168508537608, 0.9765951178565689, 0.023242081662539937, 0.00016280048089072565, 8.359373976148945, 3.5387143322471615, 0 
2.0, 5.0, 2.0, 0.5413845063604975, 0.5981064569542522, 0.14664589511721615, -4.5232404990798445, 0.2490824885032881, 7.791324704261671, 0.9139931681112083, 0.08407099352606591, 0.0019358383627257056, 7.846982207184604, 2.9659674388366883, 1 
