J, B, T, Ox, Oy, p1, p2, p3, p4, m, chi
0.01, 0.0, 0.1, 2.5454752545783776e-06, -5.570905051424412e-07, 0.9999999958776945, 2.0611536139418306e-09, 2.061153613941784e-09, 4.248354237778394e-18, 1.2447488097157937e-17, 9.689081191480402e-08
0.01, 0.1, 0.1, 3.4535976668470525e-06, 4.7390656807628964e-07, 0.9999999936389428, 5.6027964018973036e-09, 7.582560379678499e-10, 4.2483542282671864e-18, 4.84454060818769e-09, 9.689081191480402e-08
0.02566929133858268, 0.0, 0.1, 9.55675950837587e-08, -2.9809512148315764e-08, 0.9999999958776905, 2.0611536139418417e-09, 2.061153613941841e-09, 4.248354237778558e-18, 1.2447490371904622e-17, 9.689080716726074e-08
0.02566929133858268, 0.1, 0.1, -9.256754064195965e-08, -2.0828812559604967e-07, 0.9999999936389512, 5.6027964018975956e-09, 7.582560379678858e-10, 4.2483542282676e-18, 4.844540370810527e-09, 9.689080716726074e-08
0.04133858267716536, 0.0, 0.1, 2.4867565959782543e-07, 4.586520496288627e-08, 0.9999999958776857, 2.061153613941839e-09, 2.0611536139418327e-09, 4.248354237778523e-18, 1.2447489854916739e-17, 9.689080922954946e-08
0.04133858267716536, 0.1, 0.1, 2.9506773399893676e-10, -5.658865893024131e-07, 0.9999999936389508, 5.602796401897507e-09, 7.58256037967875e-10, 4.248354228267432e-18, 4.844540473924963e-09, 9.689080922954946e-08
0.057007874015748035, 0.0, 0.1, 8.835248582446734e-09, -9.573877050617595e-08, 0.9999999958776916, 2.061153613941848e-09, 2.0611536139418467e-09, 4.248354237778578e-18, 1.4302967638255874e-18, 9.689080754766604e-08
0.057007874015748035, 0.1, 0.1, 1.4729616830638868e-07, 3.299264735784356e-08, 0.9999999936389451, 5.602796401897585e-09, 7.582560379678843e-10, 4.248354228267589e-18, 4.8445403788136e-09, 9.689080754766604e-08
0.0726771653543307, 0.0, 0.1, 1.176445692185283e-07, 1.1693103515096974e-07, 0.9999999958776993, 2.0611536139418657e-09, 2.0611536139418413e-09, 4.24835423777858e-18, 1.2447489131133703e-17, 9.68908070585584e-08
0.0726771653543307, 0.1, 0.1, 3.688500833452591e-08, -1.0684231193996627e-09, 0.9999999936389606, 5.602796401897646e-09, 7.582560379678923e-10, 4.24835422826764e-18, 4.8445403653754095e-09, 9.68908070585584e-08
0.08834645669291338, 0.0, 0.1, -5.3176243595822543e-08, -5.971571009566997e-08, 0.999999995877688, 2.061153613941857e-09, 2.0611536139418488e-09, 4.248354237778578e-18, 1.4302974359098351e-18, 9.689080754002276e-08
0.08834645669291338, 0.1, 0.1, 1.5147153177555082e-08, -9.494251027498837e-08, 0.9999999936389468, 5.602796401897589e-09, 7.582560379678845e-10, 4.248354228267567e-18, 4.8445403784314355e-09, 9.689080754002276e-08
0.10401574803149606, 0.0, 0.1, -1.4720122155297583e-08, -6.810842164613217e-08, 0.9999999958776903, 2.061153613941847e-09, 2.0611536139418434e-09, 4.248354237778572e-18, 1.4302968155243757e-18, 9.68908074843516e-08
0.10401574803149606, 0.1, 0.1, 4.405561186896505e-08, -5.871515741385754e-08, 0.9999999936389505, 5.602796401897599e-09, 7.58256037967886e-10, 4.248354228267598e-18, 4.844540375647878e-09, 9.68908074843516e-08
0.11968503937007874, 0.0, 0.1, -5.036449054000899e-10, -5.711145012964568e-08, 0.999999995877693, 2.061153613941841e-09, 2.061153613941841e-09, 4.248354237778568e-18, 1.4302966087292226e-18, 9.68908096397468e-08
0.11968503937007874, 0.1, 0.1, 2.0318216845252113e-07, 1.4706383464620666e-08, 0.9999999936389425, 5.602796401897491e-09, 7.582560379678737e-10, 4.248354228267413e-18, 4.8445404834176365e-09, 9.68908096397468e-08
0.13535433070866143, 0.0, 0.1, 9.678594869739349e-08, -1.1088394917456e-08, 0.9999999958776848, 2.0611536139418273e-09, 2.0611536139418207e-09, 4.248354237778503e-18, 1.2447489854916739e-17, 9.68908076318829e-08
0.13535433070866143, 0.1, 0.1, 4.486656469664744e-08, -7.851065871847165e-08, 0.999999993638949, 5.602796401897571e-09, 7.582560379678818e-10, 4.248354228267561e-18, 4.844540394041636e-09, 9.68908076318829e-08
0.15102362204724412, 0.0, 0.1, 2.5609532832587302e-08, -6.171623621658438e-08, 0.9999999958776931, 2.0611536139418575e-09, 2.061153613941846e-09, 4.248354237778584e-18, 1.2447490268507045e-17, 9.689080705887087e-08
0.15102362204724412, 0.1, 0.1, -6.747523785084392e-09, -1.6529288579579873e-08, 0.9999999936389482, 5.602796401897623e-09, 7.582560379678894e-10, 4.248354228267618e-18, 4.844540365391034e-09, 9.689080705887087e-08
0.16669291338582679, 0.0, 0.1, 4.372020900736753e-08, -2.980232238769538e-08, 0.9999999958776896, 2.0611536139418517e-09, 2.0611536139418397e-09, 4.248354237778569e-18, 1.2447490992290081e-17, 9.689080769505797e-08
0.16669291338582679, 0.1, 0.1, 7.019652384387433e-08, 3.20841293865512e-08, 0.9999999936389523, 5.602796401897579e-09, 7.582560379678833e-10, 4.24835422826759e-18, 4.8445403972003895e-09, 9.689080769505797e-08
0.18236220472440945, 0.0, 0.1, 1.2909286629014978e-07, 1.4663665380393504e-08, 0.9999999958776846, 2.0611536139418037e-09, 2.061153613941783e-09, 4.248354237778367e-18, 1.2447488200555514e-17, 9.68908162076362e-08
0.18236220472440945, 0.1, 0.1, 2.6196562358379513e-07, 4.959975579822079e-09, 0.999999993638959, 5.6027964018970744e-09, 7.582560379678223e-10, 4.248354228266833e-18, 4.844540822829299e-09, 9.68908162076362e-08
0.19803149606299214, 0.0, 0.1, 6.891867110120006e-07, -1.2780724700205897e-09, 0.9999999958776873, 2.0611536139403094e-09, 2.0611536139402982e-09, 4.2483542377722354e-18, 1.2447479928749388e-17, 9.689089698648965e-08
0.19803149606299214, 0.1, 0.1, 7.551120550252678e-07, -2.015060966959291e-08, 0.9999999936389447, 5.60279640189232e-09, 7.582560379672399e-10, 4.248354228259981e-18, 4.844544861771963e-09, 9.689089698648965e-08
0.21370078740157483, 0.0, 0.1, 1.80434532865998e-06, -1.858098805824419e-08, 0.9999999958776916, 2.0611536139298406e-09, 2.0611536139293356e-09, 4.248354237728045e-18, 1.244746659046201e-17, 9.689146105189203e-08
0.21370078740157483, 0.1, 0.1, 1.8872640455826033e-06, 2.5812262616015958e-08, 0.9999999936389383, 5.602796401859209e-09, 7.582560379631844e-10, 4.248354228212138e-18, 4.844573065042069e-09, 9.689146105189203e-08
0.2293700787401575, 0.0, 0.1, 4.132765734055598e-06, -4.679273967369551e-08, 0.9999999958776982, 2.0611536138694333e-09, 2.0611536138660782e-09, 4.24835423747318e-18, 1.244746659046201e-17, 9.689475645608809e-08
0.2293700787401575, 0.1, 0.1, 4.321213715005601e-06, -2.564769130708397e-08, 0.9999999936389551, 5.602796401665865e-09, 7.58256037939511e-10, 4.248354227932895e-18, 4.8447378352518715e-09, 9.689475645608809e-08
0.24503937007874016, 0.0, 0.1, 8.833042529538676e-06, 3.5356435026872425e-09, 0.9999999958776933, 2.0611536135559153e-09, 2.0611536135552965e-09, 4.248354236186374e-18, 1.2447360918138757e-17, 9.691174716572926e-08
0.24503937007874016, 0.1, 0.1, 9.313884268699439e-06, -4.972627754000311e-08, 0.9999999936389424, 5.602796400668753e-09, 7.582560378174174e-10, 4.2483542264928156e-18, 4.845587370733824e-09, 9.691174716572926e-08
0.26070866141732285, 0.0, 0.1, 1.7870654563391028e-05, -4.8712386674696905e-08, 0.9999999958776945, 2.0611536121619765e-09, 2.0611536121424638e-09, 4.2483542304011615e-18, 1.2447148849709214e-17, 9.698924257288334e-08
0.26070866141732285, 0.1, 0.1, 1.898031036581902e-05, -2.395717166460175e-08, 0.9999999936389492, 5.602796396121179e-09, 7.582560372605857e-10, 4.248354219924727e-18, 4.849462141091316e-09, 9.698924257288334e-08
0.27637795275590554, 0.0, 0.1, -2.807136585097298e-08, -1.4050722425528866e-07, 0.9999999958776924, 2.0611536139417743e-09, 2.0611536139416747e-09, 4.248354237778068e-18, 1.4302946441752678e-18, 9.689081318978087e-08
0.27637795275590554, 0.1, 0.1, -3.185879433036756e-08, -1.3538214599460846e-07, 0.9999999936389518, 5.602796401897271e-09, 7.582560379678465e-10, 4.2483542282671194e-18, 4.844540660919338e-09, 9.689081318978087e-08
0.29204724409448823, 0.0, 0.1, 1.0072182434903476e-08, -1.4749231745211553e-08, 0.9999999958776931, 2.0611536139418484e-09, 2.0611536139418442e-09, 4.248354237778584e-18, 1.4302962985364929e-18, 9.689080815574793e-08
0.29204724409448823, 0.1, 0.1, 5.088662338464283e-08, -7.224080156657018e-09, 0.9999999936389465, 5.602796401897553e-09, 7.582560379678798e-10, 4.24835422826752e-18, 4.8445404092176926e-09, 9.689080815574793e-08
0.30771653543307087, 0.0, 0.1, -4.694090877714057e-09, -3.287688768604147e-08, 0.9999999958776942, 2.061153613941848e-09, 2.061153613941843e-09, 4.248354237778558e-18, 1.4302970223195289e-18, 9.689082092942547e-08
0.30771653543307087, 0.1, 0.1, 1.8679864703545544e-07, -3.22881117769199e-08, 0.99999999363895, 5.602796401896819e-09, 7.582560379677908e-10, 4.248354228266463e-18, 4.844541047901571e-09, 9.689082092942547e-08
0.32338582677165356, 0.0, 0.1, 3.958912754922512e-08, -4.453426623368856e-08, 0.9999999958776934, 2.061153613941856e-09, 2.061153613941795e-09, 4.248354237778465e-18, 1.2447490061711892e-17, 9.689080987459404e-08
0.32338582677165356, 0.1, 0.1, 8.13737528767124e-08, 1.2056329534661915e-08, 0.9999999936389523, 5.602796401897423e-09, 7.582560379678632e-10, 4.2483542282673336e-18, 4.844540506177192e-09, 9.689080987459404e-08
0.33905511811023625, 0.0, 0.1, 2.1594472430217556e-07, -2.4555168954779894e-08, 0.9999999958776931, 2.0611536139414956e-09, 2.0611536139412946e-09, 4.2483542377767274e-18, 1.2447493267036766e-17, 9.689082622485103e-08
0.33905511811023625, 0.1, 0.1, 1.9814675838926866e-07, -4.767881339813071e-08, 0.9999999936389431, 5.602796401896471e-09, 7.582560379677476e-10, 4.248354228265966e-18, 4.844541323690045e-09, 9.689082622485103e-08
0.3547244094488189, 0.0, 0.1, 7.318140855623254e-07, -4.437161982749599e-09, 0.999999995877698, 2.0611536139363807e-09, 2.061153613936246e-09, 4.248354237755723e-18, 1.2447492956844036e-17, 9.689124298414817e-08
0.3547244094488189, 0.1, 0.1, 9.28315030210335e-07, -8.279373217560665e-09, 0.9999999936389515, 5.602796401872024e-09, 7.582560379647548e-10, 4.248354228230638e-18, 4.844562161654902e-09, 9.689124298414817e-08
0.3703937007874016, 0.0, 0.1, 4.295751040939589e-06, 5.457295722153853e-09, 0.9999999958776998, 2.061153613733661e-09, 2.0611536137326002e-09, 4.2483542369181795e-18, 1.2447466797257164e-17, 9.690374805852691e-08
0.3703937007874016, 0.1, 0.1, 4.8437424389892285e-06, -4.975776508881225e-08, 0.9999999936389413, 5.602796401138154e-09, 7.58256037874894e-10, 4.248354227170752e-18, 4.8451874153738125e-09, 9.690374805852691e-08
0.3860629921259843, 0.0, 0.1, 1.960398446071692e-05, -3.401889398276535e-09, 0.9999999958776922, 2.0611536092209433e-09, 2.0611536092176656e-09, 4.24835421831083e-18, 1.244757267637557e-17, 9.718452459024767e-08
0.3860629921259843, 0.1, 0.1, 2.2140513169953933e-05, 7.120144000594772e-08, 0.9999999936389502, 5.6027963846615736e-09, 7.582560358573999e-10, 4.2483542033736644e-18, 4.859226241959957e-09, 9.718452459024767e-08
0.40173228346456696, 0.0, 0.1, -3.367468002601195e-08, -2.1614333047753154e-07, 0.999999995877692, 2.0611536139414025e-09, 2.0611536139410154e-09, 4.248354237775968e-18, 1.430281409285467e-18, 9.689081725946099e-08
0.40173228346456696, 0.1, 0.1, 1.1249294130694261e-07, 5.2660595773421646e-08, 0.999999993638948, 5.602796401897009e-09, 7.58256037967813e-10, 4.248354228266741e-18, 4.844540864403331e-09, 9.689081725946099e-08
0.41740157480314966, 0.0, 0.1, 3.209037734734285e-07, -1.0845157154677933e-08, 0.9999999958776872, 2.061153613940457e-09, 2.061153613940257e-09, 4.248354237772462e-18, 1.2447479928749388e-17, 9.689081957854535e-08
0.41740157480314966, 0.1, 0.1, 1.0029739263927142e-07, -8.86418113239291e-08, 0.9999999936389549, 5.602796401896893e-09, 7.582560379678001e-10, 4.248354228266544e-18, 4.844540991374748e-09, 9.689081957854535e-08
0.4330708661417323, 0.0, 0.1, 3.547746499495477e-06, -4.10589666229863e-08, 0.9999999958776943, 2.061153613751708e-09, 2.0611536137426984e-09, 4.248354236976191e-18, 1.2447360711343604e-17, 9.690682776731104e-08
0.4330708661417323, 0.1, 0.1, 4.609438983321735e-06, 4.1214723633875786e-08, 0.9999999936389387, 5.602796400957403e-09, 7.582560378527618e-10, 4.2483542269097186e-18, 4.8453414008129136e-09, 9.690682776731104e-08
0.448740157480315, 0.0, 0.1, -6.869884757002948e-08, -3.565542808491864e-07, 0.9999999958776989, 2.0611536139404777e-09, 2.061153613938851e-09, 4.2483542377695676e-18, 1.430281409285467e-18, 9.689082732180936e-08
0.448740157480315, 0.1, 0.1, -7.309685574156412e-09, -1.572943590627489e-07, 0.999999993638949, 5.60279640189643e-09, 7.582560379677425e-10, 4.24835422826593e-18, 4.84454136752075e-09, 9.689082732180936e-08
0.4644094488188977, 0.0, 0.1, 2.209635219320265e-06, 5.131416486737854e-08, 0.9999999958777048, 2.061153613859033e-09, 2.0611536138509685e-09, 4.248354237420548e-18, 1.2447360711343604e-17, 9.690285051420158e-08
0.4644094488188977, 0.1, 0.1, 3.7268100288399136e-06, -3.658197715115828e-08, 0.9999999936389512, 5.60279640119084e-09, 7.582560378813452e-10, 4.2483542272468326e-18, 4.84514253815744e-09, 9.690285051420158e-08
0.4800787401574803, 0.0, 0.1, 8.309643185756789e-07, -6.377269095464074e-08, 0.9999999958776885, 2.0611536139306653e-09, 2.0611536139266378e-09, 4.248354237724154e-18, 1.2447440120682409e-17, 9.689507542455598e-08
0.4800787401574803, 0.1, 0.1, 2.137641552169174e-06, -1.9328307097583186e-07, 0.9999999936389546, 5.602796401647143e-09, 7.58256037937219e-10, 4.2483542279058465e-18, 4.84475378367524e-09, 9.689507542455598e-08
0.495748031496063, 0.0, 0.1, 3.9350043389310436e-05, -2.0913365970247082e-08, 0.9999999958776884, 2.0611535826002454e-09, 2.061153582533546e-09, 4.248354108441415e-18, 1.2447996089451621e-17, 4.197678608311244e-07
0.495748031496063, 0.1, 0.1, 0.0005716639033310029, 3.2874263461738415e-07, 0.9999999936389686, 5.6027774547371624e-09, 7.582537179595164e-10, 4.2483268629779506e-18, 2.098839305400422e-08, 4.197678608311244e-07
0.5114173228346457, 0.0, 0.1, 0.2101429938872164, -3.283052711518731e-08, 0.99999999738926, 1.3053661755028686e-09, 1.3053658070443624e-09, 1.7039803756223603e-18, 6.938893955606017e-18, 0.047395234627004464
0.5114173228346457, 0.1, 0.1, 0.2204134727045516, -2.1787154500184883e-07, 0.9999999962246648, 3.305479274552611e-09, 4.698514098106562e-10, 1.5530841031118579e-18, 0.00236976173135023, 0.047395234627004464
0.5270866141732283, 0.0, 0.1, 0.31644655861448645, -1.2729753006182805e-07, 0.9999999986049286, 6.97533301735755e-10, 6.975321169037992e-10, 4.865518812494118e-19, 1.2924697059103995e-26, 0.09841697843084453
0.5270866141732283, 0.1, 0.1, 0.32238658439071033, -1.3263378347559608e-07, 0.9999999980175593, 1.7230214803514067e-09, 2.594135555602628e-10, 4.4697512941076815e-19, 0.0049208489215422264, 0.09841697843084453
0.5427559055118111, 0.0, 0.1, 0.3890324090298214, -2.9519620298960266e-08, 0.999999999254591, 3.7270152792939007e-10, 3.727013420839053e-10, 1.3890635975954722e-19, 1.3877787814276805e-17, 0.14221627203523562
0.5427559055118111, 0.1, 0.1, 0.39319643413156513, 1.3812830993945867e-08, 0.9999999989579013, 8.991743285423116e-10, 1.4292531048152775e-10, 1.2851477021785438e-19, 0.0071108136017617955, 0.14221627203523562
0.5584251968503937, 0.0, 0.1, 0.44531458924393463, 2.8869998858386262e-08, 0.999999999601731, 1.991375229349446e-10, 1.9913740856252407e-10, 3.965573028061902e-20, 2.7755575615628914e-17, 0.17984683004174815
0.5584251968503937, 0.1, 0.1, 0.4484446617759588, 3.2872622473428695e-08, 0.9999999994516389, 4.697631688985039e-10, 7.859738227121131e-11, 3.692215538309803e-20, 0.008992341502087435, 0.17984683004174815
0.5740944881889765, 0.0, 0.1, 0.4913981466578933, 0.0, 0.9999999997871997, 1.0640016871948726e-10, 1.0640016871948693e-10, 1.1320995905944445e-20, 2.775557561886009e-17, 0.21219260216601923
0.5740944881889765, 0.1, 0.1, 0.4938355287653739, -7.234341047926125e-08, 0.9999999997111682, 2.456836204686154e-10, 4.314912646679968e-11, 1.0601033613483622e-20, 0.01060963010830099, 0.21219260216601923
0.5897637795275591, 0.0, 0.1, 0.5303202363334855, 5.6032505988624855e-09, 0.9999999998862863, 5.685345159912982e-11, 5.6853443628304964e-11, 3.232314505933249e-21, 1.3877787813469012e-17, 0.23999914762152647
0.5897637795275591, 0.1, 0.1, 0.5322644949530086, -5.540110244420354e-08, 0.9999999998477309, 1.2861662888063802e-10, 2.3651346193447274e-11, 3.041956416353325e-21, 0.011999957381076337, 0.23999914762152647
0.6054330708661417, 0.0, 0.1, 0.5638740848100634, -3.490662854294775e-08, 0.9999999999392372, 3.0380831468484355e-11, 3.0380802505210977e-11, 9.229940408442113e-22, 1.387778780619887e-17, 0.2638906683631925
0.6054330708661417, 0.1, 0.1, 0.5654447275055979, 3.566517548671673e-08, 0.9999999999196517, 6.740071839427106e-11, 1.2946807743118497e-11, 8.726241428688176e-22, 0.013194533418159642, 0.2638906683631925
0.6211023622047245, 0.0, 0.1, 0.5932474347472194, 1.7581644046606933e-08, 0.999999999967533, 1.6231027610401137e-11, 1.6231019198495603e-11, 2.634461207642864e-22, 1.3877787806804715e-17, 0.2844111163918887
0.6211023622047245, 0.1, 0.1, 0.5945287380506192, -3.956207621320899e-08, 0.9999999999575988, 3.534302974921367e-11, 7.0762497666301186e-12, 2.5009610602548434e-22, 0.01422055581959445, 0.2844111163918887
0.6367716535433071, 0.0, 0.1, 0.6192286868332348, -6.288496847625235e-08, 0.99999999998266, 8.672466133192373e-12, 8.672448929813314e-12, 7.521151963694983e-23, 1.3877787807511534e-17, 0.3020007344145753
0.6367716535433071, 0.1, 0.1, 0.6202803372205907, 4.023145610282729e-09, 0.9999999999775816, 1.8550187272817864e-11, 3.8633911076041175e-12, 7.166662855580347e-23, 0.01510003672072878, 0.3020007344145753
0.6524409448818898, 0.0, 0.1, 0.6424203592706605, 9.903705675236245e-09, 0.999999999990743, 4.633788833817015e-12, 4.633787295009702e-12, 2.1471991826098502e-23, 1.3877787807309586e-17, 0.3170497296910835
0.6524409448818898, 0.1, 0.1, 0.6432864048434589, -1.878018714721777e-08, 0.9999999999881565, 9.743716015188887e-12, 2.106935301645867e-12, 2.052937924185724e-23, 0.01585248648455419, 0.3170497296910835
0.6681102362204725, 0.0, 0.1, 0.6632716725471864, -6.798371922746455e-08, 0.999999999995057, 2.475883094942834e-12, 2.475877127835673e-12, 6.1299823259943486e-24, 1.3877787807965918e-17, 0.329888541780996
0.6681102362204725, 0.1, 0.1, 0.6639859374502526, -8.889265464070707e-09, 0.999999999993725, 5.121684588831049e-12, 1.1478553668926159e-12, 5.878953142857847e-24, 0.016494427089049815, 0.329888541780996
0.6837795275590551, 0.0, 0.1, 0.6821322973102062, -8.962236534404843e-09, 0.9999999999973577, 1.3228901153578039e-12, 1.3228896729584811e-12, 1.7500376720703307e-24, 1.3877787807801835e-17, 0.34080083366433717
0.6837795275590551, 0.1, 0.1, 0.6827212969885771, -4.035731351747897e-08, 0.999999999996677, 2.693980808018332e-12, 6.247546164637783e-13, 1.683076946479838e-24, 0.017040041683216874, 0.34080083366433717
0.6994488188976378, 0.0, 0.1, 0.6992805767446171, -5.444777832652109e-08, 0.9999999999985797, 7.068363285440591e-13, 7.06834822646047e-13, 4.99616530926934e-25, 1.387778780777028e-17, 0.35003077068876737
0.6994488188976378, 0.1, 0.1, 0.6997651557499988, -2.7874459363971446e-08, 0.9999999999982435, 1.4179280113672481e-12, 3.3974215427234177e-13, 4.817299171858555e-25, 0.017501538534438383, 0.35003077068876737
0.7151181102362205, 0.0, 0.1, 0.7149419662305945, 2.8751561296888384e-08, 0.9999999999992345, 3.7767140760676634e-13, 3.7767096347338776e-13, 1.426355243873073e-25, 1.387778780782708e-17, 0.357789187528145
0.7151181102362205, 0.1, 0.1, 0.7153387981129333, -1.6773127013469635e-08, 0.9999999999990696, 7.467529329587679e-13, 1.846013659388635e-13, 1.3785161144317071e-25, 0.017889459376407263, 0.357789187528145
0.7307874015748032, 0.0, 0.1, 0.7293018329107099, -1.5104146649931796e-08, 0.9999999999995993, 2.0179503032920794e-13, 2.017949003737745e-13, 4.0721208041222035e-26, 2.7755575615605248e-17, 0.36425864412549136
0.7307874015748032, 0.1, 0.1, 0.7296246966722113, -1.7818042095971796e-08, 0.9999999999995143, 3.9350132142024776e-13, 1.0022790805994876e-13, 3.9439814264796027e-26, 0.018212932206274596, 0.36425864412549136
0.7464566929133859, 0.0, 0.1, 0.7425146378107657, 6.491897660546928e-08, 0.9999999999997837, 1.0782207517277103e-13, 1.0782176480405033e-13, 1.162556642996554e-26, 1.3877787807814457e-17, 0.3695974713109283
0.7464566929133859, 0.1, 0.1, 0.7427746549315953, -7.363958545625064e-08, 0.9999999999997409, 2.074672301139619e-13, 5.437937511712229e-14, 1.128193833088061e-26, 0.01847987356554643, 0.3695974713109283
0.7621259842519685, 0.0, 0.1, 0.7547102967415759, 1.0031823038058234e-07, 0.9999999999998859, 5.761098272909036e-14, 5.761071679084251e-14, 3.319010010048071e-27, 1.387778780781209e-17, 0.37394342151263615
0.7621259842519685, 0.1, 0.1, 0.7549167777662649, 3.1259611469781647e-08, 0.9999999999998621, 1.0943930220624082e-13, 2.948432114103789e-14, 3.2267435317003508e-27, 0.018697171075631822, 0.37394342151263615
0.7777952755905512, 0.0, 0.1, 0.7659991553360469, -2.0964810772056464e-08, 0.999999999999942, 3.0782421942934997e-14, 3.0782391183611024e-14, 9.475565538264414e-28, 9.860761315262872e-31, 0.37741655343716707
0.7777952755905512, 0.1, 0.1, 0.7661599107287629, 3.268940707094894e-08, 0.9999999999999252, 5.775717247665628e-14, 1.5976373723334662e-14, 9.2275017269023e-28, 0.018870827671858353, 0.37741655343716707
0.7934645669291339, 0.0, 0.1, 0.7764759621810834, -8.729209747418172e-08, 0.9999999999999633, 1.644754255856153e-14, 1.644747179327286e-14, 2.7052049230060418e-28, 1.387778780781495e-17, 0.38012175169744733
0.7934645669291339, 0.1, 0.1, 0.7765974298571819, 1.348241236521271e-10, 0.9999999999999639, 3.0495499992038183e-14, 8.651910209091691e-15, 2.6384432771248455e-28, 0.01900608758487238, 0.38012175169744733
0.8091338582677166, 0.0, 0.1, 0.7862221490773199, -4.045740500709615e-09, 0.999999999999978, 8.78817236748962e-15, 8.788170558017205e-15, 7.723195765875255e-29, 1.9721522630525155e-31, 0.3821508152837107
0.8091338582677166, 0.1, 0.1, 0.786309922265852, -6.68253495050196e-08, 0.9999999999999796, 1.6108400553085954e-14, 4.682826631661743e-15, 7.543284710346601e-29, 0.019107540764185537, 0.3821508152837107
0.8248031496062993, 0.0, 0.1, 0.7953087325362462, 6.482165091727994e-08, 0.9999999999999933, 4.695662204167839e-15, 4.69564623096251e-15, 2.2049168530874135e-29, 3.2047474274603605e-31, 0.38358424638985433
0.8248031496062993, 0.1, 0.1, 0.7953673620288547, 4.2343901182869685e-08, 0.9999999999999923, 8.512297923220683e-15, 2.533269190915836e-15, 2.1563942072791823e-29, 0.019179212319492718, 0.38358424638985433
0.8404724409448819, 0.0, 0.1, 0.8037975059297455, 1.421576824821678e-07, 0.9999999999999873, 2.508970110942123e-15, 2.508950834621541e-15, 6.2948826538886856e-30, 1.232595164407831e-32, 0.3844927790497685
0.8404724409448819, 0.1, 0.1, 0.8038310705976839, -7.676318289219601e-08, 0.9999999999999968, 4.499958047589705e-15, 1.3697572638012104e-15, 6.163850222486753e-30, 0.019224638952488424, 0.3844927790497685
0.8561417322834646, 0.0, 0.1, 0.811742863142241, 1.7238576655381634e-07, 0.9999999999999972, 1.3405807831414205e-15, 1.340567934821779e-15, 1.797139611917643e-30, 1.3877787807814358e-17, 0.3849386509521025
0.8561417322834646, 0.1, 0.1, 0.8117546527664592, -3.5395803331773577e-10, 1.0000000000000062, 2.3797467083880293e-15, 7.403018443989289e-16, 1.7617308774219487e-30, 0.01924693254760514, 0.3849386509521025
0.8718110236220473, 0.0, 0.1, 0.8191926344546013, 7.806258348056705e-08, 1.000000000000003, 7.162909942326103e-16, 7.162877995350907e-16, 5.1307050008568e-31, 1.3877787807814441e-17, 0.3849767308776571
0.8718110236220473, 0.1, 0.1, 0.8191856963763524, -9.912518569897534e-08, 1.000000000000002, 1.258937064745448e-15, 3.9993243071071366e-16, 5.034897604154564e-31, 0.01924883654388287, 0.3849767308776571
0.88748031496063, 0.0, 0.1, 0.8261893626661647, 1.719682306903264e-07, 0.9999999999999977, 3.8272589607629254e-16, 3.8272203541115096e-16, 1.4647763395087722e-31, 1.3877787807814452e-17, 0.38465545321948075
0.88748031496063, 0.1, 0.1, 0.826166162805249, 1.5917541424880758e-07, 1.000000000000002, 6.6622676748236755e-16, 2.1596756615411448e-16, 1.4388337347989029e-31, 0.019232772660974052, 0.38465545321948075
0.9031496062992126, 0.0, 0.1, 0.8327707963930521, -5.086450550043368e-07, 0.9999999999999988, 2.0449804733752855e-16, 2.0449178880569426e-16, 4.1818171507322953e-32, 6.933347799794049e-33, 0.3840176384591957
0.9031496062992126, 0.1, 0.1, 0.8327334982743633, 1.5704534788777907e-07, 0.9999999999999954, 3.526774644261576e-16, 1.1657998085110212e-16, 4.1115132049416516e-32, 0.019200881922959784, 0.3840176384591957
0.9188188976377953, 0.0, 0.1, 0.8389706255537929, -3.1881819612081486e-07, 1.0000000000000058, 1.0926566161615969e-16, 1.0926351334473628e-16, 1.1938750076118655e-32, 1.3877787807814455e-17, 0.383101192425977
0.9188188976377953, 0.1, 0.1, 0.8389211366001569, -2.459530644859822e-07, 0.9999999999999931, 1.8675157809224624e-16, 6.290741047058693e-17, 1.1748058179078927e-32, 0.019155059621298865, 0.383101192425977
0.934488188976378, 0.0, 0.1, 0.8448190650817586, 2.3830299256164903e-07, 0.9999999999999991, 5.838206684849661e-17, 5.838118816358255e-17, 3.408414430060829e-33, 1.5407439555097887e-33, 0.38193970881084566
0.934488188976378, 0.1, 0.1, 0.8447590957053095, -7.827397101147079e-07, 1.0000000000000084, 9.891786892386805e-17, 3.3933562611315555e-17, 3.356635698505977e-33, 0.019096985440542284, 0.38193970881084566
0.9501574803149606, 0.0, 0.1, 0.8503432240055815, -1.3191117739894516e-07, 0.9999999999999907, 3.119428659965581e-17, 3.119402062845305e-17, 9.73075219679537e-34, 1.3877787807814454e-17, 0.38056300994327014
0.9501574803149606, 0.1, 0.1, 0.8502741635031228, -5.469372686804778e-07, 1.0000000000000029, 5.240892404165787e-17, 1.8298542579275748e-17, 9.590069281103228e-34, 0.019028150497163523, 0.38056300994327014
0.9658267716535434, 0.0, 0.1, 0.8555675852507083, -9.806616859327281e-08, 1.0000000000000009, 1.666753959120158e-17, 1.666743153919587e-17, 2.7780507506318837e-34, 4.333342374871281e-34, 0.37899757212008434
0.9658267716535434, 0.1, 0.1, 0.8554907467262531, -8.125390817772176e-07, 1.0000000000000087, 2.777464168597126e-17, 9.86434676777332e-18, 2.739786969410854e-34, 0.01894987860600422, 0.37899757212008434
0.981496062992126, 0.0, 0.1, 0.8605142591483311, -5.3144034098183474e-08, 0.9999999999999909, 8.905687741799131e-18, 8.905655763319422e-18, 7.931098936407715e-35, 1.3877787807814457e-17, 0.3772669577828747
0.981496062992126, 0.1, 0.1, 0.8604306585582905, -4.427063552635948e-07, 1.0000000000000002, 1.4723164881669215e-17, 5.316104292288555e-18, 7.826988002351547e-35, 0.01886334788914375, 0.3772669577828747
0.9971653543307087, 0.0, 0.1, 0.865203257791454, 3.833997827834218e-07, 1.0000000000000024, 4.758486933742192e-18, 4.7583610150220885e-18, 2.264259871601099e-35, 1.2037062152420224e-34, 0.375392120252977
0.9971653543307087, 0.1, 0.1, 0.8651138885711152, -2.9377573283247632e-08, 1.0000000000000073, 7.806512604272995e-18, 2.8641569129294398e-18, 2.2359077041399456e-35, 0.018769606012648852, 0.375392120252977
1.0128346456692914, 0.0, 0.1, 0.8696527493130096, 1.1770864531264545e-07, 1.0, 2.5425030428409344e-18, 2.5424819544986463e-18, 6.464268105680985e-36, 2.407412430484045e-35, 0.3733917375890315
1.0128346456692914, 0.1, 0.1, 0.8695584520863177, -5.525788280370904e-07, 1.0, 4.140114493402385e-18, 1.5427120948832383e-18, 6.387004703173158e-36, 0.018669586879451576, 0.3733917375890315
1.0285039370078741, 0.0, 0.1, 0.8738792894313521, -8.403985685369674e-08, 0.999999999999999, 1.358493566780531e-18, 1.3584853578049935e-18, 1.8454936191436497e-36, 1.504632769052528e-35, 0.3712824539976317
1.0285039370078741, 0.1, 0.1, 0.8737808206770901, 3.467714797816114e-08, 1.0000000000000047, 2.1961521290520195e-18, 8.307357492880802e-19, 1.8244220844786077e-36, 0.018564122699881586, 0.3712824539976317
1.0441732283464566, 0.0, 0.1, 0.8778979594063997, 6.755718897962295e-07, 1.0000000000000042, 7.25878552586505e-19, 7.258425916197051e-19, 5.2687356981056026e-37, 1.3877787807814457e-17, 0.3690791217215101
1.0441732283464566, 0.1, 0.1, 0.8777959841737853, -5.841576156191903e-07, 0.9999999999999993, 1.1652082347423756e-18, 4.472355458689363e-19, 5.211225409159809e-37, 0.01845395608607552, 0.3690791217215101
1.0598425196850394, 0.0, 0.1, 0.8817225954356507, 2.070991185301339e-07, 1.000000000000002, 3.878406287398723e-19, 3.8783462403740227e-19, 1.5041802443375137e-37, 1.3877787807814457e-17, 0.3667949909590487
1.0598425196850394, 0.1, 0.1, 0.8816177008721261, 1.3947465887552203e-07, 1.0000000000000036, 6.183457022819009e-19, 2.407184707946184e-19, 1.4884723187573151e-37, 0.01833974954795245, 0.3667949909590487
1.0755118110236221, 0.0, 0.1, 0.8853658344130347, -6.391204822807029e-07, 0.9999999999999999, 2.0723212995417062e-19, 2.0722204074347706e-19, 4.294306487672007e-38, 4.137740114894452e-36, 0.36444190631374496
1.0755118110236221, 0.1, 0.1, 0.8852584862038954, 4.139331029106034e-08, 0.9999999999999942, 3.2820344443485183e-19, 1.295351544864666e-19, 4.251388387785789e-38, 0.018222095315687248, 0.36444190631374496
1.0911811023622047, 0.0, 0.1, 0.8888392900367028, -8.474497318973983e-07, 0.9999999999999991, 1.1072786884010149e-19, 1.1072058824842926e-19, 1.2259854773470965e-38, 9.4039548065783e-37, 0.36203044012350166
1.0911811023622047, 0.1, 0.1, 0.8887298997980939, -7.962868571844075e-08, 1.0000000000000095, 1.742348984881071e-19, 6.969071830804288e-20, 1.214255522996548e-38, 0.018101522006175083, 0.36203044012350166
1.1068503937007874, 0.0, 0.1, 0.8921535927680583, 2.5973011517205643e-06, 0.9999999999999953, 5.916752540158224e-20, 5.915538649162138e-20, 3.5000778328833144e-39, 2.162909605513009e-36, 0.35957002884055095
1.1068503937007874, 0.1, 0.1, 0.8920426406187602, -1.3396663667621557e-07, 0.9999999999999939, 9.251295674858516e-20, 3.748640214764086e-20, 3.4679779005447654e-39, 0.017978501442027547, 0.35957002884055095
1.1225196850393702, 0.0, 0.1, 0.8953185245376404, 1.0380287513283666e-06, 1.000000000000006, 3.161213058526903e-20, 3.1609492392370096e-20, 9.99243401241683e-40, 1.3877787807814457e-17, 0.35706914162094344
1.1225196850393702, 0.1, 0.1, 0.8952063357147539, -2.0808993769395596e-06, 0.9999999999999981, 4.912976835522558e-20, 2.0159986430232715e-20, 9.904554633618651e-40, 0.017853457081047186, 0.35706914162094344
1.138188976377953, 0.0, 0.1, 0.8983431501427614, -1.74344127593403e-07, 1.000000000000004, 1.689024315592883e-20, 1.6890002283683086e-20, 2.8527624547558833e-40, 1.3877787807814457e-17, 0.3545353095040807
1.138188976377953, 0.1, 0.1, 0.8982301261553931, -6.436399429065738e-07, 1.000000000000003, 2.609494420661276e-20, 1.083990977921718e-20, 2.8286684089339956e-40, 0.017726765475204048, 0.3545353095040807
1.1538582677165354, 0.0, 0.1, 0.9012358938329912, 3.440818693085575e-08, 1.000000000000001, 9.024637498334497e-21, 9.024611665511263e-21, 8.144384884447835e-41, 2.350988701644575e-38, 0.35197531726075465
1.1538582677165354, 0.1, 0.1, 0.9011221333952576, 1.8150026221390057e-06, 0.9999999999999984, 1.3862397894279914e-20, 5.8275621942526526e-21, 8.078398589038932e-41, 0.017598765863037734, 0.35197531726075465
1.1695275590551182, 0.0, 0.1, 0.904004452702168, 1.549604438959176e-06, 0.9999999999999979, 4.822293921230905e-21, 4.821661921225846e-21, 2.3251470972957064e-41, 1.2342690683634019e-37, 0.3493951632042575
1.1695275590551182, 0.1, 0.1, 0.9038902762510933, -2.307769676818695e-06, 0.9999999999999958, 7.365191909291588e-21, 3.1323714440486904e-21, 2.3070516816602946e-41, 0.017469758160212876, 0.3493951632042575
1.185196850393701, 0.0, 0.1, 0.9066570417695374, 4.5135550508381676e-07, 1.0000000000000033, 2.576378795846323e-21, 2.5762788319641123e-21, 6.637470154859767e-42, 1.6456920911512025e-37, 0.34680026298333333
1.185196850393701, 0.1, 0.1, 0.9065415571920045, 9.91799387961067e-08, 0.9999999999999982, 3.91375219227269e-21, 1.6834102755097985e-21, 6.588450656270951e-42, 0.017340013149166666, 0.34680026298333333
1.2008661417322835, 0.0, 0.1, 0.9091970316592136, -1.0036902236926062e-06, 1.0000000000000062, 1.376694038941045e-21, 1.37657335188756e-21, 1.8951203277086114e-42, 3.8203566401724344e-38, 0.34419543427332067
1.2008661417322835, 0.1, 0.1, 0.9090825995562527, -1.813650842441645e-06, 1.0000000000000033, 2.080001405875276e-21, 9.04564932458824e-22, 1.881496331219862e-42, 0.017209771713666035, 0.34419543427332067
1.2165354330708662, 0.0, 0.1, 0.9116338903250826, -1.748125258062037e-06, 0.9999999999999992, 7.356115619085735e-22, 7.354974784641302e-22, 5.410404489128109e-43, 1.4693679385278594e-39, 0.34158488079731136
1.2165354330708662, 0.1, 0.1, 0.9115200857614646, -2.1196080054945615e-06, 1.0000000000000084, 1.1055598462788664e-21, 4.859761826999262e-22, 5.372757538409161e-43, 0.01707924403986557, 0.34158488079731136
1.232204724409449, 0.0, 0.1, 0.913972226565159, 1.1392945374320578e-06, 1.0000000000000024, 3.930374876774827e-22, 3.9299714603649903e-22, 1.544626109426027e-43, 1.3877787807814457e-17, 0.33897309497580935
1.232204724409449, 0.1, 0.1, 0.9138562308768495, -8.622000183119309e-07, 0.9999999999999855, 5.877810408775256e-22, 2.6108722059292074e-22, 1.5346211827992553e-43, 0.01694865474879048, 0.33897309497580935
1.2478740157480315, 0.0, 0.1, 0.9162174096857607, 1.8386207977093976e-08, 0.9999999999999906, 2.0999480801178802e-22, 2.0999445486144414e-22, 4.4097745232170243e-44, 4.040761830951613e-39, 0.33636209718055177
1.2478740157480315, 0.1, 0.1, 0.9161038533359717, 3.924083544763214e-07, 0.9999999999999968, 3.124741125514773e-22, 1.402196749259733e-22, 4.381501848474857e-44, 0.01681810485902759, 0.33636209718055177
1.2635433070866142, 0.0, 0.1, 0.9183744017219142, 2.977128011297817e-07, 0.9999999999999907, 1.122045778021898e-22, 1.1220147680071828e-22, 1.2589519333207578e-44, 1.4693679385278594e-39, 0.33375661815560353
1.2635433070866142, 0.1, 0.1, 0.9182590160164523, -2.3114432188897386e-08, 0.9999999999999947, 1.6616990629416632e-22, 7.531146641447475e-23, 1.2514499316969902e-44, 0.016687830907780178, 0.33375661815560353
1.279212598425197, 0.0, 0.1, 0.9204457677012939, 6.883614236443233e-07, 1.0000000000000013, 5.995940625257964e-23, 5.995551856361602e-23, 3.594897294639877e-45, 5.510129769479473e-40, 0.3311580247837538
1.279212598425197, 0.1, 0.1, 0.9203334094169008, 2.721961980232246e-07, 1.0000000000000033, 8.83663616004744e-23, 4.043940328394428e-23, 3.5734829334964196e-45, 0.01655790123918769, 0.3311580247837538
1.2948818897637795, 0.0, 0.1, 0.92244027178113, 1.4593141628631463e-06, 1.0000000000000036, 3.2037922867802414e-23, 3.2033455600172495e-23, 1.0262853797074812e-45, 1.8367099231598242e-40, 0.3285692508417029
1.2948818897637795, 0.1, 0.1, 0.9223286136834487, -1.5935915408250648e-06, 1.0000000000000004, 4.6997089656572296e-23, 2.171180534783976e-23, 1.0203916625384415e-45, 0.016428462542085145, 0.3285692508417029
1.3105511811023622, 0.0, 0.1, 0.924359515044103, 2.756681839822315e-07, 0.9999999999999972, 1.7117183466860726e-23, 1.7116726169540838e-23, 2.9299014219605382e-46, 2.5254761443447583e-40, 0.3259924428640033
1.3105511811023622, 0.1, 0.1, 0.9242486333843567, -9.699013938658831e-07, 1.0000000000000022, 2.4997894536554655e-23, 1.1655675183153588e-23, 2.9136733898082368e-46, 0.016299622143200167, 0.3259924428640033
1.326220472440945, 0.0, 0.1, 0.9262073713392356, 1.606190595848898e-06, 0.9999999999999974, 9.146461535289088e-24, 9.145017990058871e-24, 8.364455528560187e-47, 9.183549615799121e-41, 0.32342947828315294
1.326220472440945, 0.1, 0.1, 0.9260973331129234, 1.5452439548150556e-06, 1.0000000000000073, 1.3297838111183065e-23, 6.2564703001808316e-24, 8.319752919922959e-47, 0.016171473914157648, 0.32342947828315294
1.3418897637795275, 0.0, 0.1, 0.9279873272569413, -1.6451867595144153e-06, 1.000000000000003, 4.8870642568324494e-24, 4.8862633592014525e-24, 2.3879483012224505e-47, 2.697667699640992e-40, 0.32088203280676836
1.3418897637795275, 0.1, 0.1, 0.9278782391785377, 9.072502879167581e-07, 0.9999999999999973, 7.074611354563578e-24, 3.35794754427125e-24, 2.3756173824729324e-47, 0.01604410164033842, 0.32088203280676836
1.3575590551181103, 0.0, 0.1, 0.9297027742033551, 8.252643909891276e-07, 0.9999999999999984, 2.6111039198339794e-24, 2.610886353133856e-24, 6.817295590909035e-48, 1.3877787807814457e-17, 0.31835158725078055
1.3575590551181103, 0.1, 0.1, 0.929594635314996, 4.628999641679044e-07, 1.0000000000000002, 3.76415453982117e-24, 1.8020777060567262e-24, 6.783298978363824e-48, 0.01591757936253904, 0.31835158725078055
1.373228346456693, 0.0, 0.1, 0.9313568426779418, -5.435373107756962e-07, 0.9999999999999953, 1.3951200711319389e-24, 1.395042486075864e-24, 1.9462517724062728e-48, 1.3877787807814457e-17, 0.31583938612560275
1.373228346456693, 0.1, 0.1, 0.9312498783685565, -5.407599592703298e-08, 1.0000000000000002, 2.002944428829866e-24, 9.669957789250577e-25, 1.9368388081000715e-48, 0.015791969306280153, 0.31583938612560275
1.3888976377952755, 0.0, 0.1, 0.9329524313785773, -3.3290285223220756e-07, 0.9999999999999913, 7.454201081674274e-25, 7.453943846024696e-25, 5.5563196279776295e-49, 1.3877787807814457e-17, 0.31334668460860676
1.3888976377952755, 0.1, 0.1, 0.9328462890947927, 6.000862129827595e-08, 0.99999999999999, 1.0659067380666144e-24, 5.1885028534231325e-25, 5.530460151941587e-49, 0.015667334230430353, 0.31334668460860676
1.4045669291338583, 0.0, 0.1, 0.934492303410281, -8.027198782008631e-07, 1.000000000000001, 3.982965970250817e-25, 3.9826302629923525e-25, 1.5862680809590149e-49, 1.3877787807814457e-17, 0.3108743448149659
1.4045669291338583, 0.1, 0.1, 0.9343872208764846, 1.7109146693071593e-06, 0.9999999999999983, 5.6728811178869085e-25, 2.7836472102305317e-25, 1.5791299697774537e-49, 0.015543717240748309, 0.3108743448149659
1.420236220472441, 0.0, 0.1, 0.9359790929950644, 9.56757960097836e-08, 0.999999999999997, 2.128065063132485e-25, 2.128043410947834e-25, 4.528614835667383e-50, 2.5111268480700722e-42, 0.3084232544442107
1.420236220472441, 0.1, 0.1, 0.935875092435377, -2.911346543037651e-07, 1.0000000000000109, 3.0194296615790344e-25, 1.49329695963892e-25, 4.508905133479464e-50, 0.015421162722210537, 0.3084232544442107
1.4359055118110238, 0.0, 0.1, 0.9374153195159518, -2.869514914336659e-08, 0.9999999999999947, 1.1370399201952262e-25, 1.1370364067630596e-25, 1.292855785204883e-50, 7.084965035626275e-42, 0.30599415248140704
1.4359055118110238, 0.1, 0.1, 0.9373123167712205, 1.3875321102944471e-06, 0.99999999999999, 1.607246060709566e-25, 8.01013718648901e-26, 1.28742614387277e-50, 0.015299707624070354, 0.30599415248140704
1.4515748031496063, 0.0, 0.1, 0.9388029363050382, -1.7191300283586807e-07, 0.9999999999999984, 6.075438363546111e-26, 6.075324499580223e-26, 3.6910259535740925e-51, 1.210721873176642e-42, 0.30358763560110763
1.4515748031496063, 0.1, 0.1, 0.9387013339133335, -1.592921694968045e-08, 1.0000000000000016, 8.556015455251688e-26, 4.2962892203890065e-26, 3.675911696988068e-51, 0.015179381780055384, 0.30358763560110763
1.467244094488189, 0.0, 0.1, 0.9401444629694052, -8.919698272410688e-07, 1.0000000000000162, 3.2463212455060043e-26, 3.246001718613942e-26, 1.0537564342085571e-51, 1.3877787807814457e-17, 0.30120432746240683
1.467244094488189, 0.1, 0.1, 0.9400438580739656, -1.2751672944496595e-06, 0.9999999999999966, 4.555145586953698e-26, 2.3041925736277496e-26, 1.049593263325092e-51, 0.015060216373120355, 0.30120432746240683
1.4829133858267718, 0.0, 0.1, 0.9414415778109323, 7.564920654629744e-07, 0.999999999999996, 1.7345708387817062e-26, 1.7344242915843112e-26, 3.0084817982565e-52, 1.3877787807814457e-17, 0.2988446290282421
1.4829133858267718, 0.1, 0.1, 0.9413421318938338, -1.4899217889963189e-06, 0.9999999999999908, 2.4253193857002016e-26, 1.235698407963912e-26, 2.9969633037139505e-52, 0.01494223145141212, 0.2988446290282421
1.4985826771653543, 0.0, 0.1, 0.9426964168593726, -1.134986818568047e-06, 1.0000000000000115, 9.268457655278708e-27, 9.267268842573693e-27, 8.589328884747456e-53, 5.2128302872883195e-43, 0.2965088962458042
1.4985826771653543, 0.1, 0.1, 0.9425981207836461, 6.839739983171398e-08, 1.000000000000002, 1.2914271468822612e-26, 6.626361262164342e-27, 8.55746281900796e-53, 0.01482544481229021, 0.2965088962458042
1.514251968503937, 0.0, 0.1, 0.9439111666961715, -1.7704975567261057e-07, 0.9999999999999979, 4.952032646914756e-27, 4.951932394650758e-27, 2.4522130883625275e-53, 8.407790785948902e-45, 0.29419733135412723
1.514251968503937, 0.1, 0.1, 0.9438140775208546, -6.525927712437029e-08, 0.9999999999999993, 6.876915728068773e-27, 3.553016986225473e-27, 2.4433798394668e-53, 0.014709866567706363, 0.29419733135412723
1.5299212598425198, 0.0, 0.1, 0.9450869954262902, 1.347302517357992e-07, 1.0000000000000029, 2.6459975253574647e-27, 2.6459562887730157e-27, 7.001193792296902e-54, 1.3877787807814457e-17, 0.29190998552677416
1.5299212598425198, 0.1, 0.1, 0.9449925687004523, -1.2582266731355026e-06, 0.9999999999999888, 3.661996681019042e-27, 1.9048413707978846e-27, 6.975522777729595e-54, 0.014595499276338722, 0.29190998552677416
1.5455905511811023, 0.0, 0.1, 0.9462285279175474, 8.124107783342301e-07, 1.0000000000000084, 1.4136615900167303e-27, 1.4135272267067176e-27, 1.9982491468380552e-54, 1.3877787807814457e-17, 0.2896475001455581
1.5455905511811023, 0.1, 0.1, 0.9461329822168977, 8.828704089272034e-07, 0.9999999999999953, 1.9502853338282245e-27, 1.021213370394857e-27, 1.9916574589904382e-54, 0.01448237500727792, 0.2896475001455581
1.561259842519685, 0.0, 0.1, 0.9473319075161936, 1.7513323543323765e-07, 0.9999999999999977, 7.553296333558932e-28, 7.553139814282966e-28, 5.7051103266084906e-55, 1.3877787807814457e-17, 0.2874097567354403
1.561259842519685, 0.1, 0.1, 0.9472379933035939, -1.3063249147792862e-06, 0.9999999999999905, 1.0387363854363562e-27, 5.47448676585427e-28, 5.686548595282424e-55, 0.01437048783677203, 0.2874097567354403
1.5769291338582678, 0.0, 0.1, 0.9484015997254371, 2.038590001708332e-08, 1.0000000000000027, 4.035828481843178e-28, 4.035818638186483e-28, 1.6287871807546281e-55, 1.3877787807814457e-17, 0.285196852737574
1.5769291338582678, 0.1, 0.1, 0.9483089441519691, 4.878533938360663e-08, 0.9999999999999815, 5.532761396813518e-28, 2.9345647911914003e-28, 1.6236246793149722e-55, 0.014259842636878715, 0.285196852737574
1.5925984251968504, 0.0, 0.1, 0.9494389233927224, 6.456629265137585e-09, 0.9999999999999867, 2.1563891909786947e-28, 2.156387506769409e-28, 4.650010711159045e-56, 1.3877787807814457e-17, 0.28300876227220617
1.5925984251968504, 0.1, 0.1, 0.9493474882990712, -6.7534930110688e-08, 1.000000000000017, 2.9471371246150485e-28, 1.5729375035422851e-28, 4.63566251138849e-56, 0.014150438113610324, 0.28300876227220617
1.608267716535433, 0.0, 0.1, 0.9504456462009692, -2.3169430931666988e-07, 1.0000000000000093, 1.152154122732862e-28, 1.1521214793589212e-28, 1.327421512332467e-56, 4.11631423895415e-45, 0.2808454799468879
1.608267716535433, 0.1, 0.1, 0.9503549313044389, 2.568046254024372e-07, 1.0000000000000153, 1.5699291255575813e-28, 8.430392456981566e-29, 1.3235118658095014e-56, 0.014042273997344396, 0.2808454799468879
1.6239370078740158, 0.0, 0.1, 0.9514209063472748, 7.77378017801846e-08, 1.0000000000000004, 6.156343698834999e-29, 6.156284544738819e-29, 3.790020356523811e-57, 1.3877787807814457e-17, 0.2787070791486874
1.6239370078740158, 0.1, 0.1, 0.9513319751075882, -3.700389282477923e-08, 0.999999999999986, 8.363634981527428e-29, 4.51822738576668e-29, 3.778880461809194e-57, 0.013935353957434386, 0.2787070791486874
1.6396062992125986, 0.0, 0.1, 0.952368208034413, 6.14693606594109e-08, 0.999999999999999, 3.289396411754606e-29, 3.289371153252299e-29, 1.0820045668436426e-57, 1.3877787807814457e-17, 0.2765934067208215
1.6396062992125986, 0.1, 0.1, 0.9522801941012219, -2.3335198236953173e-08, 0.999999999999995, 4.45589146651847e-29, 2.4213808134690627e-29, 1.0789410103928056e-57, 0.01382967033604109, 0.2765934067208215
1.6552755905511811, 0.0, 0.1, 0.95328731429684, 6.139559017109584e-08, 0.999999999999991, 1.7576170417858697e-29, 1.7576034196899368e-29, 3.0891937231480625e-58, 1.0947644252537633e-47, 0.2745043969019891
1.6552755905511811, 0.1, 0.1, 0.9532005580033809, 2.976062850794112e-08, 1.0000000000000002, 2.374118806724062e-29, 1.297591542548211e-29, 3.0806364846099794e-58, 0.013725219845099454, 0.2745043969019891
1.6709448818897639, 0.0, 0.1, 0.9541806263392836, -1.1639462267722786e-07, 0.9999999999999929, 9.391000051356585e-30, 9.390860631652758e-30, 8.818957267412011e-59, 2.025314186719462e-46, 0.2724395386915518
1.6709448818897639, 0.1, 0.1, 0.9540959967128406, 5.784817912741326e-07, 1.0000000000000033, 1.264871884891675e-29, 6.952525123323518e-30, 8.79405355749526e-59, 0.01362197693457759, 0.2724395386915518
1.6866141732283466, 0.0, 0.1, 0.9550477797169837, -1.2825900128821365e-06, 1.0000000000000004, 5.018186116155662e-30, 5.017356781982703e-30, 2.5178030143144776e-59, 1.3877787807814457e-17, 0.2703995377186477
1.6866141732283466, 0.1, 0.1, 0.9549634613439563, 7.695611750180711e-08, 1.0000000000000022, 6.740300798226171e-30, 3.7255421684930255e-30, 2.511127485211794e-59, 0.0135199768859324, 0.2703995377186477
1.7022834645669291, 0.0, 0.1, 0.955890529983839, -1.2014580243138694e-08, 1.0000000000000049, 2.6810698415314647e-30, 2.6810656483233435e-30, 7.188124252885761e-60, 1.3877787807814457e-17, 0.2683834585396068
1.7022834645669291, 0.1, 0.1, 0.955807620164729, -1.1862914273087642e-07, 1.000000000000004, 3.5916768798502995e-30, 1.9960780607499094e-30, 7.169267421171868e-60, 0.013419172926980357, 0.2683834585396068
1.7179527559055119, 0.0, 0.1, 0.9567104208153516, 5.297710871558755e-07, 0.9999999999999929, 1.4325070501321268e-30, 1.4324072683448972e-30, 2.0519335105645225e-60, 2.326374403664247e-47, 0.2663915467302935
1.7179527559055119, 0.1, 0.1, 0.9566273543629583, -1.2690100501919773e-07, 0.9999999999999922, 1.9140685522081464e-30, 1.0694596431074927e-30, 2.0470190707279463e-60, 0.013319577336514676, 0.2663915467302935
1.7336220472440946, 0.0, 0.1, 0.9575065761983463, 7.248826656333826e-08, 0.9999999999999963, 7.653932417763991e-31, 7.65385874004649e-31, 5.8582117531420796e-61, 1.4710896964347445e-47, 0.2644234415608044
1.7336220472440946, 0.1, 0.1, 0.9574243388357335, -3.955236353718311e-08, 1.0000000000000007, 1.0200868752323157e-30, 5.729657772327839e-31, 5.8447486931246814e-61, 0.01322117207804022, 0.2644234415608044
1.7492913385826772, 0.0, 0.1, 0.958279406504314, 3.852371831905011e-07, 0.9999999999999927, 4.090111179842559e-31, 4.089899881171004e-31, 1.6728145228413922e-61, 1.0263416486754031e-48, 0.2624785622255885
1.7492913385826772, 0.1, 0.1, 0.9582012148953087, 2.2282695586947917e-07, 0.9999999999999954, 5.436046109555259e-31, 3.069154708317278e-31, 1.668406651177059e-61, 0.013123928111279427, 0.2624785622255885
1.76496062992126, 0.0, 0.1, 0.9590335729428676, -1.0186002205008991e-06, 0.9999999999999953, 2.185362390697123e-31, 2.185060981777931e-31, 4.7751500909569724e-62, 1.625040943736055e-48, 0.2605573514248736
1.76496062992126, 0.1, 0.1, 0.958955584914751, -5.109353288192705e-07, 1.000000000000013, 2.897262493107454e-31, 1.6440970782386099e-31, 4.763380799808078e-62, 0.01302786757124368, 0.2605573514248736
1.7806299212598427, 0.0, 0.1, 0.9597667552520617, -2.385287022663847e-07, 0.9999999999999979, 1.1675837668406199e-31, 1.1675456908824423e-31, 1.3632073957190491e-62, 1.7105694144590052e-48, 0.25865963470291053
1.7806299212598427, 0.1, 0.1, 0.9596879344240457, -6.233581690986387e-08, 0.9999999999999968, 1.544401994803387e-31, 8.80774571449157e-32, 1.360270005118171e-62, 0.012932981735145527, 0.25865963470291053
1.7962992125984252, 0.0, 0.1, 0.9604797208545631, -5.086807631066462e-08, 1.0000000000000087, 6.238601958732417e-32, 6.238558157339554e-32, 3.891988114004624e-63, 1.3877787807814457e-17, 0.2567847306437023
1.7962992125984252, 0.1, 0.1, 0.9604011387863225, -5.40335931205946e-07, 1.000000000000018, 8.232601852914577e-32, 4.7181166812270094e-32, 3.884237613213374e-63, 0.012839236532185128, 0.2567847306437023
1.811968503937008, 0.0, 0.1, 0.9611739986447433, -1.4316135419901331e-08, 0.9999999999999939, 3.333371567144309e-32, 3.3333649182146545e-32, 1.111134384129248e-63, 1.3877787807814457e-17, 0.2549321367556796
1.811968503937008, 0.1, 0.1, 0.9610971527306618, -2.3799178391759506e-07, 0.9999999999999803, 4.388126280310744e-32, 2.5269779702822015e-32, 1.1088698441159954e-63, 0.012746606837783994, 0.2549321367556796
1.8276377952755907, 0.0, 0.1, 0.9618507500911329, 1.0108308429719762e-07, 0.999999999999999, 1.7809897848626044e-32, 1.7809644671572172e-32, 3.1718795232100075e-64, 1.3877787807814457e-17, 0.25310186580324995
1.8276377952755907, 0.1, 0.1, 0.9617753587645398, -8.57129219172082e-08, 1.0000000000000162, 2.3389657151678107e-32, 1.3533222731386856e-32, 3.1653743984441447e-64, 0.012655093290162511, 0.25310186580324995
1.8433070866141732, 0.0, 0.1, 0.9625074645208858, -5.550266691795962e-07, 1.0000000000000167, 9.51753468463275e-33, 9.516784939901245e-33, 9.057633075170368e-65, 1.6036588260553174e-50, 0.2512941442834404
1.8433070866141732, 0.1, 0.1, 0.9624340191945894, -9.872326959988485e-10, 0.9999999999999896, 1.246935589663827e-32, 7.248381832475744e-33, 9.038265274386744e-65, 0.01256470721417202, 0.2512941442834404
1.858976377952756, 0.0, 0.1, 0.9631513099215031, 9.971075345405702e-07, 1.000000000000006, 5.0846315065853235e-33, 5.083905353391113e-33, 2.5849785336348997e-65, 4.276423536147513e-50, 0.24950810234485393
1.858976377952756, 0.1, 0.1, 0.9630767233874896, -5.861574413161759e-08, 0.999999999999986, 6.647339329493992e-33, 3.881778567722286e-33, 2.58034993416072e-65, 0.012475405117242697, 0.24950810234485393
1.8746456692913387, 0.0, 0.1, 0.963774865524775, -2.762180024222066e-08, 1.000000000000001, 2.7168789826922642e-33, 2.716868135778614e-33, 7.381401936842906e-66, 1.3877787807814457e-17, 0.24774368428761664
1.8746456692913387, 0.1, 0.1, 0.9637030267801826, 1.3978528048058266e-07, 0.9999999999999953, 3.543777554037296e-33, 2.078748954031398e-33, 7.366623883775061e-66, 0.012387184214380847, 0.24774368428761664
1.8903149606299212, 0.0, 0.1, 0.9643832328347398, -4.2007818798441595e-07, 1.000000000000009, 1.451787267183331e-33, 1.4516983278360676e-33, 2.1075571481437169e-66, 2.8732220633491103e-50, 0.24600070990395745
1.8903149606299212, 0.1, 0.1, 0.9643130509246612, 5.929839454735471e-08, 0.9999999999999918, 1.889353976861585e-33, 1.113189620376766e-33, 2.1032092362600027e-66, 0.012300035495197873, 0.24600070990395745
1.905984251968504, 0.0, 0.1, 0.9649777586475669, -2.6802890617464046e-08, 0.9999999999999981, 7.756460894962908e-34, 7.756430305560853e-34, 6.016244834958593e-67, 4.343242653899818e-51, 0.2442789695489172
1.905984251968504, 0.1, 0.1, 0.9649070239066126, -3.0907862751716254e-09, 1.0000000000000142, 1.0073915735511885e-33, 5.9613226908409e-34, 6.005386245972149e-67, 0.012213948477445861, 0.2442789695489172
1.9216535433070867, 0.0, 0.1, 0.9655576701028509, -1.3030744344794855e-07, 1.000000000000008, 4.144126875899043e-34, 4.1440467189878696e-34, 1.7173455383138015e-67, 2.25514522414029e-50, 0.24257774209695054
1.9216535433070867, 0.1, 0.1, 0.9654876943533354, 9.474599332750825e-08, 0.9999999999999895, 5.370928127938206e-34, 3.1919177974958168e-34, 1.7143561080635567e-67, 0.012128887104847528, 0.24257774209695054
1.9373228346456695, 0.0, 0.1, 0.9661209105197692, -9.48313451238193e-08, 0.9999999999999901, 2.2144900795879788e-34, 2.214458634976724e-34, 4.903896678813732e-68, 6.938893903907228e-18, 0.24089738592696308
1.9373228346456695, 0.1, 0.1, 0.9660524046756169, -8.388468417993646e-09, 0.9999999999999892, 2.863963695345018e-34, 1.7092181767689405e-34, 4.895138805690136e-68, 0.012044869296348161, 0.24089738592696308
1.952992125984252, 0.0, 0.1, 0.9666732678410126, 2.968820396971058e-07, 1.0000000000000053, 1.1831111678234784e-34, 1.1830581197679757e-34, 1.3996892736816414e-68, 3.75857537356715e-52, 0.2392371517201386
1.952992125984252, 0.1, 0.1, 0.9666040025246203, 2.3864940078408122e-08, 1.00000000000001, 1.5271287847382539e-34, 9.1517496751183e-35, 1.397590035959148e-68, 0.01196185758600693, 0.2392371517201386
1.9686614173228347, 0.0, 0.1, 0.9672095498558969, -2.4256430706783085e-09, 1.0000000000000073, 6.321914320943098e-35, 6.321911985028168e-35, 3.9966585913888536e-69, 6.938893903907228e-18, 0.23759689079151303
1.9686614173228347, 0.1, 0.1, 0.967142317908991, 2.203816344359794e-09, 0.999999999999988, 8.14316964993348e-35, 4.899952035988726e-35, 3.9901140705591945e-69, 0.011879844539575659, 0.23759689079151303
1.9843307086614175, 0.0, 0.1, 0.9677339726821662, 1.025693149226111e-08, 1.0000000000000113, 3.377887703527477e-35, 3.3778823809456155e-35, 1.1410107358557452e-69, 6.938893903907228e-18, 0.23597612554772932
1.9843307086614175, 0.1, 0.1, 0.9676688220506108, 2.7374358598485627e-07, 1.000000000000002, 4.341960007765733e-35, 2.623169416372418e-35, 1.1389696699483681e-69, 0.011798806277386473, 0.23597612554772932
2.0, 0.0, 0.1, 0.9682460701573682, -2.850222716352612e-08, 0.9999999999999862, 1.8048227139797434e-35, 1.8048147447194395e-35, 3.257370645795241e-70, 3.445360759103221e-52, 0.23437524609035218
2.0, 0.1, 0.1, 0.9681805760376925, 4.003934468481008e-08, 0.9999999999999868, 2.3156055947260632e-35, 1.4044928507514696e-35, 3.2522515029528574e-70, 0.01171876230451761, 0.23437524609035218
