J, B, T, Ox, Oy, p1, p2, p3, m, chi
0.01, 0.0, 0.1, 7.331124653586762e-05, 1.7329710676492204e-06, 0.9999999999998063, 9.357725900925637e-14, 9.357520037656914e-14, 3.2049291504382524e-17, 4.8247293994718135e-12
0.01, 0.1, 0.1, 7.989616639625385e-05, 6.425724266292029e-07, 0.9999999999996977, 2.543665647521883e-13, 3.442477108172789e-14, 2.4126851926509507e-13, 4.8247293994718135e-12
0.02566929133858268, 0.0, 0.1, 5.56695537840728e-07, 1.3918522065987328e-07, 0.9999999999998066, 9.357625036383592e-14, 9.35762090129366e-14, 3.204938001270807e-17, 4.398653511553028e-12
0.02566929133858268, 0.1, 0.1, 1.0087292664232855e-06, 1.555594150955738e-07, 0.9999999999997147, 2.5436656473763235e-13, 3.4424771084686395e-14, 2.199647249576641e-13, 4.398653511553028e-12
0.04133858267716536, 0.0, 0.1, 6.693757242680343e-06, 2.996073122217231e-08, 0.9999999999998117, 9.357661809576541e-14, 9.357584128229354e-14, 2.6469776446253265e-23, 4.439902023340849e-12
0.04133858267716536, 0.1, 0.1, 5.989198166860173e-06, 3.098911920327505e-07, 0.9999999999997032, 2.5436656473902205e-13, 3.442477108440471e-14, 2.2199510119351226e-13, 4.439902023340849e-12
0.057007874015748035, 0.0, 0.1, 3.962619739731471e-06, 7.653561623743112e-08, 0.9999999999998027, 9.357654683170934e-14, 9.357591254591813e-14, 3.2049397383504086e-17, 4.427997674328201e-12
0.057007874015748035, 0.1, 0.1, 3.704713058431952e-06, 1.0736249259271012e-08, 0.9999999999997151, 2.543665647386378e-13, 3.4424771084482963e-14, 2.2143193311379357e-13, 4.427997674328201e-12
0.0726771653543307, 0.0, 0.1, 4.981753154116586e-06, 5.870074206537507e-08, 0.999999999999799, 9.357673792739642e-14, 9.357572145158029e-14, 3.970466624710171e-23, 4.492640328861212e-12
0.0726771653543307, 0.1, 0.1, 5.154917106099232e-06, 8.192608783297167e-08, 0.9999999999997068, 2.5436656474082444e-13, 3.442477108403854e-14, 2.2463201648276532e-13, 4.492640328861212e-12
0.08834645669291338, 0.0, 0.1, 3.915564263173247e-06, 1.3897497961281001e-08, 0.9999999999998188, 9.357671524945013e-14, 9.357574412933449e-14, 3.970466940254533e-23, 4.473069518249057e-12
0.08834645669291338, 0.1, 0.1, 3.7673611247854635e-06, 2.041618045206375e-07, 0.999999999999717, 2.543665647401556e-13, 3.442477108417459e-14, 2.2365347595215753e-13, 4.473069518249057e-12
0.10401574803149606, 0.0, 0.1, 5.222473521771312e-07, 3.4852123747877764e-08, 0.9999999999998138, 9.357630610665452e-14, 9.357615327016423e-14, 6.6174417449806005e-24, 4.400805667046397e-12
0.10401574803149606, 0.1, 0.1, 5.190662024012402e-07, 5.5248236268388135e-08, 0.9999999999997243, 2.543665647376863e-13, 3.4424771084676146e-14, 2.200402833589373e-13, 4.400805667046397e-12
0.11968503937007874, 0.0, 0.1, 8.447474136064943e-08, 2.9939847477102044e-08, 0.9999999999998137, 9.35762447447009e-14, 9.357621463207082e-14, 3.204937835832791e-17, 4.398280228579775e-12
0.11968503937007874, 0.1, 0.1, 8.378588367864161e-08, 4.3496591813395556e-08, 0.9999999999997086, 2.5436656473762397e-13, 3.442477108468948e-14, 2.1994606080734707e-13, 4.398280228579775e-12
0.13535433070866143, 0.0, 0.1, 8.773215156012326e-08, 9.684337050927354e-09, 0.9999999999998122, 9.357624645779081e-14, 9.357621291897987e-14, 3.204937691078077e-17, 4.3983427741775785e-12
0.13535433070866143, 0.1, 0.1, 1.0086298692121138e-07, 4.3637286491534954e-08, 0.9999999999997133, 2.5436656473762477e-13, 3.442477108468885e-14, 2.1994918808578973e-13, 4.3983427741775785e-12
0.15102362204724412, 0.0, 0.1, 1.5820381344642002e-07, 7.904126863550536e-08, 0.9999999999998059, 9.357626717766732e-14, 9.357619219911289e-14, 3.204937587680185e-17, 4.398209744533182e-12
0.15102362204724412, 0.1, 0.1, 2.928043426243416e-08, 1.0706900974220661e-08, 0.9999999999997117, 2.543665647376194e-13, 3.442477108468966e-14, 2.1994253660253592e-13, 4.398209744533182e-12
0.16669291338582679, 0.0, 0.1, 3.671507885438318e-08, 3.143968131034914e-08, 0.9999999999998206, 9.357624099811477e-14, 9.357621837865471e-14, 0.0, 4.399536446236653e-12
0.16669291338582679, 0.1, 0.1, 1.6889098125192833e-07, 9.597333304042375e-08, 0.9999999999997069, 2.5436656473764345e-13, 3.4424771084685025e-14, 2.199768223118327e-13, 4.399536446236653e-12
0.18236220472440945, 0.0, 0.1, 2.3037366387733578e-07, 2.4307000194510264e-08, 0.9999999999998247, 9.357628898482583e-14, 9.357617039197427e-14, 6.617451211311463e-24, 4.399155310691878e-12
0.18236220472440945, 0.1, 0.1, 8.62984436829058e-08, 8.323891328659893e-08, 0.9999999999997184, 2.543665647376315e-13, 3.442477108468781e-14, 2.1995776554121136e-13, 4.399155310691878e-12
0.19803149606299214, 0.0, 0.1, 3.26438632638332e-07, 1.5273449229696576e-08, 0.9999999999998108, 9.357632052639547e-14, 9.357613885044336e-14, 6.6174417449806005e-24, 4.4008089158856045e-12
0.19803149606299214, 0.1, 0.1, 2.656168970386046e-07, 6.890160629192833e-08, 0.9999999999996959, 2.543665647376832e-13, 3.442477108467584e-14, 2.2004044580089766e-13, 4.4008089158856045e-12
0.21370078740157483, 0.0, 0.1, 2.545185205554733e-07, 1.04931775739766e-07, 0.9999999999998198, 9.357631226746448e-14, 9.357614710936088e-14, 3.2049384148601664e-17, 4.403333753731175e-12
0.21370078740157483, 0.1, 0.1, 4.080759200356934e-07, 4.344592257930097e-08, 0.9999999999997167, 2.5436656473779375e-13, 3.442477108465406e-14, 2.2019873707070736e-13, 4.403333753731175e-12
0.2293700787401575, 0.0, 0.1, 4.867107554208357e-07, 1.4244550284178847e-08, 0.9999999999998217, 9.35763864539573e-14, 9.35760729230206e-14, 3.204939076605603e-17, 4.402453009307513e-12
0.2293700787401575, 0.1, 0.1, 3.4301588680693204e-07, 5.895176852223704e-08, 0.9999999999997148, 2.5436656473776477e-13, 3.442477108466035e-14, 2.2015469985614172e-13, 4.402453009307513e-12
0.24503937007874016, 0.0, 0.1, 5.15975872442836e-07, 1.2850698627542825e-09, 0.9999999999998147, 9.357640715787901e-14, 9.357605221915887e-14, 6.6174417449806005e-24, 4.404007516348756e-12
0.24503937007874016, 0.1, 0.1, 3.5867764370557925e-07, 1.606077688961738e-08, 0.999999999999709, 2.543665647377963e-13, 3.4424771084653976e-14, 2.2020037582405526e-13, 4.404007516348756e-12
0.26070866141732285, 0.0, 0.1, 4.5906896877910986e-07, 2.837822968265045e-08, 0.9999999999998137, 9.357639800178531e-14, 9.357606137522522e-14, 3.2049370913724485e-17, 4.407057199888639e-12
0.26070866141732285, 0.1, 0.1, 4.4084184150144576e-07, 2.8380384112449e-08, 0.9999999999997071, 2.5436656473792234e-13, 3.4424771084628284e-14, 2.2038490936534568e-13, 4.407057199888639e-12
0.27637795275590554, 0.0, 0.1, 4.193842747566385e-07, 8.349206583935458e-09, 0.9999999999998198, 9.357639241502595e-14, 9.357606696196763e-14, 3.204936429626381e-17, 4.407470771993481e-12
0.27637795275590554, 0.1, 0.1, 4.25075020869315e-07, 3.257521316444164e-08, 0.9999999999997033, 2.54366564737934e-13, 3.442477108462522e-14, 2.2040558796397032e-13, 4.407470771993481e-12
0.29204724409448823, 0.0, 0.1, 3.659397926753221e-07, 2.9432207754149175e-08, 0.9999999999998113, 9.357638018265824e-14, 9.357607919430473e-14, 3.2049390766059186e-17, 4.400640984802541e-12
0.29204724409448823, 0.1, 0.1, 1.9872890220186184e-07, 5.8567602865036815e-08, 0.9999999999997052, 2.543665647377018e-13, 3.44247710846728e-14, 2.2006409863089312e-13, 4.400640984802541e-12
0.30771653543307087, 0.0, 0.1, 1.6985071056745192e-07, 1.4901161193847656e-08, 0.9999999999998076, 9.357630333283944e-14, 9.357615604397704e-14, 3.204937256806678e-17, 4.398537170786706e-12
0.30771653543307087, 0.1, 0.1, 7.264394160522028e-08, 1.1534377469725152e-08, 0.9999999999997085, 2.5436656473763124e-13, 3.442477108468747e-14, 2.1995890791190337e-13, 4.398537170786706e-12
0.32338582677165356, 0.0, 0.1, 1.5158361711973883e-08, 1.4110401613366495e-08, 0.9999999999998043, 9.357623908876332e-14, 9.3576220288006e-14, 3.2049377014173614e-17, 6.200688827343596e-12
0.32338582677165356, 0.1, 0.1, 5.0788005948140705e-06, 4.545949928635608e-08, 0.9999999999997133, 2.543665647991888e-13, 3.442477107217345e-14, 3.10066490744194e-13, 6.200688827343596e-12
0.33905511811023625, 0.0, 0.1, 2.547826589590187e-08, 5.628110204036795e-09, 0.9999999999998112, 9.357624210612249e-14, 9.357621727064567e-14, 1.1373780754258444e-24, 4.399317714308614e-12
0.33905511811023625, 0.1, 0.1, 7.854686510027709e-08, 1.0147926264773082e-08, 0.9999999999997156, 2.543665647376339e-13, 3.4424771084686306e-14, 2.199658857165681e-13, 4.399317714308614e-12
0.3547244094488189, 0.0, 0.1, 7.388183762053633e-07, 5.922582414392162e-08, 0.99999999999981, 9.357659873152529e-14, 9.357586064640765e-14, 3.204939738350093e-17, 4.449792456437304e-12
0.3547244094488189, 0.1, 0.1, 7.832701358612398e-07, 1.4516711794278631e-08, 0.9999999999997033, 2.543665647393795e-13, 3.442477108433133e-14, 2.225216722192487e-13, 4.449792456437304e-12
0.3703937007874016, 0.0, 0.1, 2.124434671022966e-06, 1.2526107549285746e-08, 0.9999999999998166, 9.357733420741526e-14, 9.357512517978264e-14, 7.940934827142152e-23, 4.864773596391073e-12
0.3703937007874016, 0.1, 0.1, 2.254305232510202e-06, 3.432137425823107e-08, 0.9999999999997078, 2.5436656475353427e-13, 3.442477108145447e-14, 2.43238679898963e-13, 4.864773596391073e-12
0.3860629921259843, 0.0, 0.1, 5.543621927393046e-06, 1.3204051790172866e-08, 0.9999999999997996, 9.357923379209802e-14, 9.357322566182284e-14, 3.204918562526096e-17, 7.58415068957274e-12
0.3860629921259843, 0.1, 0.1, 5.656193726763731e-06, 0.0, 0.9999999999997039, 2.543665648464445e-13, 3.44247710625666e-14, 3.792395836642623e-13, 7.58415068957274e-12
0.40173228346456696, 0.0, 0.1, 1.3716093987038627e-05, 2.4535947608979203e-08, 0.9999999999998096, 9.35839642881243e-14, 9.356849560005618e-14, 8.470329440988567e-22, 4.398879316197194e-12
0.40173228346456696, 0.1, 0.1, 1.7745232510621556e-08, 9.388382599889565e-09, 0.9999999999997135, 2.5436656473762033e-13, 3.442477108468953e-14, 2.1994396665689265e-13, 4.398879316197194e-12
0.41740157480314966, 0.0, 0.1, 6.26987765521355e-08, 1.881556574087956e-08, 0.9999999999998135, 9.357626804096389e-14, 9.357619133581743e-14, 3.204938001270807e-17, 4.398379373844047e-12
0.41740157480314966, 0.1, 0.1, 3.691785839948509e-08, 1.4896832808789738e-08, 0.9999999999997142, 2.543665647376259e-13, 3.442477108468864e-14, 2.1995101807221507e-13, 4.398379373844047e-12
0.4330708661417323, 0.0, 0.1, 6.982185631565046e-08, 2.1992205695080572e-08, 0.9999999999998017, 9.357627418710696e-14, 9.357618518967875e-14, 3.308709828437627e-24, 4.399658831193881e-12
0.4330708661417323, 0.1, 0.1, 7.661194443241408e-08, 2.641053711363117e-08, 0.9999999999997123, 2.5436656473764714e-13, 3.442477108468411e-14, 2.199829415630028e-13, 4.399658831193881e-12
0.448740157480315, 0.0, 0.1, 1.2784588333326127e-07, 1.169375979981558e-08, 0.9999999999998195, 9.357631055100065e-14, 9.357614882582283e-14, 3.204938414859851e-17, 4.4010847384484615e-12
0.448740157480315, 0.1, 0.1, 1.4515884540221063e-07, 2.019364163099455e-08, 0.9999999999997072, 2.543665647377172e-13, 3.442477108466969e-14, 2.200862863065717e-13, 4.4010847384484615e-12
0.4644094488188977, 0.0, 0.1, 5.549198090072215e-07, 3.3320681529190364e-08, 0.9999999999998166, 9.357659207338529e-14, 9.357586730450484e-14, 3.204934444394488e-17, 4.419052288972884e-12
0.4644094488188977, 0.1, 0.1, 3.8005257649509827e-07, 1.7274925364007115e-08, 0.9999999999997126, 2.5436656473833084e-13, 3.4424771084545006e-14, 2.2098466379308815e-13, 4.419052288972884e-12
0.4800787401574803, 0.0, 0.1, 1.0841800957443531e-06, 4.197147658340554e-09, 0.9999999999998186, 9.357696028087387e-14, 9.357549910045808e-14, 3.2049397383491465e-17, 4.592468948236365e-12
0.4800787401574803, 0.1, 0.1, 1.1229138526268117e-06, 2.5420163818953343e-08, 0.9999999999997194, 2.5436656474425767e-13, 3.442477108334124e-14, 2.2965549680920176e-13, 4.592468948236365e-12
0.495748031496063, 0.0, 0.1, 2.4349271266168497e-06, 8.665447433080053e-09, 0.9999999999998118, 9.357792406286544e-14, 9.357453533844639e-14, 3.2049238564820165e-17, 5.446056381565712e-12
0.495748031496063, 0.1, 0.1, 2.526112898718568e-06, 5.009176745693782e-09, 0.9999999999997183, 2.543665647734136e-13, 3.442477107741375e-14, 2.7233486831685043e-13, 5.446056381565712e-12
0.5114173228346457, 0.0, 0.1, 5.072341238635501e-06, 5.1049621544129835e-08, 0.999999999999801, 9.357987109259237e-14, 9.35725883975334e-14, 2.1175823365813146e-22, 9.111012189167126e-12
0.5114173228346457, 0.1, 0.1, 5.19244219505824e-06, 5.7020851667418e-08, 0.9999999999997081, 2.5436656489857815e-13, 3.442477105196897e-14, 4.555506096701145e-13, 9.111012189167126e-12
0.5270866141732283, 0.0, 0.1, 1.0382504921017293e-05, 3.181337323732656e-09, 0.9999999999997948, 9.358391132973698e-14, 9.356854855146381e-14, 6.352747072852816e-22, 2.5277684710474107e-11
0.5270866141732283, 0.1, 0.1, 1.060547238959349e-05, 4.242791534964984e-08, 0.9999999999996999, 2.543665654507976e-13, 3.442477093970943e-14, 1.2638842361589802e-12, 2.5277684710474107e-11
0.5427559055118111, 0.0, 0.1, 4.2913958062190075e-08, 1.2171964502992562e-08, 0.9999999999998181, 9.357626367142741e-14, 9.357619570535172e-14, 3.204937587680816e-17, 4.398978338678806e-12
0.5427559055118111, 0.1, 0.1, 5.8158010600333404e-08, 2.4450651353161126e-08, 0.9999999999997113, 2.5436656473764643e-13, 3.4424771084684565e-14, 2.1998096630981713e-13, 4.398978338678806e-12
0.5584251968503937, 0.0, 0.1, 2.2008744380417234e-08, 1.0668674854279324e-08, 0.9999999999998166, 9.35762488594842e-14, 9.357621051728739e-14, 8.271932343275112e-25, 4.400404287823562e-12
0.5584251968503937, 0.1, 0.1, 8.660865561481619e-08, 5.129990203338634e-09, 0.9999999999997048, 2.543665647376719e-13, 3.4424771084678904e-14, 2.2002021439200528e-13, 4.400404287823562e-12
0.5740944881889765, 0.0, 0.1, 7.466602057620039e-08, 4.11008603773568e-09, 0.9999999999998137, 9.357628994715833e-14, 9.357616942964179e-14, 4.9630962970926496e-24, 4.401322068182512e-12
0.5740944881889765, 0.1, 0.1, 1.0393655599548533e-07, 2.2072533159808527e-08, 0.9999999999997032, 2.543665647377031e-13, 3.442477108467243e-14, 2.200661034140887e-13, 4.401322068182512e-12
0.5897637795275591, 0.0, 0.1, 4.192433282005628e-07, 6.316294873295338e-08, 0.9999999999998092, 9.357658066284487e-14, 9.357587871497467e-14, 3.2049397383485154e-17, 4.4337295027660924e-12
0.5897637795275591, 0.1, 0.1, 3.9022672467878684e-07, 2.505405451431387e-08, 0.999999999999711, 2.543665647388315e-13, 3.442477108444301e-14, 2.2171852453568813e-13, 4.4337295027660924e-12
0.6054330708661417, 0.0, 0.1, 9.080297157040308e-07, 4.204205685287073e-08, 0.9999999999998052, 9.357700217250347e-14, 9.357545720936622e-14, 3.2049317974155815e-17, 4.586916310458163e-12
0.6054330708661417, 0.1, 0.1, 8.775660136016417e-07, 2.1270715939089187e-08, 0.9999999999997036, 2.5436656474406743e-13, 3.4424771083379587e-14, 2.293778648408823e-13, 4.586916310458163e-12
0.6211023622047245, 0.0, 0.1, 1.9822943562491013e-06, 3.970950360646729e-08, 0.9999999999998017, 9.35779582255582e-14, 9.35745011767545e-14, 2.1175822734724422e-22, 5.4945481993076785e-12
0.6211023622047245, 0.1, 0.1, 2.061503504859638e-06, 3.538471386286787e-08, 0.9999999999997219, 2.54366564775047e-13, 3.442477107708128e-14, 2.747274101771422e-13, 5.4945481993076785e-12
0.6367716535433071, 0.0, 0.1, 4.469193675132139e-06, 6.956416489806771e-09, 0.9999999999998108, 9.358022433402174e-14, 9.357223517916365e-14, 2.117582399690187e-22, 9.972418169842548e-12
0.6367716535433071, 0.1, 0.1, 4.535687633827113e-06, 1.8141801219444635e-08, 0.9999999999997073, 2.543665649280031e-13, 3.4424771045987e-14, 4.986209087038857e-13, 9.972418169842548e-12
0.6524409448818898, 0.0, 0.1, 9.235980098139165e-06, 1.540771549364707e-08, 0.99999999999981, 9.358468829082655e-14, 9.356777169757498e-14, 8.470329409434131e-22, 2.930494766783456e-11
0.6524409448818898, 0.1, 0.1, 9.357831551316939e-06, 2.024647301964569e-09, 0.9999999999997173, 2.5436656558838276e-13, 3.442477091174228e-14, 1.465247384238761e-12, 2.930494766783456e-11
0.6681102362204725, 0.0, 0.1, 3.174010302241286e-08, 1.0947475657588708e-08, 0.9999999999998092, 9.357626117464945e-14, 9.35761982021281e-14, 3.204937670397615e-17, 4.401621854542617e-12
0.6681102362204725, 0.1, 0.1, 1.071176446635159e-07, 4.040564095801593e-09, 0.9999999999997093, 2.543665647377367e-13, 3.4424771084666156e-14, 2.2011314210383486e-13, 4.401621854542617e-12
0.6837795275590551, 0.0, 0.1, 6.254286390117782e-08, 4.057615165734881e-08, 0.99999999999981, 9.357630124233459e-14, 9.357615813447543e-14, 0.0, 4.402811539618142e-12
0.6837795275590551, 0.1, 0.1, 8.496365665953376e-08, 7.421161303867611e-08, 0.9999999999997037, 2.5436656473775427e-13, 3.442477108466229e-14, 2.2014057698090712e-13, 4.402811539618142e-12
0.6994488188976378, 0.0, 0.1, 8.165664979457215e-08, 3.8760997933731575e-08, 0.9999999999998039, 9.357631843051882e-14, 9.35761409463177e-14, 3.20493659506345e-17, 4.399314446384267e-12
0.6994488188976378, 0.1, 0.1, 4.7461630574445793e-08, 3.424032479400945e-08, 0.9999999999997099, 2.5436656473765875e-13, 3.442477108468238e-14, 2.1999777168516397e-13, 4.399314446384267e-12
0.7151181102362205, 0.0, 0.1, 1.2120322308009559e-07, 3.412166588019775e-09, 0.9999999999998177, 9.357635139690627e-14, 9.35761079799885e-14, 3.2049390766059186e-17, 4.4157145257732085e-12
0.7151181102362205, 0.1, 0.1, 2.1905103225346823e-07, 5.736212857173844e-08, 0.999999999999702, 2.5436656473821835e-13, 3.442477108456831e-14, 2.2081777567942648e-13, 4.4157145257732085e-12
0.7307874015748032, 0.0, 0.1, 3.3157132408847607e-07, 6.282571209355497e-08, 0.9999999999998009, 9.357657585475925e-14, 9.357588352303287e-14, 3.204935767882837e-17, 4.405161402582771e-12
0.7307874015748032, 0.1, 0.1, 1.3972004503272288e-07, 1.3705226193094769e-09, 0.999999999999703, 2.543665647378567e-13, 3.442477108464142e-14, 2.2029011948681737e-13, 4.405161402582771e-12
0.7464566929133859, 0.0, 0.1, 1.8808907613903508e-07, 3.454205195100616e-09, 0.999999999999809, 9.357642679382414e-14, 9.357603258327603e-14, 3.204935767882837e-17, 4.6820614666859555e-12
0.7464566929133859, 0.1, 0.1, 8.731818869761598e-07, 6.124119500624249e-09, 0.9999999999997072, 2.54366564747314e-13, 3.4424771082718496e-14, 2.3413512269197663e-13, 4.6820614666859555e-12
0.7621259842519685, 0.0, 0.1, 1.0374436850364211e-06, 4.226147115878678e-08, 0.9999999999998126, 9.357734042231016e-14, 9.357511896500785e-14, 1.0587911840678754e-22, 5.0925146877184e-12
0.7621259842519685, 0.1, 0.1, 1.3367585678711986e-06, 2.262065584715385e-08, 0.999999999999705, 2.5436656476131246e-13, 3.442477107987283e-14, 2.5462573449179913e-13, 5.0925146877184e-12
0.7777952755905512, 0.0, 0.1, 7.388986394463767e-07, 4.7028165952845586e-08, 0.9999999999998177, 9.357703801374103e-14, 9.357542136861544e-14, 5.293956551428101e-23, 4.631491149695639e-12
0.7777952755905512, 0.1, 0.1, 7.586647764094525e-07, 3.2313451121281884e-09, 0.9999999999997053, 2.5436656474556624e-13, 3.442477108307433e-14, 2.315745575377215e-13, 4.631491149695639e-12
0.7934645669291339, 0.0, 0.1, 7.698931228797897e-07, 6.587379295908668e-08, 0.9999999999998167, 9.357709028657466e-14, 9.35753690965249e-14, 3.204929150437937e-17, 5.1812004106933976e-12
0.7934645669291339, 0.1, 0.1, 1.364015512758676e-06, 2.905185661569963e-08, 0.9999999999997022, 2.543665647643627e-13, 3.442477107925236e-14, 2.590920698261743e-13, 5.1812004106933976e-12
0.8091338582677166, 0.0, 0.1, 1.9169266162768453e-06, 2.953679078384466e-08, 0.9999999999998095, 9.357840708687966e-14, 9.357405233041962e-14, 1.5881868076562493e-22, 5.19953178850545e-12
0.8091338582677166, 0.1, 0.1, 1.35280723255208e-06, 1.8407073666852268e-08, 0.9999999999996971, 2.543665647649691e-13, 3.442477107912976e-14, 2.5997658958409116e-13, 5.19953178850545e-12
0.8248031496062993, 0.0, 0.1, 2.3647423223524923e-06, 4.181483672207019e-08, 0.9999999999998064, 9.357896787777087e-14, 9.357349156309571e-14, 3.17637352064919e-22, 1.345963017238155e-11
0.8248031496062993, 0.1, 0.1, 4.462753501546747e-06, 1.328480914700821e-07, 0.9999999999997159, 2.54366565047119e-13, 3.442477102177254e-14, 6.729815089367149e-13, 1.345963017238155e-11
0.8404724409448819, 0.0, 0.1, 1.3968882539615118e-06, 9.817797458680929e-08, 0.9999999999998103, 9.357788170638018e-14, 9.357457769372003e-14, 1.0587912471767478e-22, 5.697285797830132e-12
0.8404724409448819, 0.1, 0.1, 1.6561680823482504e-06, 9.049566373738992e-08, 0.9999999999997039, 2.54366564781972e-13, 3.4424771075673514e-14, 2.8486428999738576e-13, 5.697285797830132e-12
0.8561417322834646, 0.0, 0.1, 1.4126156720179579e-06, 2.0882394907683866e-07, 0.9999999999998187, 9.357794571548863e-14, 9.357451368645501e-14, 1.5881867129929407e-22, 4.425471041850798e-12
0.8561417322834646, 0.1, 0.1, 2.326052805646329e-07, 1.6766550306074634e-08, 0.9999999999997063, 2.543665647385299e-13, 3.442477108450498e-14, 2.2127355225135862e-13, 4.425471041850798e-12
0.8718110236220473, 0.0, 0.1, 4.3970084770401745e-06, 7.5340153359032e-08, 0.9999999999998073, 9.358161126295242e-14, 9.357084836140063e-14, 4.235164767825938e-22, 3.259680007537923e-11
0.8718110236220473, 0.1, 0.1, 6.185276926697146e-06, 4.155550987333379e-06, 0.9999999999997099, 2.5436656570081324e-13, 3.442477088888549e-14, 1.629840004192478e-12, 3.259680007537923e-11
0.88748031496063, 0.0, 0.1, 0.49348455323288576, 1.2767402951608472e-07, 0.9999999999998989, 1.0300827180965741e-13, 5.157732381228356e-18, 6.311079834762533e-30, 0.10982309464207189
0.88748031496063, 0.1, 0.1, 0.4963177654561008, 1.6288593271778092e-08, 0.9999999999998932, 1.0819302958241431e-13, 4.354446164509211e-18, 0.005491154732103595, 0.10982309464207189
0.9031496062992126, 0.0, 0.1, 0.5510307858191177, 3.3835226942125026e-08, 0.9999999999999638, 3.877751384666022e-14, 8.258359830881612e-19, 0.0, 0.13047028803023758
0.9031496062992126, 0.1, 0.1, 0.5526647650286597, 9.126570962588574e-08, 0.9999999999999648, 4.074922594831755e-14, 7.232428909516574e-19, 0.0065235144015118795, 0.13047028803023758
0.9188188976377953, 0.0, 0.1, 0.5907784542540717, 1.4621817257744622e-07, 0.9999999999999883, 1.624297076631634e-14, 1.9350719533418682e-19, 7.888609052210118e-31, 0.14511747743669054
0.9188188976377953, 0.1, 0.1, 0.5919397856586397, 8.572642558154846e-08, 0.9999999999999866, 1.7047533859603146e-14, 1.723130388513052e-19, 0.007255873871834527, 0.14511747743669054
0.934488188976378, 0.0, 0.1, 0.6219926248989379, 1.1253642633651479e-07, 1.0000000000000036, 7.138649461896616e-15, 5.4036158438023504e-20, 1.3877787807814457e-17, 0.15667270467408956
0.934488188976378, 0.1, 0.1, 0.6228864976394987, 1.1502499882294811e-07, 0.9999999999999933, 7.48219579357662e-15, 4.8624189423973754e-20, 0.007833635233704492, 0.15667270467408956
0.9501574803149606, 0.0, 0.1, 0.6478922041083119, 5.2510358676052544e-08, 0.9999999999999949, 3.227551191361212e-15, 1.6772976738505108e-20, 1.97216730938022e-31, 0.1662031597108589
0.9501574803149606, 0.1, 0.1, 0.6486103098184279, 4.2068249877578105e-07, 0.9999999999999927, 3.378673494025577e-15, 1.5206891995180042e-20, 0.008310157985542944, 0.1662031597108589
0.9658267716535434, 0.0, 0.1, 0.670075725199449, 9.888800659156326e-08, 0.9999999999999988, 1.4867674314463204e-15, 5.594123701124999e-21, 0.0, 0.17425997962229817
0.9658267716535434, 0.1, 0.1, 0.6706682563752904, 5.158581411321593e-08, 1.0000000000000022, 1.5546347659880967e-15, 5.101291367187862e-21, 0.00871299898111491, 0.17425997962229817
0.981496062992126, 0.0, 0.1, 0.6894540904791026, 4.345095093708494e-07, 1.0000000000000033, 6.9435818590918915e-16, 1.9676587647129445e-21, 2.775557561562901e-17, 0.1811709892813842
0.981496062992126, 0.1, 0.1, 0.6899505486460118, 2.008895829032266e-07, 1.0000000000000084, 7.253475450981773e-16, 1.8028275417515485e-21, 0.009058549464069239, 0.1811709892813842
0.9971653543307087, 0.0, 0.1, 0.7066454085274174, 1.6294008995665328e-07, 1.0000000000000062, 3.2752575099101726e-16, 7.206168301827384e-22, 4.1633363423443346e-17, 0.18716283583657486
0.9971653543307087, 0.1, 0.1, 0.7070666833015247, 9.323180355172944e-07, 0.9999999999999987, 3.4184197959336043e-16, 6.628656147851743e-22, 0.009358141791828785, 0.18716283583657486
1.0128346456692914, 0.0, 0.1, 0.7220568998240797, 1.389342664623154e-07, 0.9999999999999986, 1.5571874965101597e-16, 2.726003068996533e-22, 1.1754943508222875e-38, 0.19239213719632722
1.0128346456692914, 0.1, 0.1, 0.7224179780456659, 3.050786957159141e-07, 0.9999999999999998, 1.623938881073843e-16, 2.5159970026675133e-22, 0.009619606859816362, 0.19239213719632722
1.0285039370078741, 0.0, 0.1, 0.735995167303189, 2.0343565839605852e-07, 1.0000000000000036, 7.449485974654185e-17, 1.0587171192459618e-22, 5.877471754111438e-39, 0.19697814461131408
1.0285039370078741, 0.1, 0.1, 0.736306193397689, 1.4748192346366643e-07, 0.9999999999999941, 7.763223059298853e-17, 9.80046274232182e-23, 0.009848907230565704, 0.19697814461131408
1.0441732283464566, 0.0, 0.1, 0.7486900981987347, 2.2306361582163755e-07, 1.0000000000000056, 3.581543058133706e-17, 4.2027210459023667e-23, 1.3877787807814457e-17, 0.20101312547391864
1.0441732283464566, 0.1, 0.1, 0.7489594151587567, 2.970607911183293e-07, 0.9999999999999907, 3.729898800178711e-17, 3.900569420694363e-23, 0.010050656273695946, 0.20101312547391864
1.0598425196850394, 0.0, 0.1, 0.7603129715675515, 4.305244478909042e-07, 1.000000000000005, 1.7293098783515698e-17, 1.6999089761569973e-23, 2.7755575615628914e-17, 0.20456923447415998
1.0598425196850394, 0.1, 0.1, 0.7605469560675886, 8.084242299368403e-07, 1.000000000000006, 1.7998387536564092e-17, 1.5813688319555772e-23, 0.010228461723708027, 0.20456923447415998
1.0755118110236221, 0.0, 0.1, 0.7710083877115523, 7.278690922808624e-07, 0.9999999999999899, 8.379062339234808e-18, 6.986643720819641e-24, 3.851859888774472e-34, 0.2077066477984391
1.0755118110236221, 0.1, 0.1, 0.7712119664863674, 5.596908499828896e-07, 0.9999999999999982, 8.715895587258604e-18, 6.5131262233815094e-24, 0.010385332389921955, 0.2077066477984391
1.0911811023622047, 0.0, 0.1, 0.780891133439709, 9.345845745641276e-08, 0.9999999999999952, 4.071954912130301e-18, 2.9116820038952152e-24, 1.3877787807814457e-17, 0.21047479059438004
1.0911811023622047, 0.1, 0.1, 0.7810683890401244, 5.850292558544606e-07, 1.000000000000012, 4.2334384548106614e-18, 2.7195420086594905e-24, 0.010523739529719016, 0.21047479059438004
1.1068503937007874, 0.0, 0.1, 0.7900558788993425, 3.535560045121941e-08, 1.0000000000000022, 1.9838396840451617e-18, 1.2283061812137911e-24, 9.629658905485795e-35, 0.21291518493283243
1.1068503937007874, 0.1, 0.1, 0.7902102124824737, 3.4678623681375467e-07, 1.0000000000000118, 2.0615108686648476e-18, 1.1492609129633085e-24, 0.010645759246641621, 0.21291518493283243
1.1225196850393702, 0.0, 0.1, 0.7985816387444238, 1.400436022182625e-06, 1.0000000000000053, 9.686219427627064e-19, 5.237738515314661e-25, 1.3877787807814457e-17, 0.2150625920459022
1.1225196850393702, 0.1, 0.1, 0.7987108069262322, 6.173516016988858e-07, 0.9999999999999994, 1.0062758329270206e-18, 4.909661113021275e-25, 0.010753129602295124, 0.2150625920459022
1.138188976377953, 0.0, 0.1, 0.8065318736220723, 3.5420291365071963e-07, 1.000000000000001, 4.738887910579322e-19, 2.2553207769559404e-25, 1.3877787807814457e-17, 0.21694859969625532
1.138188976377953, 0.1, 0.1, 0.8066484690155967, 6.980489819431058e-07, 1.000000000000001, 4.920064009657327e-19, 2.11672883314501e-25, 0.01084742998481278, 0.21694859969625532
1.1538582677165354, 0.0, 0.1, 0.8139720989885595, 9.250816466843478e-11, 1.0000000000000036, 2.321828794120947e-19, 9.792744909990941e-26, 1.3877787807814457e-17, 0.218598687449087
1.1538582677165354, 0.1, 0.1, 0.8140729990914513, 9.004223212952681e-07, 1.0000000000000033, 2.409624467979911e-19, 9.203694086779779e-26, 0.010929934372454365, 0.218598687449087
1.1695275590551182, 0.0, 0.1, 0.8209465235302444, 7.197969815599638e-07, 0.9999999999999964, 1.1392201084529574e-19, 4.285063434444325e-26, 6.0185296412804846e-36, 0.2200357966144003
1.1695275590551182, 0.1, 0.1, 0.8210334264740269, 6.816759153573508e-08, 0.9999999999999952, 1.1818487852654008e-19, 4.032513721985037e-26, 0.011001789830720015, 0.2200357966144003
1.185196850393701, 0.0, 0.1, 0.8274979600256827, 5.858233328617445e-08, 0.9999999999999941, 5.596705743711042e-20, 1.8881945572134108e-26, 2.152394441202919e-42, 0.22128007527016122
1.185196850393701, 0.1, 0.1, 0.8275723393737373, 1.94588564238473e-07, 0.9999999999999913, 5.804047688175894e-20, 1.7790598270777515e-26, 0.011064003763508062, 0.22128007527016122
1.2008661417322835, 0.0, 0.1, 0.8336638174874894, 5.569758906211649e-07, 1.0000000000000082, 2.752577996704567e-20, 8.373281592190957e-27, 1.3877787807814457e-17, 0.22234931747386216
1.2008661417322835, 0.1, 0.1, 0.8337269758854366, 1.273662911258976e-06, 0.999999999999997, 2.8535812129956475e-20, 7.898277503381977e-27, 0.011117465873693123, 0.22234931747386216
1.2165354330708662, 0.0, 0.1, 0.8394769798860692, 6.683566373026834e-07, 1.000000000000001, 1.3551063275521976e-20, 3.734757865511707e-27, 1.3877787807814457e-17, 0.22325931489572742
1.2165354330708662, 0.1, 0.1, 0.8395300616730773, 4.968139493883708e-07, 0.9999999999999973, 1.4043751497787526e-20, 3.526653746876083e-27, 0.011162965744786386, 0.22325931489572742
1.232204724409449, 0.0, 0.1, 0.8449669568174017, 4.863888147374298e-07, 1.0000000000000029, 6.6769351723231804e-21, 1.6746553093482295e-27, 7.523164742093657e-37, 0.22402416143945633
1.232204724409449, 0.1, 0.1, 0.8450108867442926, 1.5412221807104302e-06, 0.9999999999999968, 6.917577781604183e-21, 1.582941377252737e-27, 0.011201208071972817, 0.22402416143945633
1.2478740157480315, 0.0, 0.1, 0.8501587047066467, 6.811560782268719e-07, 1.0000000000000038, 3.292498905471433e-21, 7.545987831628448e-28, 1.3877787807814457e-17, 0.22465642433109162
1.2478740157480315, 0.1, 0.1, 0.8501944342484085, 2.290195446601198e-06, 0.9999999999999998, 3.4101569767570195e-21, 7.139523137409753e-28, 0.011232821216554596, 0.22465642433109162
1.2635433070866142, 0.0, 0.1, 0.8550758379394738, 9.910019311065163e-07, 1.0000000000000024, 1.6246941092187872e-21, 3.415515674118391e-28, 2.7755575615628914e-17, 0.2251674446908467
1.2635433070866142, 0.1, 0.1, 0.8551041332317202, 2.7709542420946975e-06, 1.0000000000000075, 1.6822789168715372e-21, 3.234459386279544e-28, 0.011258372234542364, 0.2251674446908467
1.279212598425197, 0.0, 0.1, 0.8597389263035807, 1.7854808834989415e-06, 0.9999999999999983, 8.022036686829379e-22, 1.5523862581910456e-28, 4.7019762822503786e-38, 0.2255674195427435
1.279212598425197, 0.1, 0.1, 0.8597605085102847, 1.7030645699371644e-06, 0.9999999999999998, 8.3041135227287255e-22, 1.471353615088146e-28, 0.011278370977137176, 0.2255674195427435
1.2948818897637795, 0.0, 0.1, 0.8641666317269001, 2.17094637005376e-06, 0.999999999999995, 3.963098059508874e-22, 7.082918045500083e-29, 0.0, 0.22586556730216595
1.2948818897637795, 0.1, 0.1, 0.8641821191982342, 2.2340097129605267e-06, 1.0000000000000107, 4.101383985356402e-22, 6.718667119924041e-29, 0.011293278365108298, 0.22586556730216595
1.3105511811023622, 0.0, 0.1, 0.8683754626750371, 2.2726504586975002e-08, 1.0000000000000013, 1.9588564020293432e-22, 3.243250623101552e-29, 1.3877787807814457e-17, 0.2260702406069997
1.3105511811023622, 0.1, 0.1, 0.8683857627071886, 2.52232304643924e-08, 0.9999999999999998, 2.026665716793177e-22, 3.078789647386516e-29, 0.01130351203035, 0.2260702406069997
1.326220472440945, 0.0, 0.1, 0.8723812859726205, 7.43011488955777e-07, 1.0000000000000022, 9.686154609020412e-23, 1.4899829137610025e-29, 1.3877787807814457e-17, 0.22618901268390565
1.326220472440945, 0.1, 0.1, 0.8723844790697055, 3.5532748060661314e-07, 0.9999999999999968, 1.0020067469939119e-22, 1.4156338322430972e-29, 0.011309450634195297, 0.22618901268390565
1.3418897637795275, 0.0, 0.1, 0.8761971329970164, 2.6281979795320977e-08, 0.9999999999999998, 4.791566670938259e-23, 6.866494740098182e-30, 1.3877787807814457e-17, 0.22622882252636167
1.3418897637795275, 0.1, 0.1, 0.8761958839701163, 4.475287332861663e-07, 0.9999999999999912, 4.9555669762287763e-23, 6.528428266263442e-30, 0.011311441126318099, 0.22622882252636167
1.3575590551181103, 0.0, 0.1, 0.8798388987493275, 1.7801836383638403e-06, 1.0000000000000033, 2.3707697441747115e-23, 3.173017803689191e-30, 1.3877787807814457e-17, 0.2261959350832968
1.3575590551181103, 0.1, 0.1, 0.8798335542495185, 1.7563454431835327e-07, 1.0000000000000084, 2.4513562638543e-23, 3.018825159160381e-30, 0.011309796754164854, 0.2261959350832968
1.373228346456693, 0.0, 0.1, 0.8833088936070641, 2.169594945863837e-06, 0.9999999999999992, 1.1737486600565607e-23, 1.4707423433732928e-30, 7.346840568450837e-40, 0.22609615900618668
1.373228346456693, 0.1, 0.1, 0.883299349420924, 2.892673948104838e-07, 1.000000000000002, 1.213409525823208e-23, 1.4002095005357775e-30, 0.011304807950309335, 0.22609615900618668
1.3888976377952755, 0.0, 0.1, 0.886627200941731, 6.579524686108995e-07, 0.9999999999999951, 5.811744901952892e-24, 6.833128565896146e-31, 4.3790577010150533e-47, 0.22593468570016054
1.3888976377952755, 0.1, 0.1, 0.8866158457596021, 1.092508086687805e-08, 0.9999999999999971, 6.006341212334141e-24, 6.508847971754007e-31, 0.011296734285008027, 0.22593468570016054
1.4045669291338583, 0.0, 0.1, 0.8897992881526322, 1.962387205044942e-06, 1.000000000000003, 2.878487100754622e-24, 3.1824122550419722e-31, 1.3877787807814457e-17, 0.22571641991520036
1.4045669291338583, 0.1, 0.1, 0.8897848976306231, 1.0727941152002548e-08, 0.9999999999999997, 2.974242176022405e-24, 3.0331639717467825e-31, 0.011285820995760032, 0.22571641991520036
1.420236220472441, 0.0, 0.1, 0.8928346859887918, 4.309473413611109e-08, 0.9999999999999908, 1.4260057559652197e-24, 1.4854857862569877e-31, 1.3877787807814457e-17, 0.22544578456969228
1.420236220472441, 0.1, 0.1, 0.8928173419686062, 1.8336846385112345e-08, 1.0000000000000007, 1.473157309319622e-24, 1.4166337464877897e-31, 0.011272289228484628, 0.22544578456969228
1.4359055118110238, 0.0, 0.1, 0.8957415069239122, 1.2816170101101871e-07, 1.0000000000000022, 7.065906695316902e-25, 6.94864189064484e-32, 1.3877787807814457e-17, 0.22512686253412562
1.4359055118110238, 0.1, 0.1, 0.8957214075146398, 3.036166332773435e-09, 0.9999999999999982, 7.298194542515321e-25, 6.630259368400678e-32, 0.011256343126706295, 0.22512686253412562
1.4515748031496063, 0.0, 0.1, 0.8985272578138053, 1.6522056578308789e-06, 1.0000000000000073, 3.5018291681978902e-25, 3.2568571716425377e-32, 2.295887130258674e-41, 0.22476341153967688
1.4515748031496063, 0.1, 0.1, 0.8985047014100436, 2.1819899275525806e-08, 1.000000000000008, 3.616287816463426e-25, 3.109281756922044e-32, 0.011238170576983845, 0.22476341153967688
1.467244094488189, 0.0, 0.1, 0.9011989423563536, 8.304685327307443e-09, 0.9999999999999832, 1.7357712814062074e-25, 1.5293788216400218e-32, 1.3877787807814457e-17, 0.22435890600949776
1.467244094488189, 0.1, 0.1, 0.9011739242835075, 6.912888973199731e-09, 0.9999999999999984, 1.7922091144457794e-25, 1.460846329999025e-32, 0.011217945300474902, 0.22435890600949776
1.4829133858267718, 0.0, 0.1, 0.9037629617220954, 2.5254222503858138e-08, 1.0000000000000029, 8.605051387688795e-26, 7.194574538855383e-33, 1.3877787807814457e-17, 0.223916517839439
1.4829133858267718, 0.1, 0.1, 0.9037362838303434, 6.406000012054038e-08, 1.0, 8.883103883680163e-26, 6.87540600184881e-33, 0.011195825891971965, 0.223916517839439
1.4985826771653543, 0.0, 0.1, 0.9062247779995971, 1.6745467321060247e-06, 0.9999999999999973, 4.2666166223335336e-26, 3.390323934236471e-33, 1.3877787807814457e-17, 0.22343927687409412
1.4985826771653543, 0.1, 0.1, 0.9061958262681435, 5.169932037658932e-07, 1.0000000000000053, 4.403845145695489e-26, 3.241545468958714e-33, 0.01117196384370472, 0.22343927687409412
1.514251968503937, 0.0, 0.1, 0.9085918376312485, 1.8686876234764756e-07, 1.0000000000000053, 2.1155701793955196e-26, 1.6000454280894396e-33, 1.3877787807814457e-17, 0.22292982635705583
1.514251968503937, 0.1, 0.1, 0.9085604120959635, 5.2452702189684536e-08, 0.9999999999999964, 2.1833564891442515e-26, 1.530608665298949e-33, 0.011146491317852806, 0.22292982635705583
1.5299212598425198, 0.0, 0.1, 0.9108661827752222, 1.179681847298512e-07, 1.0000000000000009, 1.049202628077934e-26, 7.563602418347267e-34, 0.0, 0.22239073746547341
1.5299212598425198, 0.1, 0.1, 0.9108341551337998, 1.7391972045802976e-07, 0.9999999999999976, 1.0825860070413042e-26, 7.238137338816457e-34, 0.011119536873273671, 0.22239073746547341
1.5455905511811023, 0.0, 0.1, 0.9130537232683473, 7.585566384619312e-07, 0.9999999999999991, 5.204105618022535e-27, 3.580692321809581e-34, 3.587324068671532e-43, 0.2218244578791692
1.5455905511811023, 0.1, 0.1, 0.9130198444035068, 5.988183337871039e-08, 0.9999999999999956, 5.3689961582972805e-27, 3.4281815978978213e-34, 0.01109122289395846, 0.2218244578791692
1.561259842519685, 0.0, 0.1, 0.9151606293720688, 3.725051136579477e-08, 0.9999999999999929, 2.5812932804577707e-27, 1.6973361078995444e-34, 0.0, 0.22123296305885504
1.561259842519685, 0.1, 0.1, 0.9151259946252979, 1.1250649508956414e-07, 1.0000000000000009, 2.6625884808809e-27, 1.6256600018883698e-34, 0.011061648152942753, 0.22123296305885504
1.5769291338582678, 0.0, 0.1, 0.9171904158655714, 2.473368694533828e-07, 0.9999999999999974, 1.2803994790850407e-27, 8.056015495084201e-35, 8.9683104389553e-44, 0.22061846836857682
1.5769291338582678, 0.1, 0.1, 0.9171529844711168, 1.971725026644664e-06, 1.0000000000000024, 1.3206638262804709e-27, 7.719761986895084e-35, 0.011030923418428842, 0.22061846836857682
1.5925984251968504, 0.0, 0.1, 0.9191466246356126, 7.044220544252302e-07, 0.9999999999999996, 6.351493836619682e-28, 3.8283119605178193e-35, 4.484154952201179e-44, 0.21998272937566446
1.5925984251968504, 0.1, 0.1, 0.9191069734972497, 1.4946660898088114e-06, 0.9999999999999949, 6.550770963902939e-28, 3.6702400930285673e-35, 0.010999136468783224, 0.21998272937566446
1.608267716535433, 0.0, 0.1, 0.9210312081130265, 5.874268338587566e-07, 0.9999999999999999, 3.1511740425936158e-28, 1.821604028110369e-35, 1.3877787807814457e-17, 0.21932752618865814
1.608267716535433, 0.1, 0.1, 0.9209909302900794, 7.425194330432045e-08, 0.9999999999999891, 3.2495179509934743e-28, 1.7470114271005658e-35, 0.010966376309432922, 0.21932752618865814
1.6239370078740158, 0.0, 0.1, 0.9228474840768367, 7.157742156842901e-09, 1.0000000000000049, 1.5636376731736378e-28, 8.678428160476137e-36, 2.242077576329266e-44, 0.21865434283307442
1.6239370078740158, 0.1, 0.1, 0.9228104292938523, 7.542833980203227e-07, 0.9999999999999926, 1.6117840025683867e-28, 8.323752561159731e-36, 0.010932717141653722, 0.21865434283307442
1.6396062992125986, 0.0, 0.1, 0.9246041212270473, 6.414824219849657e-07, 1.0000000000000098, 7.7572581878759e-29, 4.1379160419573964e-36, 3.3409558876152446e-52, 0.21796496819456868
1.6396062992125986, 0.1, 0.1, 0.9245642114273502, 7.408957456648472e-07, 0.9999999999999919, 7.996119121082671e-29, 3.970783361769725e-36, 0.010898248409728434, 0.21796496819456868
1.6552755905511811, 0.0, 0.1, 0.9262964487346882, 3.8252961357570786e-10, 0.9999999999999998, 3.8495142180689426e-29, 1.9755467665692918e-36, 2.802596928649634e-45, 0.21726082209269626
1.6552755905511811, 0.1, 0.1, 0.9262552937145724, 1.5107360092690093e-07, 0.9999999999999925, 3.9676679297787944e-29, 1.8964787296916024e-36, 0.010863041104634813, 0.21726082209269626
1.6709448818897639, 0.0, 0.1, 0.9279329840037114, 1.3491691640630913e-08, 1.0000000000000044, 1.9101286676148853e-29, 9.439852092188563e-37, 4.176194859519056e-53, 0.21654287831735092
1.6709448818897639, 0.1, 0.1, 0.9278914705399102, 1.0091899489687228e-08, 0.999999999999999, 1.968466156253065e-29, 9.064894469570379e-37, 0.010827143915867546, 0.21654287831735092
1.6866141732283466, 0.0, 0.1, 0.9295150551790363, 1.394516467485995e-07, 1.0, 9.47793580990018e-30, 4.514781672849788e-37, 2.7755575615628914e-17, 0.21581255671802177
1.6866141732283466, 0.1, 0.1, 0.9294723981435203, 1.1118700358889136e-07, 1.0000000000000007, 9.766557098425069e-30, 4.33704259740265e-37, 0.010790627835901116, 0.21581255671802177
1.7022834645669291, 0.0, 0.1, 0.9310456921396597, 1.333652910225089e-06, 0.999999999999998, 4.702628861615425e-30, 2.1610623769199203e-37, 0.0, 0.2150709262107809
1.7022834645669291, 0.1, 0.1, 0.9310015242109059, 2.0460929456838577e-07, 1.0000000000000016, 4.845575398244199e-30, 2.0767952538347513e-37, 0.010753546310539045, 0.2150709262107809
1.7179527559055119, 0.0, 0.1, 0.9325235134882177, 6.52550424092812e-07, 0.999999999999997, 2.333751526743425e-30, 1.0355217770485072e-37, 1.7516230804060213e-46, 0.21431912240228979
1.7179527559055119, 0.1, 0.1, 0.9324801744495729, 3.042400341974276e-07, 1.000000000000003, 2.4041871003582452e-30, 9.953567481526025e-38, 0.01071595612011449, 0.21431912240228979
1.7336220472440946, 0.0, 0.1, 0.9339546231951223, 9.24477033187308e-07, 1.0000000000000022, 1.158074588300887e-30, 4.965625146452719e-38, 8.758115663042285e-47, 0.2135582154919373
1.7336220472440946, 0.1, 0.1, 0.933909564950513, 6.574464854843684e-07, 1.0000000000000002, 1.1929981151790837e-30, 4.77492342679258e-38, 0.010677910774596865, 0.2135582154919373
1.7492913385826772, 0.0, 0.1, 0.9353389746426269, 3.99760672848449e-07, 0.9999999999999968, 5.7471236846110635e-31, 2.383228511083348e-38, 4.3790577010150533e-47, 0.21278888374183894
1.7492913385826772, 0.1, 0.1, 0.9352949766461026, 3.277802236457095e-07, 0.9999999999999918, 5.919158803395611e-31, 2.2921299048360077e-38, 0.010639444187091947, 0.21278888374183894
1.76496062992126, 0.0, 0.1, 0.9366800412538129, 3.952534590200208e-07, 0.9999999999999961, 2.8519963472125285e-31, 1.1446487268826753e-38, 2.1895288505075267e-47, 0.21201224040610733
1.76496062992126, 0.1, 0.1, 0.936635186954209, 2.423749381441072e-08, 0.9999999999999892, 2.9371535974014916e-31, 1.101253801288153e-38, 0.010600612020305367, 0.21201224040610733
1.7806299212598427, 0.0, 0.1, 0.937978629900679, 2.6204102526349357e-08, 0.9999999999999859, 1.4153500028995793e-31, 5.501934725871477e-39, 1.3877787807814457e-17, 0.21122894044893223
1.7806299212598427, 0.1, 0.1, 0.9379339758706852, 1.6385818580730596e-08, 0.9999999999999958, 1.4573999853392778e-31, 5.2946301164828374e-39, 0.010561447022446626, 0.21122894044893223
1.7962992125984252, 0.0, 0.1, 0.9392374381611301, 3.19519516739037e-08, 0.9999999999999959, 7.023677361807198e-32, 2.6463795832279286e-39, 1.3877787807814457e-17, 0.21043975893320221
1.7962992125984252, 0.1, 0.1, 0.9391928206728176, 7.380468623589257e-08, 1.000000000000011, 7.231424528740447e-32, 2.5473042618314697e-39, 0.010521987946660125, 0.21043975893320221
1.811968503937008, 0.0, 0.1, 0.940457743087682, 4.015150288020582e-08, 0.9999999999999974, 3.485479241447171e-32, 1.2737485846852672e-39, 0.0, 0.20964536714147441
1.811968503937008, 0.1, 0.1, 0.9404137630107765, 2.0101108404390589e-07, 1.0000000000000044, 3.5879677518843744e-32, 1.2263053045989645e-39, 0.01048226835707372, 0.20964536714147441
1.8276377952755907, 0.0, 0.1, 0.941639337763679, 6.761484201618587e-07, 1.0000000000000142, 1.7298789747911668e-32, 6.135649767180842e-40, 1.368455572350357e-48, 0.20884680586432675
1.8276377952755907, 0.1, 0.1, 0.9415939413661625, 4.5872502094041067e-07, 0.9999999999999901, 1.780728014379266e-32, 5.909216980473191e-40, 0.010442340293216338, 0.20884680586432675
1.8433070866141732, 0.0, 0.1, 0.9427878031203663, 8.149111489546805e-07, 1.0000000000000115, 8.583993928916104e-33, 2.9568720339530596e-40, 1.3877787807814457e-17, 0.208044082915661
1.8433070866141732, 0.1, 0.1, 0.9427419270405982, 2.3982323480548843e-07, 0.9999999999999979, 8.835653534551773e-33, 2.848545480389434e-40, 0.010402204145783064, 0.208044082915661
1.858976377952756, 0.0, 0.1, 0.9439014468501719, 1.965844465049956e-07, 1.0000000000000058, 4.2597605462211554e-33, 1.425924066929579e-40, 1.7105694654379464e-49, 0.20723808078200803
1.858976377952756, 0.1, 0.1, 0.9438555563006089, 1.0370318390553859e-07, 1.000000000000004, 4.384179066369485e-33, 1.3740123853520282e-40, 0.010361904039100402, 0.20723808078200803
1.8746456692913387, 0.0, 0.1, 0.9449829691552002, 7.899077995039311e-08, 1.000000000000017, 2.1137684303836188e-33, 6.880117692527758e-41, 1.3877787807814457e-17, 0.2064292324998062
1.8746456692913387, 0.1, 0.1, 0.944937350517786, 1.0155585863991601e-07, 1.0000000000000002, 2.1752354303656002e-33, 6.631045817151735e-41, 0.010321461624990324, 0.2064292324998062
1.8903149606299212, 0.0, 0.1, 0.9460329420386439, 7.278320206858194e-08, 0.9999999999999859, 1.048888402289719e-33, 3.321595424851629e-41, 1.3877787807814457e-17, 0.2056181490706066
1.8903149606299212, 0.1, 0.1, 0.9459873775631532, 5.2435583945920924e-08, 1.0000000000000007, 1.07927667555127e-33, 3.202069953764127e-41, 0.010280907453530344, 0.2056181490706066
1.905984251968504, 0.0, 0.1, 0.947051923812453, 2.3621299919353622e-07, 1.0000000000000053, 5.20503095248908e-34, 1.6045909641327877e-41, 2.1382117680737565e-50, 0.20480534636907494
1.905984251968504, 0.1, 0.1, 0.9470063754014778, 1.1272815044445791e-07, 1.0000000000000049, 5.355306073949761e-34, 1.5471989002804037e-41, 0.010240267318453747, 0.20480534636907494
1.9216535433070867, 0.0, 0.1, 0.9480449660629845, 9.328451947222021e-08, 0.9999999999999922, 2.5822827594853586e-34, 7.75354329592719e-42, 1.3877787807814457e-17, 0.20399093446332844
1.9216535433070867, 0.1, 0.1, 0.9479990520675372, 3.6972235502967384e-08, 0.9999999999999991, 2.6566665192012316e-34, 7.478114658134513e-42, 0.010199546723166437, 0.20399093446332844
1.9373228346456695, 0.0, 0.1, 0.9490074800129753, 6.11213147973288e-09, 0.9999999999999984, 1.2813508446899498e-34, 3.7493139647383167e-42, 5.345529420184391e-51, 0.20317577376283646
1.9373228346456695, 0.1, 0.1, 0.9489616725953823, 4.087000041127102e-08, 1.0000000000000062, 1.318131061545584e-34, 3.6168901498317516e-42, 0.010158788688141823, 0.20317577376283646
1.952992125984252, 0.0, 0.1, 0.9499438045371816, 5.952755733013854e-08, 0.9999999999999929, 6.357716990843906e-35, 1.8138145597580828e-42, 2.6727647100921956e-51, 0.20236000658497774
1.952992125984252, 0.1, 0.1, 0.9498978855864787, 1.0487630152166783e-08, 0.9999999999999899, 6.539703879152984e-35, 1.7501472381725745e-42, 0.010118000329248887, 0.20236000658497774
1.9686614173228347, 0.0, 0.1, 0.9508546106494411, 4.82863969059511e-07, 1.0000000000000073, 3.154380010871227e-35, 8.77865477812073e-43, 1.3877787807814457e-17, 0.20154402208642205
1.9686614173228347, 0.1, 0.1, 0.9508083669444684, 9.257376041458852e-08, 0.9999999999999998, 3.2444891430203004e-35, 8.472557379177654e-43, 0.010077201104321117, 0.20154402208642205
1.9843307086614175, 0.0, 0.1, 0.9517381679018534, 5.666041580833106e-09, 1.0000000000000062, 1.5653204134431214e-35, 4.251583471142611e-43, 1.3877787807814457e-17, 0.20072820314947454
1.9843307086614175, 0.1, 0.1, 0.9516935812818655, 2.3812295256081618e-07, 1.0000000000000009, 1.6096837797022195e-35, 4.103614959567166e-43, 0.010036410157473741, 0.20072820314947454
2.0, 0.0, 0.1, 0.9525999519339012, 8.957207402710133e-07, 0.9999999999999984, 7.76611366557068e-36, 2.0596054213062034e-43, 6.938893903907228e-18, 0.19991286202826608
2.0, 0.1, 0.1, 0.9525544614168947, 1.3034856038437891e-08, 1.0000000000000135, 7.986196215181419e-36, 1.9884920595064023e-43, 0.009995643101413312, 0.19991286202826608
